node_id,pid,title,body_region,thermal_material,area_m2,mass_kg,thickness_mm,density_kg_m3,specific_heat_J_kgK,emissivity,exposure_factor,centroid_x_m,centroid_y_m,centroid_z_m,min_x_m,min_y_m,min_z_m,max_x_m,max_y_m,max_z_m,evidence_geometry,evidence_thermal_properties
P2000006,2000006,12056_Front_Fender_Apron_Shock_Tower_Side_Bracket_RH,side_and_closure,steel,0.004003283825073853,0.03142577802682975,1.0,7850.000000000001,520.0,0.9,1.025183377456544,-0.9253502630267738,-0.47910995962447195,0.9195435155228675,-0.9686270599365234,-0.49797678375244137,0.8998760375976563,-0.8904909057617187,-0.451465576171875,0.937942642211914,derived_from_NHTSA_Venza_FE,engineering_reference_prior
P2000032,2000032,11310_Hood_Latch_and_Bracket_Assmebly_5,front_body,steel,0.0011125616013713986,0.01310041285614822,1.5,7850.000000000001,520.0,0.9,1.0104062849969049,-0.16344309382744446,-0.005827070647011694,0.2948692710048541,-0.16963298416137695,-0.013084615389506022,0.27409609222412107,-0.15626441955566406,0.005960389912128449,0.31171267700195315,derived_from_NHTSA_Venza_FE,engineering_reference_prior
P2000033,2000033,11311_Hood_Latch_and_Bracket_Assmebly_3,front_body,steel,0.03020557809220497,0.26082516682618995,1.1,7850.000000000001,520.0,0.9,0.9742618235962225,-0.17201630752298713,-0.0064121789389693104,0.5376814598566553,-0.19921028900146487,-0.01733359384536743,0.27264265950520833,-0.14873688507080077,0.017828213930130003,0.7817557830810548,derived_from_NHTSA_Venza_FE,engineering_reference_prior
P2000039,2000039,11317_Hood_Latch_brkt,front_body,steel,0.003282213357634202,0.03864806228614274,1.5,7850.000000000001,520.0,0.9,0.9728446433974799,-0.14654563435499948,0.012688426571592458,0.7843896809677824,-0.1545975456237793,-0.02228200387954712,0.7559832763671875,-0.10838420867919922,0.04691377512613932,0.8276595764160157,derived_from_NHTSA_Venza_FE,engineering_reference_prior
P2000040,2000040,11318_Hood_Latch_brkt,front_body,steel,0.0009701762581987645,0.013708590528348545,1.8,7850.000000000001,520.0,0.9,0.9700123311024014,-0.16982342758587207,-0.0023550229124614927,0.7875658881693768,-0.17013426971435547,-0.033953834533691406,0.7784302215576172,-0.169279655456543,0.029990292549133303,0.7989148966471353,derived_from_NHTSA_Venza_FE,engineering_reference_prior
P2000041,2000041,11319_Hood_Latch_brkt,front_body,steel,0.0005091720264639712,0.003997000407742174,1.0,7850.000000000001,520.0,0.9,0.9712825320503355,-0.1659784001024897,-0.013543906374868485,0.8013468136643744,-0.16646068954467774,-0.02517426872253418,0.7930718231201173,-0.16567048263549805,0.005471901575724284,0.8129598541259766,derived_from_NHTSA_Venza_FE,engineering_reference_prior
P2000045,2000045,11501_Front_Apron_To_Cowl_Side_Upper_Member_Outside_LH,side_and_closure,steel,0.0638588605101302,0.5012920550045221,1.0,7850.000000000001,520.0,0.9,1.0838774061178196,-0.8165559371939387,0.777645754297794,0.9039169292883018,-1.0330663757324219,0.7343601837158203,0.8545461120605469,-0.5539036407470704,0.8201011810302734,0.9690577087402343,derived_from_NHTSA_Venza_FE,engineering_reference_prior
P2000046,2000046,11502_Front_Apron_To_Cowl_Side_Upper_Member_Inside_LH,side_and_closure,steel,0.08748834985209758,0.6867835463389661,1.0,7850.000000000001,520.0,0.9,1.080619307290702,-0.8367484208497377,0.7523433783017488,0.9292600918621161,-1.0839090881347655,0.7321531575520833,0.8546886138916017,-0.5631465454101562,0.8219420928955078,0.9837018280029297,derived_from_NHTSA_Venza_FE,engineering_reference_prior
P2000047,2000047,11503_Front_Apron_To_Cowl_Side_Upper_Member_Inside_Reinforcement_LH,side_and_closure,steel,0.023550148665297376,0.18486866702258445,1.0,7850.000000000001,520.0,0.9,1.0727102149178553,-0.9347903058240491,0.745330274880098,0.9487048595375505,-1.0501704101562501,0.7340328369140625,0.8952774353027344,-0.8173277384440103,0.7823150024414062,0.9822374572753907,derived_from_NHTSA_Venza_FE,engineering_reference_prior
P2000048,2000048,11551_Front_Apron_To_Cowl_Side_Upper_Member_Outside_LH,side_and_closure,steel,0.0638588641979316,0.5012920839537632,1.0,7850.000000000001,520.0,0.9,1.0838537447071763,-0.8165558214700088,-0.7776458369718495,0.9039169310852981,-1.033066192626953,-0.820101303100586,0.8545461120605469,-0.5539035186767578,-0.7343603057861328,0.9690577087402343,derived_from_NHTSA_Venza_FE,engineering_reference_prior
P2000049,2000049,11552_Front_Apron_To_Cowl_Side_Upper_Member_Inside_LH,side_and_closure,steel,0.08748835057233029,0.6867835519927928,1.0,7850.000000000001,520.0,0.9,1.0805961912598492,-0.836748300954142,-0.7523434631373149,0.9292600936596369,-1.083908905029297,-0.8219422149658204,0.8546886138916016,-0.5631464233398438,-0.7321531575520833,0.9837018280029297,derived_from_NHTSA_Venza_FE,engineering_reference_prior
P2000050,2000050,11553_Front_Apron_To_Cowl_Side_Upper_Member_Inside_Reinforcement_LH,side_and_closure,steel,0.023550150893722133,0.18486868451571878,1.0,7850.000000000001,520.0,0.9,1.0726867579766288,-0.9347901964272022,-0.7453303949096358,0.9487048612443851,-1.0501703491210939,-0.7823151245117188,0.8952774353027344,-0.8173276163736978,-0.734032958984375,0.9822374572753907,derived_from_NHTSA_Venza_FE,engineering_reference_prior
P2000051,2000051,11601_Front_Side_Member_CUT-P_LH,side_and_closure,steel,0.046607027757691336,0.5122112350570279,1.4,7850.000000000001,520.0,0.9,1.1050290341782845,-0.28328722102245035,0.5393257749683334,0.5060692752032901,-0.4201830062866211,0.5325947875976562,0.4123835678100586,-0.14838450622558594,0.5596280975341797,0.5778267415364583,derived_from_NHTSA_Venza_FE,engineering_reference_prior
P2000052,2000052,11602_Front_Side_Member_CUT-P_Upper_Bracket_RH,side_and_closure,steel,0.0005557955133563748,0.007853390603725578,1.8,7850.000000000001,520.0,0.9,1.0957684926367868,-0.3228828881274764,0.5573721433451595,0.580775411886728,-0.32928844197591145,0.5473711547851563,0.5734527130126954,-0.31651181030273434,0.5630168914794922,0.5985053100585938,derived_from_NHTSA_Venza_FE,engineering_reference_prior
P2000053,2000053,11603_Front_Side_Member_CUT-P_Side_mounting_Bracket_LH,side_and_closure,steel,0.0033758555683225853,0.05300093242266459,2.0,7850.000000000001,520.0,0.9,1.1074602532246198,-0.3011997902593803,0.5404550597486953,0.46810198545553683,-0.3303108978271484,0.5392857869466146,0.44401022338867185,-0.2581130485534668,0.543497787475586,0.49185728454589844,derived_from_NHTSA_Venza_FE,engineering_reference_prior
P2000054,2000054,11651_Front_Side_Member_CUT-P_RH,side_and_closure,steel,0.04782740830503593,0.525623217272345,1.4,7850.000000000001,520.0,0.9,1.1046222451363226,-0.28358318472751914,-0.5369393100053824,0.5066613679362075,-0.42137822723388674,-0.5596277923583984,0.41225245666503907,-0.1491841735839844,-0.5295972290039063,0.5778307698567708,derived_from_NHTSA_Venza_FE,engineering_reference_prior
P2000055,2000055,11652_Front_Side_Member_CUT-P_Upper_Bracket_RH,side_and_closure,steel,0.0005670082011490427,0.008011825882235974,1.8,7850.000000000001,520.0,0.9,1.0957921179528487,-0.3228549113134718,-0.5574809524006002,0.5804424780348008,-0.32929036458333333,-0.5630168914794922,0.5730548706054688,-0.31651171875,-0.5473975677490235,0.5985053100585938,derived_from_NHTSA_Venza_FE,engineering_reference_prior
P2000056,2000056,11653_Front_Side_Member_CUT-P_Side_mounting_Bracket_RH,side_and_closure,steel,0.0031537288881429647,0.04951354354384455,2.0,7850.000000000001,520.0,0.9,1.1072975415760107,-0.3009069603086054,-0.5385688290908839,0.4677519717041247,-0.33032318115234377,-0.541361328125,0.4455578079223633,-0.2581592483520508,-0.5375868733723959,0.49044646453857427,derived_from_NHTSA_Venza_FE,engineering_reference_prior
P2000095,2000095,11801_Cowl_Top_Side_Connection_Panel_Lower_LH,side_and_closure,steel,0.024805557889913815,0.2920854441537352,1.5,7850.000000000001,520.0,0.9,1.0694140959414835,-1.0996101511120313,0.7729410793285943,0.98613258182293,-1.1747242126464843,0.7064112091064454,0.9216531829833985,-1.0256931915283203,0.8433690592447917,1.0183087615966797,derived_from_NHTSA_Venza_FE,engineering_reference_prior
P2000096,2000096,11805_Cowl_Top_Side_Connection_Panel_Lower_LH_brkt,side_and_closure,steel,0.0024094056009477715,0.028370750951160012,1.5,7850.000000000001,520.0,0.9,1.0780207864005251,-1.1032709325047503,0.805695224345964,0.9995651047529952,-1.1373222961425782,0.7898596801757812,0.985870864868164,-1.0700027160644532,0.8216359558105468,1.011789082845052,derived_from_NHTSA_Venza_FE,engineering_reference_prior
P2000097,2000097,11851_Cowl_Top_Side_Connection_Panel_Lower_LH,side_and_closure,steel,0.024805558334787585,0.2920854493921239,1.5,7850.000000000001,520.0,0.9,1.0693895215643394,-1.0996100075300144,-0.772941207956968,0.9861325808849718,-1.17472412109375,-0.8433691813151042,0.9216531829833985,-1.0256930084228517,-0.7064113311767578,1.0183087615966797,derived_from_NHTSA_Venza_FE,engineering_reference_prior
P2000098,2000098,11855_Cowl_Top_Side_Connection_Panel_Lower_LH_brkt,side_and_closure,steel,0.002409407935365313,0.028370778438926568,1.5,7850.000000000001,520.0,0.9,1.0779958414383792,-1.103270849483027,-0.8056953573478179,0.9995651218525959,-1.1373222045898437,-0.8216360778808594,0.9858708648681641,-1.0700026245117187,-0.7898598022460936,1.011789082845052,derived_from_NHTSA_Venza_FE,engineering_reference_prior
P2000099,2000099,11901_Cowl_Side_Reinforcement_Side_LH,side_and_closure,steel,0.036910320563136596,0.40564442298887127,1.4,7850.000000000001,520.0,0.9,1.06180371997659,-1.1174673444239966,0.805665803365926,0.9081762304706533,-1.2122721557617189,0.735771270751953,0.8232312469482421,-1.010713150024414,0.8503298492431641,1.0110704650878906,derived_from_NHTSA_Venza_FE,engineering_reference_prior
P2000100,2000100,11902_Cowl_Side_Reinforcement_Upper_Bracket_LH,side_and_closure,steel,0.00402091966433531,0.05681559485705795,1.8,7850.000000000001,520.0,0.9,1.075168760267083,-1.1773423466632882,0.80424508798672,1.0174345048657445,-1.207615966796875,0.7658690490722657,1.0085538330078125,-1.1525847473144533,0.8485618286132813,1.0353184509277344,derived_from_NHTSA_Venza_FE,engineering_reference_prior
P2000101,2000101,11951_Cowl_Side_Reinforcement_Side_LH,side_and_closure,steel,0.03687811197082884,0.405290450559409,1.4,7850.000000000001,520.0,0.9,1.0617636286194758,-1.1174127084818501,-0.8056430656155646,0.9080763261993252,-1.2122720642089844,-0.8503370513916015,0.8232312469482421,-1.0107130126953126,-0.7357713928222656,1.0106710968017578,derived_from_NHTSA_Venza_FE,engineering_reference_prior
P2000102,2000102,11952_Cowl_Side_Reinforcement_Upper_Bracket_LH,side_and_closure,steel,0.004047521473948037,0.057191478426885774,1.8,7850.000000000001,520.0,0.9,1.0751065564707896,-1.1773921026363094,-0.8043230572234809,1.0171930733307992,-1.2076051330566406,-0.8485545959472657,1.0082549591064454,-1.1526147766113282,-0.7658678741455078,1.0353192749023439,derived_from_NHTSA_Venza_FE,engineering_reference_prior
P2000104,2000104,12001_Front_Fender_Apron_Shock_Tower_Member_LH,front_body,steel,0.12393124848355776,0.7782882404767428,0.8,7850.000000000001,520.0,0.9,0.9623733586565558,-0.6151747639210864,0.646209004704583,0.7176630914721562,-0.7696676330566407,0.5194763997395833,0.5786015472412109,-0.438962272644043,0.7611625518798829,0.8684174499511719,derived_from_NHTSA_Venza_FE,engineering_reference_prior
P2000105,2000105,12002_Front_Fender_Apron_Shock_Tower_Hole_LH,front_body,steel,0.2251912579650043,1.767751375025284,1.0,7850.000000000001,520.0,0.9,0.9218774447144359,-0.9645764412608363,0.5877051468555141,0.8133073899922566,-1.1895365397135416,0.4945816802978516,0.6026346638997395,-0.7591436157226562,0.7555746765136719,0.981925277709961,derived_from_NHTSA_Venza_FE,engineering_reference_prior
P2000106,2000106,12004_Front_Fender_Apron_Shock_Tower_Upper_Bracket_LH,front_body,steel,0.017490940676742523,0.13730388431242885,1.0,7850.000000000001,520.0,0.9,0.939916217443772,-1.050503121860757,0.6661094453428511,0.9320639993967066,-1.1192735290527345,0.6004032135009766,0.9036153869628907,-1.002243438720703,0.7281926676432291,0.9791993408203126,derived_from_NHTSA_Venza_FE,engineering_reference_prior
P2000107,2000107,12005_Front_Fender_Apron_Shock_Tower_Lower_Bracket_LH,front_body,steel,0.04194225993774092,0.9877402215337989,3.0,7850.000000000001,520.0,0.9,0.9519455140845083,-0.9284239979296898,0.6457564011614494,0.9607682640854112,-1.0271744079589844,0.5232751922607422,0.9353460693359376,-0.8243824920654296,0.7311754455566406,0.9749948730468749,derived_from_NHTSA_Venza_FE,engineering_reference_prior
P2000108,2000108,12006_Front_Fender_Apron_Shock_Tower_Side_Bracket_LH,side_and_closure,steel,0.0035541618269951283,0.02790017034191176,1.0,7850.000000000001,520.0,0.9,1.0858472775072612,-0.9469060638319836,0.788663331959267,0.9854944024927786,-0.9809574737548828,0.7708465576171876,0.9627042236328125,-0.9207044372558595,0.8140059967041016,0.9983319091796875,derived_from_NHTSA_Venza_FE,engineering_reference_prior
P2000109,2000109,12007_Front_Fender_Apron_Front_Member_Bracket_LH,front_body,steel,0.048051507768527485,0.3772043359829408,1.0,7850.000000000001,520.0,0.9,0.9764193523220868,-0.4843620235502202,0.6221967629544323,0.5817850813405956,-0.5392482299804687,0.528319580078125,0.46362306213378907,-0.43806564331054687,0.7428801676432292,0.6923054656982421,derived_from_NHTSA_Venza_FE,engineering_reference_prior
P2000110,2000110,12008_-MIDPLANE-Front_Fender_Apron_Front_Member_Bracket_Inside_Bracket_RH,side_and_closure,steel,0.0022790917023161605,0.017890869863181863,1.0,7850.000000000001,520.0,0.9,1.085416163544737,-0.4861796530597616,0.6338657853893582,0.597930275181592,-0.5070093460083008,0.6160398712158204,0.5845396728515625,-0.46468774414062497,0.6441146850585938,0.6086118570963541,derived_from_NHTSA_Venza_FE,engineering_reference_prior
P2000111,2000111,12051_Front_Fender_Apron_Shock_Tower_Member_RH_new_ver_040611,front_body,steel,0.22479807787532818,1.7646649113213264,1.0,7850.000000000001,520.0,0.9,0.9216448394448232,-0.9651708023383099,-0.5866002952304971,0.8135220242130202,-1.191037394205729,-0.7544212188720703,0.603162612915039,-0.7553379720052082,-0.49385664367675786,0.9854708048502604,derived_from_NHTSA_Venza_FE,engineering_reference_prior
P2000112,2000112,12052_Front_Fender_Apron_Front_Member_RH_2,front_body,steel,0.012843269252404874,0.20163932726275655,2.0,7850.000000000001,520.0,0.9,0.9205456448104022,-0.8876421978998739,-0.4915046219289835,0.8611316984135816,-0.9834547882080078,-0.53424609375,0.8334850006103516,-0.8008931121826173,-0.45482460784912104,0.8919129638671875,derived_from_NHTSA_Venza_FE,engineering_reference_prior
P2000113,2000113,12053_Front_Fender_Apron_Front_Member_RH_new_ver_040611,front_body,steel,0.12342231906383631,0.7750921637208922,0.8,7850.000000000001,520.0,0.9,0.9618238821352691,-0.6139438888740119,-0.6414400173916583,0.7201925451715842,-0.7674256286621094,-0.7593565673828125,0.5807565104166666,-0.4389887619018555,-0.5196797790527343,0.8720390167236328,derived_from_NHTSA_Venza_FE,engineering_reference_prior
P2000114,2000114,12054_Front_Fender_Apron_Shock_Tower_Upper_Bracket_LH,front_body,steel,0.01782525620388205,0.1399282612004741,1.0,7850.000000000001,520.0,0.9,0.9401193167401833,-1.0500813848027513,-0.6661004097675932,0.9333435063800027,-1.1192733459472657,-0.7281851399739583,0.9036136474609375,-1.0022697448730469,-0.6004033355712891,0.9820941162109376,derived_from_NHTSA_Venza_FE,engineering_reference_prior
P2000115,2000115,12055_Front_Fender_Apron_Shock_Tower_Lower_Bracket_LH,front_body,steel,0.04194225990087816,0.9877402206656808,3.0,7850.000000000001,520.0,0.9,0.9519263349093987,-0.9284238749780609,-0.6457565240441012,0.9607682642749322,-1.0271743469238281,-0.7311755676269531,0.9353460693359374,-0.8243823699951172,-0.5232753143310547,0.974994873046875,derived_from_NHTSA_Venza_FE,engineering_reference_prior
P2000116,2000116,12056_Front_Fender_Apron_Shock_Tower_Side_Bracket_LH,side_and_closure,steel,0.0035541297227372065,0.027899918323487077,1.0,7850.000000000001,520.0,0.9,1.085823450403695,-0.9469061218384913,-0.788663483572354,0.9854945902522451,-0.9809573516845703,-0.814006362915039,0.9627042083740234,-0.9207043914794921,-0.7708466796875001,0.9983319091796876,derived_from_NHTSA_Venza_FE,engineering_reference_prior
P2000117,2000117,12057_Front_Fender_Apron_Front_Member_Bracket_RH,front_body,steel,0.04898780385333557,0.3845542602486843,1.0,7850.000000000001,520.0,0.9,0.9762875270634899,-0.4847530874400689,-0.6222636018741906,0.5831101941883328,-0.5403170979817709,-0.7419849395751953,0.46389451599121095,-0.43787445068359376,-0.5277792358398438,0.6940359497070312,derived_from_NHTSA_Venza_FE,engineering_reference_prior
P2000118,2000118,12058_-MIDPLANE-Front_Fender_Apron_Front_Member_Bracket_Inside_Bracket_RH,side_and_closure,steel,0.0022956313000807803,0.01802070570563413,1.0,7850.000000000001,520.0,0.9,1.0853818407407827,-0.4861474654681991,-0.6338106929153521,0.5981100357488072,-0.5070114517211914,-0.6441146850585938,0.5845396728515625,-0.4646908416748047,-0.6159099578857422,0.6090972290039063,derived_from_NHTSA_Venza_FE,engineering_reference_prior
P2000119,2000119,12059_Front_Fender_Apron_Front_Member_RH,front_body,steel,0.029658581792027884,0.18625589365393513,0.8,7850.000000000001,520.0,0.9,0.9330574028883478,-0.8867338741692854,-0.5124920530068462,0.9344534745956531,-0.9847069244384766,-0.6181856689453125,0.8740702362060547,-0.7913906860351562,-0.4530300750732422,0.9740189056396484,derived_from_NHTSA_Venza_FE,engineering_reference_prior
P2000120,2000120,12101_A-Pillar_(Front_Hinge_Pillar)_Outer_Panel_LH---Full_Bodyside_Outer,side_and_closure,steel,2.47905110644607,15.568440948481323,0.8,7850.000000000001,520.0,0.9,1.0042672864975504,-2.8725877865825034,0.7830656466943723,0.9346649173053331,-4.46860302734375,0.5283304290771484,0.23847169876098634,-1.1030517985026043,0.9532736053466797,1.546293182373047,derived_from_NHTSA_Venza_FE,engineering_reference_prior
P2000124,2000124,12111_A-Pillar_(Front_Hinge_Pillar)_Outer_Reinf,side_and_closure,steel,0.17753966016861503,2.648004031414893,1.9,7850.000000000001,520.0,0.9,1.0716349945968096,-1.4409204475191608,0.778682059755516,1.1060562126711497,-1.8087598876953126,0.6461710052490235,0.8837879028320313,-1.1449409484863282,0.8561810607910156,1.3808935241699218,derived_from_NHTSA_Venza_FE,engineering_reference_prior
P2000125,2000125,12112_A-Pillar_(Front_Hinge_Pillar)_Outer_Reinf,side_and_closure,steel,0.008935233830227079,0.14028317113456515,2.0,7850.000000000001,520.0,0.9,1.0812501125273477,-1.2469646757111863,0.8080482485939461,1.0671469761881018,-1.3274348754882812,0.7811787567138673,0.994351791381836,-1.1905723876953125,0.8292534332275391,1.1326134948730469,derived_from_NHTSA_Venza_FE,engineering_reference_prior
P2000126,2000126,12113_A-Pillar_(Front_Hinge_Pillar)_Outer_Reinf,side_and_closure,steel,0.0034606637901872534,0.027166210752969943,1.0,7850.000000000001,520.0,0.9,1.041258433070039,-1.5101491820787376,0.8094374107240014,0.9622063198428894,-1.5286558837890625,0.7922720336914062,0.9320974884033203,-1.4838691711425782,0.8241217041015626,0.9951465759277344,derived_from_NHTSA_Venza_FE,engineering_reference_prior
P2000127,2000127,12114_A-Pillar_(Front_Hinge_Pillar)_Outer_Reinf,side_and_closure,steel,0.01166327161252664,0.12817935502166777,1.4,7850.000000000001,520.0,0.9,1.052891716205614,-1.2405662816199554,0.7971262993988293,0.9300412826757724,-1.3010215759277344,0.7593317260742187,0.9102049102783204,-1.1745376892089845,0.8327089843750001,0.9378435516357423,derived_from_NHTSA_Venza_FE,engineering_reference_prior
P2000128,2000128,12115_A-Pillar_(Front_Hinge_Pillar)_Outer_Reinf,side_and_closure,steel,0.007341116691819666,0.07491609584001971,1.3,7850.000000000001,520.0,0.9,1.0167517571844003,-1.4056370548120611,0.7785771223677074,0.7455598191639905,-1.4716618957519532,0.7485148773193361,0.7191209716796875,-1.2892932739257812,0.8211846618652343,0.7748627777099609,derived_from_NHTSA_Venza_FE,engineering_reference_prior
P2000129,2000129,12116_A-Pillar_(Front_Hinge_Pillar)_Outer_Reinf,side_and_closure,steel,0.24899658899311042,3.1273971577534674,1.6,7850.000000000001,520.0,0.9,1.0233884727088214,-1.42325277671483,0.812977328140892,0.6485319086643992,-1.6153511047363283,0.7444546051025391,0.2414142532348633,-1.2737549743652345,0.8629942474365234,0.9907466430664063,derived_from_NHTSA_Venza_FE,engineering_reference_prior
P2000130,2000130,12117_A-Pillar_(Front_Hinge_Pillar)_Outer_Reinf,side_and_closure,steel,0.03685065899211686,0.2892776730881174,1.0,7850.000000000001,520.0,0.9,1.0463730847651393,-1.4452365326042715,0.8330337641305952,0.45430284413332656,-1.53592626953125,0.7850232238769531,0.35450408935546873,-1.3844248962402343,0.8601721343994141,0.567243881225586,derived_from_NHTSA_Venza_FE,engineering_reference_prior
P2000131,2000131,12122_A-Pillar_(Front_Hinge_Pillar)_Inner_reinf,side_and_closure,steel,0.10244294245026146,1.206265647351829,1.5,7850.000000000001,520.0,0.9,1.0914226273662673,-1.6142753623461343,0.7055404595898768,1.2504454059666752,-2.08290185546875,0.5862846374511719,1.0284244384765624,-1.1752396545410155,0.8138132781982422,1.4628521728515627,derived_from_NHTSA_Venza_FE,engineering_reference_prior
P2000132,2000132,12123_A-Pillar_(Front_Hinge_Pillar)_Inner_reinf,side_and_closure,steel,0.016461925941589975,0.10338089491318507,0.8,7850.000000000001,520.0,0.9,1.0636776639277383,-1.5582785347894839,0.7738565693085364,1.10650663526387,-1.6022186584472655,0.7245047607421875,0.9820556030273437,-1.5065466003417969,0.8164788970947267,1.2037394409179687,derived_from_NHTSA_Venza_FE,engineering_reference_prior
P2000133,2000133,12124_A-Pillar_(Front_Hinge_Pillar)_Inner_reinf,side_and_closure,steel,0.028780445253306457,0.3840750419053747,1.7,7850.000000000001,520.0,0.9,1.0807219651254067,-1.409328031054829,0.7524014961061438,1.150637175913141,-1.6437457275390623,0.7006004028320312,1.0075507354736328,-1.2072019958496094,0.7911824493408204,1.279816375732422,derived_from_NHTSA_Venza_FE,engineering_reference_prior
P2000134,2000134,12125_A-Pillar_(Front_Hinge_Pillar)_Inner_reinf,side_and_closure,steel,0.2501944300890659,1.767623648579251,0.9,7850.000000000001,520.0,0.9,1.010725103369014,-1.4201659383237555,0.7608745862790258,0.6697108417007623,-1.7464958801269532,0.7368074798583985,0.20308208465576172,-1.1485552571614583,0.8208102111816405,1.0456094665527345,derived_from_NHTSA_Venza_FE,engineering_reference_prior
P2000136,2000136,12151_A-Pillar_(Front_Hinge_Pillar)_Outer_Panel_LH---Full_Bodyside_Outer,side_and_closure,steel,2.4837552818878095,15.597983170255446,0.8,7850.000000000001,520.0,0.9,1.0043938293633352,-2.874755993057588,-0.7834607078692342,0.9345855279368243,-4.46860302734375,-0.9532742156982423,0.23847169876098634,-1.1030516764322917,-0.528331039428711,1.5462931823730468,derived_from_NHTSA_Venza_FE,engineering_reference_prior
P2000137,2000137,12161_A-Pillar_(Front_Hinge_Pillar)_Outer_Reinf,side_and_closure,steel,0.17755858913127362,2.6482863568929464,1.9,7850.000000000001,520.0,0.9,1.0716051770164698,-1.4409705641340513,-0.7787028573840677,1.1060329227396726,-1.8088041076660155,-0.8561822052001954,0.8837879028320312,-1.1449407958984374,-0.6461712493896485,1.3808935241699218,derived_from_NHTSA_Venza_FE,engineering_reference_prior
P2000138,2000138,12162_A-Pillar_(Front_Hinge_Pillar)_Outer_Reinf,side_and_closure,steel,0.009045473777204724,0.1420139383021142,2.0,7850.000000000001,520.0,0.9,1.0813433004287951,-1.2467295747106333,-0.8083336760958513,1.0673432517572423,-1.3274066162109375,-0.8297497253417969,0.9943524169921876,-1.190572265625,-0.7811966094970703,1.133043701171875,derived_from_NHTSA_Venza_FE,engineering_reference_prior
P2000139,2000139,12163_A-Pillar_(Front_Hinge_Pillar)_Outer_Reinf,side_and_closure,steel,0.0034602140771748725,0.027162680505822753,1.0,7850.000000000001,520.0,0.9,1.0412301048010335,-1.510146728362566,-0.8094369160988122,0.962205711176602,-1.5286585693359376,-0.8241219482421875,0.9320974884033203,-1.4838689270019532,-0.7922722778320312,0.9951465759277344,derived_from_NHTSA_Venza_FE,engineering_reference_prior
P2000140,2000140,12164_A-Pillar_(Front_Hinge_Pillar)_Outer_Reinf,side_and_closure,steel,0.011664663601449044,0.12819465297992502,1.4,7850.000000000001,520.0,0.9,1.0528676872793294,-1.2406155583296432,-0.7971629489283306,0.9300349269903507,-1.3010215148925781,-0.8327091064453125,0.9102049102783203,-1.1747332458496094,-0.7594337463378906,0.9378480529785157,derived_from_NHTSA_Venza_FE,engineering_reference_prior
P2000141,2000141,12165_A-Pillar_(Front_Hinge_Pillar)_Outer_Reinf,side_and_closure,steel,0.007340403377562831,0.07490881646802872,1.3,7850.000000000001,520.0,0.9,1.016721568988649,-1.405637773374568,-0.77857526213761,0.7455595702254236,-1.4716650695800781,-0.8211854705810546,0.7191210021972656,-1.2892931213378906,-0.7485149993896485,0.7748637237548828,derived_from_NHTSA_Venza_FE,engineering_reference_prior
P2000142,2000142,12166_A-Pillar_(Front_Hinge_Pillar)_Outer_Reinf,side_and_closure,steel,0.24911636881494342,3.1289015923156898,1.6,7850.000000000001,520.0,0.9,1.0233557817822294,-1.4232493926556726,-0.8129875221878934,0.6486799146525258,-1.615350860595703,-0.862994369506836,0.24141425323486326,-1.273754913330078,-0.7444547271728517,0.9907466430664063,derived_from_NHTSA_Venza_FE,engineering_reference_prior
P2000143,2000143,12167_A-Pillar_(Front_Hinge_Pillar)_Outer_Reinf,side_and_closure,steel,0.03685205132468009,0.28928860289873876,1.0,7850.000000000001,520.0,0.9,1.046343282067339,-1.4452376907125186,-0.8330359334326659,0.4543126810680851,-1.5359167073567708,-0.8601722564697266,0.35450408935546873,-1.384424774169922,-0.7850233459472656,0.567243881225586,derived_from_NHTSA_Venza_FE,engineering_reference_prior
P2000144,2000144,12171_A-Pillar_(Front_Hinge_Pillar)_Inner_reinf,side_and_closure,steel,0.06753320850075695,0.6891763927502248,1.3,7850.000000000001,520.0,0.9,1.0865751478024313,-1.9483610062699885,-2.340775097089926e-05,1.4255310736387168,-2.0452926635742186,-0.6398650512695313,1.3775631408691407,-1.8683364664713542,0.6398648071289061,1.4575832824707031,derived_from_NHTSA_Venza_FE,engineering_reference_prior
P2000145,2000145,12172_A-Pillar_(Front_Hinge_Pillar)_Inner_reinf,side_and_closure,steel,0.10243627966173934,1.2061871930169807,1.5,7850.000000000001,520.0,0.9,1.0914005042021473,-1.6142646134638499,-0.7055408577215571,1.2504402410194555,-2.08290185546875,-0.8138134002685546,1.0284244384765626,-1.1752395629882812,-0.5862848815917969,1.4628521728515627,derived_from_NHTSA_Venza_FE,engineering_reference_prior
P2000146,2000146,12173_A-Pillar_(Front_Hinge_Pillar)_Inner_reinf,side_and_closure,steel,0.016461276463855323,0.10337681619301144,0.8,7850.000000000001,520.0,0.9,1.0636529424124594,-1.5582783707809902,-0.7738554826933431,1.1065087966897187,-1.6022184143066407,-0.8164791412353516,0.9820556030273437,-1.5065463562011718,-0.7245050048828126,1.203739440917969,derived_from_NHTSA_Venza_FE,engineering_reference_prior
P2000147,2000147,12174_A-Pillar_(Front_Hinge_Pillar)_Inner_reinf,side_and_closure,steel,0.028781309082574157,0.38408656970695215,1.7,7850.000000000001,520.0,0.9,1.0806990725015795,-1.4093439386887932,-0.7523970497826638,1.1506445947800552,-1.6437454833984373,-0.7911824188232421,1.0075475463867187,-1.207201904296875,-0.7006006469726562,1.279816375732422,derived_from_NHTSA_Venza_FE,engineering_reference_prior
P2000148,2000148,12175_A-Pillar_(Front_Hinge_Pillar)_Inner_reinf,side_and_closure,steel,0.2502087292954341,1.7677246724722422,0.9,7850.000000000001,520.0,0.9,1.0106952485629845,-1.420153059645421,-0.7608709389598073,0.6697285322503472,-1.7464956359863282,-0.8208104553222656,0.20308208465576172,-1.14855517578125,-0.7368076019287109,1.0456094665527345,derived_from_NHTSA_Venza_FE,engineering_reference_prior
P2000150,2000150,12201_Fender_Outer_Panel,body_structure,steel,0.4840802529939313,3.4200269874021254,0.9,7850.000000000001,520.0,0.9,0.5953748208334887,-1.0022512852581604,0.895696870620145,0.830680488424844,-1.44109228515625,0.7279586486816406,0.2501956634521484,-0.36888574218750003,0.9541467742919922,1.1298273010253905,derived_from_NHTSA_Venza_FE,engineering_reference_prior
P2000151,2000151,12251_Fender_Outer_Panel,body_structure,steel,0.48410610487770267,3.42020963096097,0.9,7850.000000000001,520.0,0.9,0.5953586223897112,-1.002276286874549,-0.8956891960477201,0.8307025253794075,-1.441092041015625,-0.9541468963623047,0.2501956634521484,-0.36870700073242185,-0.7279586486816406,1.1298266906738281,derived_from_NHTSA_Venza_FE,engineering_reference_prior
P2000191,2000191,13201_BIW_B-Pillar_Inner_Panel_LH,side_and_closure,steel,0.26621059266994596,3.3436050439345215,1.6,7850.000000000001,520.0,0.9,0.9668743546034333,-2.4817947776920963,0.7461468574182063,0.8021035229422313,-2.6413096923828125,0.6038635253906249,0.20762510681152346,-2.1998499145507813,0.7879487762451173,1.4390528564453124,derived_from_NHTSA_Venza_FE,engineering_reference_prior
P2000192,2000192,13202_BIW_B-Pillar_Retractor_Support_Bracket_LH,side_and_closure,steel,0.00756843763919578,0.12476569448214248,2.1,7850.000000000001,520.0,0.9,1.0140966477934388,-2.4445141236594212,0.7598379506238961,0.35584561385542773,-2.4941787719726562,0.7364230753580729,0.3224985580444336,-2.3975884399414062,0.7656646881103516,0.4128187154134115,derived_from_NHTSA_Venza_FE,engineering_reference_prior
P2000193,2000193,13203_BIW_B-Pillar_Middle_Panel_Bottom,side_and_closure,steel,0.1707379008122295,2.0104387820640026,1.5,7850.000000000001,520.0,0.9,1.0041792617139889,-2.441833991681717,0.813321402975955,0.45722548115151446,-2.6102603352864584,0.766039291381836,0.242369384765625,-2.234259440104166,0.8564507141113281,0.7094378662109375,derived_from_NHTSA_Venza_FE,engineering_reference_prior
P2000194,2000194,13204_BIW_B-Pillar_Middle_Panel_Reinforcement_LH,side_and_closure,steel,0.12125351202295741,1.9988641456984533,2.1,7850.000000000001,520.0,0.9,1.0321655212642322,-2.523703335007452,0.7832296866823271,1.0812001938846907,-2.5932736816406248,0.6249442749023437,0.7394429626464843,-2.455107849121094,0.8624598236083985,1.4565600280761717,derived_from_NHTSA_Venza_FE,engineering_reference_prior
P2000195,2000195,13205_BIW_B-Pillar_D-Ring_Support_Bracket_LH,side_and_closure,steel,0.006835061789520328,0.11267599360024265,2.1,7850.000000000001,520.0,0.9,1.109891357196251,-2.55701578745635,0.6554564982379957,1.378396038379125,-2.6134392089843748,0.6396443634033203,1.3489624837239584,-2.4977734985351563,0.6746342010498048,1.407880828857422,derived_from_NHTSA_Venza_FE,engineering_reference_prior
P2000196,2000196,13206_BIW_B-Pillar_D-Ring_Reinforcement_Bracket_LH,side_and_closure,steel,0.010771876805996585,0.13529477268331713,1.6,7850.000000000001,520.0,0.9,1.051532710095635,-2.531867395890468,0.7330080388799523,1.1795845114018169,-2.5979449462890627,0.7108236694335938,1.1454757385253906,-2.4616491088867187,0.7616547851562501,1.216580047607422,derived_from_NHTSA_Venza_FE,engineering_reference_prior
P2000197,2000197,13207_BIW_B-Pillar_Retractor_Reinforcement_LH,side_and_closure,steel,0.010176160678288736,0.16775400878158986,2.1,7850.000000000001,520.0,0.9,0.9900396251559346,-2.4763081644306593,0.8425606854094897,0.6402683406691758,-2.536169067382813,0.8173050079345704,0.6090668334960938,-2.4132611083984377,0.8520530242919921,0.6708052062988282,derived_from_NHTSA_Venza_FE,engineering_reference_prior
P2000198,2000198,13211_BIW_B-Pillar_Middle_Panel,side_and_closure,steel,0.19344271792576126,3.1889032050061754,2.1,7850.000000000001,520.0,0.9,1.0293920902475269,-2.520911981574736,0.7711944893595363,1.0809014653036357,-2.665985290527344,0.6097191314697266,0.6967294769287109,-2.3814072265625,0.86852978515625,1.5188692321777344,derived_from_NHTSA_Venza_FE,engineering_reference_prior
P2000199,2000199,13220_BIW_B-Pillar_Middle_Panel_Inside_Reinforcement_LH,side_and_closure,steel,0.04272781635259466,0.7043680525725231,2.1,7850.000000000001,520.0,0.9,1.048033012946739,-2.529194776444421,0.7701437759029968,1.1449539799952348,-2.5824093627929687,0.6945894317626953,1.0301128845214844,-2.4715079345703126,0.8232919921875,1.2851393636067707,derived_from_NHTSA_Venza_FE,engineering_reference_prior
P2000200,2000200,13230_BIW_B-Pillar_Inner_Support_Bracket_LH,side_and_closure,steel,0.0018020501809346112,0.03168725038155421,2.24,7850.000000000001,520.0,0.9,0.9688116084222081,-2.4221237368043154,0.7638665954609215,0.7667832747759641,-2.439973815917969,0.7602508544921875,0.7409802246093751,-2.405894165039063,0.7735453186035157,0.7929523468017579,derived_from_NHTSA_Venza_FE,engineering_reference_prior
P2000201,2000201,13251_BIW_B-Pillar_Inner_Panel_LH,side_and_closure,steel,0.2662107327741626,3.3436068036434823,1.6,7850.000000000001,520.0,0.9,0.9668394675687191,-2.481794691686984,-0.7461472335575178,0.8021035470226985,-2.6413096923828125,-0.7879491424560546,0.20762510681152344,-2.1998497314453127,-0.6038638916015626,1.4390528564453127,derived_from_NHTSA_Venza_FE,engineering_reference_prior
P2000202,2000202,13252_BIW_B-Pillar_Retractor_Support_Bracket_LH,side_and_closure,steel,0.007568460075015237,0.12476606433662622,2.1,7850.000000000001,520.0,0.9,1.0140674742421834,-2.4445139773399003,-0.7598383214919335,0.3558456009136748,-2.4941787719726562,-0.7656650543212891,0.3224985580444336,-2.3975880737304687,-0.7364234415690104,0.4128187154134114,derived_from_NHTSA_Venza_FE,engineering_reference_prior
P2000203,2000203,13253_BIW_B-Pillar_Middle_Panel_Bottom,side_and_closure,steel,0.17073490785854312,2.0104035400343454,1.5,7850.000000000001,520.0,0.9,1.0041467417359777,-2.441833497308891,-0.8133220902338256,0.4572262790084369,-2.610242065429688,-0.8564510803222657,0.242369384765625,-2.2342591959635416,-0.7660396575927735,0.7094378662109375,derived_from_NHTSA_Venza_FE,engineering_reference_prior
P2000204,2000204,13254_BIW_B-Pillar_Middle_Panel_Reinforcement_LH,side_and_closure,steel,0.12123993356370573,1.9986403047976893,2.1,7850.000000000001,520.0,0.9,1.0321443968440553,-2.5237037155280984,-0.7832241838898337,1.0812301833435325,-2.5932736816406248,-0.8624683074951172,0.7396396026611328,-2.4551078491210934,-0.6249446411132813,1.456560028076172,derived_from_NHTSA_Venza_FE,engineering_reference_prior
P2000205,2000205,13255_BIW_B-Pillar_D-Ring_Support_Bracket_LH,side_and_closure,steel,0.006835061789520333,0.1126759936002427,2.1,7850.000000000001,520.0,0.9,1.1098728876304913,-2.5570157874563484,-0.655456864448933,1.3783960383791252,-2.613439208984375,-0.6746345672607422,1.3489624837239582,-2.4977734985351563,-0.6396447296142578,1.407880828857422,derived_from_NHTSA_Venza_FE,engineering_reference_prior
P2000206,2000206,13256_BIW_B-Pillar_D-Ring_Reinforcement_Bracket_LH,side_and_closure,steel,0.010771876805996578,0.13529477268331705,1.6,7850.000000000001,520.0,0.9,1.0515080573592357,-2.5318673958904676,-0.7330084050908906,1.1795845114018175,-2.5979449462890627,-0.7616551513671875,1.1454757385253906,-2.4616491088867187,-0.7108240356445312,1.2165800476074218,derived_from_NHTSA_Venza_FE,engineering_reference_prior
P2000207,2000207,13257_BIW_B-Pillar_Retractor_Reinforcement_LH,side_and_closure,steel,0.010176147806018146,0.16775379658220918,2.1,7850.000000000001,520.0,0.9,0.9900040657818955,-2.476307455958781,-0.8425611051595789,0.6402677942479389,-2.536169067382813,-0.8520533905029297,0.6090668334960938,-2.413260803222656,-0.8173053741455079,0.6708052062988281,derived_from_NHTSA_Venza_FE,engineering_reference_prior
P2000208,2000208,13261_BIW_B-Pillar_Middle_Panel,side_and_closure,steel,0.1934427847465424,3.188904306546752,2.1,7850.000000000001,520.0,0.9,1.029364092237848,-2.52091193391366,-0.771194864143131,1.0809014405379245,-2.665985290527344,-0.8685301513671875,0.696729476928711,-2.381407043457031,-0.6097194976806641,1.5188692321777344,derived_from_NHTSA_Venza_FE,engineering_reference_prior
P2000209,2000209,13270_BIW_B-Pillar_Middle_Panel_Inside_Reinforcement_LH,side_and_closure,steel,0.04272781635259469,0.7043680525725237,2.1,7850.000000000001,520.0,0.9,1.0480068070155035,-2.529194776444418,-0.7701441421139339,1.1449539799952344,-2.5824093627929687,-0.8232923583984375,1.0301128845214844,-2.471507934570312,-0.6945897979736327,1.285139363606771,derived_from_NHTSA_Venza_FE,engineering_reference_prior
P2000210,2000210,13280_BIW_B-Pillar_Inner_Support_Bracket_LH,side_and_closure,steel,0.0018020443693029873,0.03168714818982373,2.24,7850.000000000001,520.0,0.9,0.9687762060850111,-2.422123504564811,-0.7638669691234926,0.766783265636454,-2.4399733886718753,-0.7735456848144532,0.7409802246093751,-2.4058938598632813,-0.760251220703125,0.7929523468017577,derived_from_NHTSA_Venza_FE,engineering_reference_prior
P2000211,2000211,14102_BIW_C-Pillar_Inner_Upper_Panel_LH,side_and_closure,steel,0.17849101777970444,1.261039040613612,0.9,7850.000000000001,520.0,0.9,1.125,-3.748344053843263,0.6741428393542662,1.3207258219920508,-4.055377746582031,0.5341761627197266,1.0602257080078126,-3.4449060058593752,0.781222396850586,1.5020606079101562,derived_from_NHTSA_Venza_FE,engineering_reference_prior
P2000212,2000212,14103_BIW_C-Pillar_Inner_Lower_Panel_LH,side_and_closure,steel,0.5318600862630689,3.7575915094485826,0.9,7850.000000000001,520.0,0.9,1.0419698028176194,-3.6400756800628633,0.8303594694123628,0.7449614889290022,-4.164883178710937,0.7399031066894532,0.2079338150024414,-3.0768027343749997,0.9492938079833985,1.0725274658203126,derived_from_NHTSA_Venza_FE,engineering_reference_prior
P2000213,2000213,14104_BIW_C-Pillar_Inner_Upper_Panel_LH_brkt,side_and_closure,steel,0.0258846423650708,0.1828749983092252,0.9,7850.000000000001,520.0,0.9,1.1089048904200447,-4.126303452078218,0.754044417745207,1.0466198012833614,-4.2373813476562505,0.7384172058105469,0.9672896423339844,-4.0367650756835936,0.7744442443847657,1.1634260253906252,derived_from_NHTSA_Venza_FE,engineering_reference_prior
P2000214,2000214,14152_BIW_C-Pillar_Inner_Upper_Panel_RH,side_and_closure,steel,0.20167415269657463,1.4248278888013,0.9,7850.000000000001,520.0,0.9,1.125,-3.7934932427979757,-0.6851692665510897,1.2879779384774828,-4.236977294921875,-0.7805724182128907,0.9670537567138672,-3.4434001464843753,-0.5373440399169922,1.5011922302246092,derived_from_NHTSA_Venza_FE,engineering_reference_prior
P2000215,2000215,14153_BIW_C-Pillar_Inner_Lower_Panel_RH,side_and_closure,steel,0.49440191785619225,3.492949549653999,0.9,7850.000000000001,520.0,0.9,1.039106158487453,-3.6097149990079163,-0.8312002668170393,0.72766712573848,-4.167213500976562,-0.9488001708984375,0.20767086029052734,-3.0763417154947916,-0.73902685546875,1.0661521911621095,derived_from_NHTSA_Venza_FE,engineering_reference_prior
P2000216,2000216,14201_BIW_C-Pillar_Body_Reinf_Outer_LH,side_and_closure,steel,0.12007012499914069,1.3195706737405564,1.4,7850.000000000001,520.0,0.9,1.048022952466809,-3.0220759933880927,0.7998508431695033,0.30733826720235047,-3.22298583984375,0.7635879364013672,0.20900469207763672,-2.7850151367187506,0.8643292999267578,0.46326425170898433,derived_from_NHTSA_Venza_FE,engineering_reference_prior
P2000217,2000217,14202_BIW_C-Pillar_Body_Reinf_Inner_LH,side_and_closure,steel,0.022841877197905064,0.2510322304049767,1.4,7850.000000000001,520.0,0.9,1.0412324022294857,-2.933879607868625,0.7618413984014353,0.29057205394582425,-3.0001815185546876,0.7598121185302735,0.20885360336303713,-2.8640323486328123,0.7646065979003906,0.40264099884033205,derived_from_NHTSA_Venza_FE,engineering_reference_prior
P2000218,2000218,14203_BIW_C-Pillar_Inner_Reinf_1_LH,side_and_closure,steel,0.03149263007818751,0.247217146113772,1.0,7850.000000000001,520.0,0.9,1.1148791309160693,-3.940051723125994,0.7623229858038997,1.1419909383292466,-4.104685709635417,0.7390979919433593,1.091626708984375,-3.8024982299804684,0.8041649373372395,1.1989634602864583,derived_from_NHTSA_Venza_FE,engineering_reference_prior
P2000219,2000219,14204_BIW_C-Pillar_Inner_Reinf_2_LH,side_and_closure,steel,0.01583957331248261,0.12434065050298851,1.0,7850.000000000001,520.0,0.9,1.037871851459062,-3.43806990020713,0.7917240258779061,0.9407378207798952,-3.4848917236328125,0.7692509002685547,0.8377324981689453,-3.351182373046875,0.8526983184814453,1.0099948120117186,derived_from_NHTSA_Venza_FE,engineering_reference_prior
P2000220,2000220,14205_BIW_C-Pillar_Inner_Reinf_2_Bracket_LH,side_and_closure,steel,0.001240887758208578,0.009740968901937338,1.0,7850.000000000001,520.0,0.9,1.0489657662821605,-3.47321353421629,0.8109378111664097,0.9653772357306016,-3.4820209960937496,0.7905179443359376,0.9360104980468751,-3.4647286783854168,0.8312199096679688,0.9944509073893228,derived_from_NHTSA_Venza_FE,engineering_reference_prior
P2000221,2000221,14251_BIW_C-Pillar_Body_Reinf_Outer_LH,side_and_closure,steel,0.12007012676614578,1.3195706931599422,1.4,7850.000000000001,520.0,0.9,1.0479957580066306,-3.022075990832816,-0.7998513177475668,0.30733826701630107,-3.22298583984375,-0.8643297882080079,0.20900469207763675,-2.7850151367187497,-0.7635883026123047,0.4632642517089844,derived_from_NHTSA_Venza_FE,engineering_reference_prior
P2000222,2000222,14252_BIW_C-Pillar_Body_Reinf_Inner_LH,side_and_closure,steel,0.022841761389787166,0.25103095767376093,1.4,7850.000000000001,520.0,0.9,1.0412058996624336,-2.933879675881012,-0.7618418869644714,0.2905720603181502,-3.0001815185546876,-0.7646070861816406,0.20885360336303713,-2.8640323486328123,-0.7598126068115235,0.40264099884033205,derived_from_NHTSA_Venza_FE,engineering_reference_prior
P2000223,2000223,14253_BIW_C-Pillar_Inner_Reinf_1_LH,side_and_closure,steel,0.03135893195463593,0.2461676158438921,1.0,7850.000000000001,520.0,0.9,1.1148978349193455,-3.940058499826292,-0.7624958799779543,1.1420327407402482,-4.104685709635417,-0.804165547688802,1.0919542541503906,-3.8024982299804684,-0.7405595499674479,1.1989634602864583,derived_from_NHTSA_Venza_FE,engineering_reference_prior
P2000224,2000224,14254_BIW_C-Pillar_Inner_Reinf_2_LH,side_and_closure,steel,0.0158848405300247,0.12469599816069389,1.0,7850.000000000001,520.0,0.9,1.037793326410669,-3.4378627955889307,-0.7916778401768453,0.9405894993874061,-3.4848917236328125,-0.8526988067626954,0.8377324981689453,-3.351182373046875,-0.7692513885498047,1.0099948120117188,derived_from_NHTSA_Venza_FE,engineering_reference_prior
P2000225,2000225,14255_BIW_C-Pillar_Inner_Reinf_2_Bracket_LH,side_and_closure,steel,0.0012398903948218911,0.009733139599351848,1.0,7850.000000000001,520.0,0.9,1.0489405845793829,-3.473220445239615,-0.8109264027446961,0.9654012213996033,-3.48202099609375,-0.8312203979492188,0.936010498046875,-3.4647286783854168,-0.7905184326171875,0.9944509073893228,derived_from_NHTSA_Venza_FE,engineering_reference_prior
P2000226,2000226,15101_Rear_Floor_Side_Panel_LH,underbody,steel,0.12927303611839325,0.8118346668235097,0.8,7850.000000000001,520.0,0.9,0.707443622062045,-4.2845404758875745,0.67037700755235,0.48617312955749564,-4.499221069335937,0.5581380208333333,0.3930608215332031,-4.01310693359375,0.7729156341552735,0.5751733703613282,derived_from_NHTSA_Venza_FE,engineering_reference_prior
P2000227,2000227,15102_Rear_Floor_Side_Panel_Bracket_LH,underbody,steel,0.015229689083944464,0.11955305930896405,1.0,7850.000000000001,520.0,0.9,0.7266566503388603,-4.305007359549096,0.7671667587925224,0.4056572930463473,-4.394604736328126,0.750169677734375,0.3617720642089844,-4.2158470052083326,0.7716014709472656,0.4391346130371094,derived_from_NHTSA_Venza_FE,engineering_reference_prior
P2000228,2000228,15151_Rear_Floor_Side_Panel_LH,underbody,steel,0.12946095649415723,0.8130148067833075,0.8,7850.000000000001,520.0,0.9,0.7073928853088143,-4.284177154482623,-0.6703091912731062,0.48622571951351584,-4.499510498046875,-0.7729163665771485,0.3930608215332031,-4.012306762695312,-0.5581643269856771,0.5751733703613281,derived_from_NHTSA_Venza_FE,engineering_reference_prior
P2000229,2000229,15201_Rear_Floor_Side_Rear_Member_LH,underbody,steel,0.12485879091120844,1.6662405647100766,1.7,7850.000000000001,520.0,0.9,0.6893757077890763,-4.223375172691931,0.5347491305173085,0.4907020433401042,-4.487272827148438,0.4612749710083008,0.4555539627075195,-3.931888610839844,0.5919120330810547,0.5587970581054688,derived_from_NHTSA_Venza_FE,engineering_reference_prior
P2000230,2000230,15202_Rear_Floor_Side_Rear_Member_Ending_LH,underbody,steel,0.034647577538446744,0.5983636640889753,2.2,7850.000000000001,520.0,0.9,0.7069110206492344,-4.430188755646304,0.546972697745885,0.4852859499630153,-4.499901489257812,0.495677978515625,0.4424311981201172,-4.314108398437501,0.5915148773193359,0.5529963073730468,derived_from_NHTSA_Venza_FE,engineering_reference_prior
P2000231,2000231,15204_Rear_Floor_Side_Rear_Member_Bracket_LH,underbody,steel,0.004458418955775692,0.059497600964826605,1.7,7850.000000000001,520.0,0.9,0.6843786752610242,-4.197630066313748,0.5019635749702772,0.49218848422101,-4.2500892333984375,0.48973979949951174,0.47104807281494143,-4.1608997802734375,0.5095754165649413,0.5142198079427083,derived_from_NHTSA_Venza_FE,engineering_reference_prior
P2000232,2000232,15206_Rear_Floor_Side_Rear_Member_Middle_Reinforcement_LH,underbody,steel,0.028698621885423495,0.5406820363213787,2.4,7850.000000000001,520.0,0.9,0.6857755109003207,-4.157603760960475,0.5368454144695799,0.47763434632115187,-4.250180419921875,0.49641396077473954,0.4579788055419922,-4.06183837890625,0.5739906463623048,0.5121399536132812,derived_from_NHTSA_Venza_FE,engineering_reference_prior
P2000233,2000233,15211_Rear_Floor_Side_Rear_Member_Front,underbody,steel,0.2780906852288324,4.147722570188036,1.9,7850.000000000001,520.0,0.9,0.6466743467392101,-3.4736439454731483,0.5386080605529332,0.424664768482778,-4.025671468098958,0.41781967163085937,0.28258036041259765,-2.965137939453125,0.6919950561523438,0.5619776611328124,derived_from_NHTSA_Venza_FE,engineering_reference_prior
P2000234,2000234,15212_Rear_Floor_Side_Rear_Member_Front_Inner_Reinf,underbody,steel,0.006708819353036494,0.07372992468987107,1.4,7850.000000000001,520.0,0.9,0.6575266542037548,-3.845753672618091,0.5018133046791546,0.4987950915370151,-3.8853001708984376,0.46539601135253905,0.48531510925292964,-3.7993088989257813,0.5293090006510417,0.5159402160644532,derived_from_NHTSA_Venza_FE,engineering_reference_prior
P2000235,2000235,15213_Rear_Floor_Side_Rear_Member_Front_Inner_Reinf,underbody,steel,0.014999703944115718,0.15307197874970094,1.3,7850.000000000001,520.0,0.9,0.649000398434655,-3.71495825116602,0.49082128817917986,0.48248171204457774,-3.7913081665039066,0.46073896789550783,0.4620494766235352,-3.6192766723632817,0.526520034790039,0.5254809112548828,derived_from_NHTSA_Venza_FE,engineering_reference_prior
P2000236,2000236,15214_Rear_Floor_Side_Rear_Member_Front_Inner_Reinf,underbody,steel,0.004957933796280572,0.05837967045120375,1.5,7850.000000000001,520.0,0.9,0.6457888628250563,-3.708134417659296,0.4865247193822671,0.5036468809629575,-3.716291320800781,0.4553760604858399,0.4731223602294922,-3.6878782958984377,0.5161565704345703,0.5332449493408202,derived_from_NHTSA_Venza_FE,engineering_reference_prior
P2000237,2000237,15215_Rear_Floor_Side_Rear_Member_Front_Inner_Reinf,underbody,steel,0.005387763678821414,0.06344091731812217,1.5,7850.000000000001,520.0,0.9,0.6421191825821945,-3.6367962307661665,0.4909127475373693,0.4969082690300064,-3.6431831054687502,0.4554585876464844,0.46401879119873046,-3.619425476074219,0.5271512756347657,0.5265852661132813,derived_from_NHTSA_Venza_FE,engineering_reference_prior
P2000238,2000238,15216_Rear_Floor_Side_Rear_Member_Front_Inner_Reinf,underbody,steel,0.014584894322193426,0.14883884655798393,1.3,7850.000000000001,520.0,0.9,0.6405945349037182,-3.5380380074121454,0.5108138997358246,0.474326320321291,-3.596234558105469,0.4609972381591797,0.4575645751953125,-3.476294555664063,0.5710132598876954,0.494573844909668,derived_from_NHTSA_Venza_FE,engineering_reference_prior
P2000239,2000239,15217_Rear_Floor_Side_Rear_Member_Front_Inner_Reinf,underbody,steel,0.007426927596817392,0.08162193428902316,1.4,7850.000000000001,520.0,0.9,0.6422984174945735,-3.4320263225425442,0.5187117422783118,0.4232138612753597,-3.492112670898438,0.49658324432373047,0.3725897293090821,-3.397651774088542,0.5431723022460938,0.46523742675781254,derived_from_NHTSA_Venza_FE,engineering_reference_prior
P2000240,2000240,15218_Rear_Floor_Side_Rear_Member_Front_Inner_Reinf,underbody,steel,0.011629013986262692,0.1734467436051081,1.9,7850.000000000001,520.0,0.9,0.6486183255935908,-3.3521714300571346,0.5591708922200755,0.38648531439684375,-3.39171044921875,0.5094003829956055,0.3513094253540039,-3.317041748046875,0.6141177062988282,0.4190804748535156,derived_from_NHTSA_Venza_FE,engineering_reference_prior
P2000241,2000241,15219_Rear_Floor_Side_Rear_Member_Front_Inner_Reinf,underbody,steel,0.008494864765898258,0.07802108544239256,1.17,7850.000000000001,520.0,0.9,0.6493541061834016,-3.233773169260157,0.5861918339499733,0.3693731057481493,-3.249868001302083,0.5313924407958983,0.3447597859700521,-3.2044948120117187,0.6459670715332031,0.3963589706420898,derived_from_NHTSA_Venza_FE,engineering_reference_prior
P2000242,2000242,15220_Rear_Floor_Side_Rear_Member_Front_Inner_Reinf,underbody,steel,0.017742409516653727,0.30641141235260994,2.2,7850.000000000001,520.0,0.9,0.6633888373091777,-3.1112417223898277,0.6559805099972497,0.3141640288858421,-3.2161870117187497,0.6042631683349609,0.29970722961425783,-3.016574055989583,0.6860525512695312,0.35117971038818363,derived_from_NHTSA_Venza_FE,engineering_reference_prior
P2000243,2000243,15221_Rear_Floor_Side_Rear_Member_Front_Inner_Reinf,underbody,steel,0.0028595304427535906,0.06734194192684707,3.0,7850.000000000001,520.0,0.9,0.6625890405552671,-3.0824719774846776,0.6435031537756641,0.30517096363474877,-3.1162720540364583,0.6192888946533204,0.3032866007486979,-3.0491857299804686,0.6715655670166016,0.3090564270019531,derived_from_NHTSA_Venza_FE,engineering_reference_prior
P2000244,2000244,15222_Rear_Floor_Side_Rear_Member_Front_Inner_Reinf_Panel_LH,underbody,steel,0.08706419443716786,1.1892098318172757,1.74,7850.000000000001,520.0,0.9,0.6471127352457462,-3.4026937163370476,0.5421085952762204,0.39927251397445507,-3.603173706054688,0.45703966267903645,0.3337073745727539,-3.202008056640625,0.6474730377197266,0.5228616027832031,derived_from_NHTSA_Venza_FE,engineering_reference_prior
P2000245,2000245,15223_Rear_Floor_Side_Rear_Member_Front_Under_Mounting_Bracket_Rear_LH,underbody,steel,0.007848364868684668,0.14786319412601914,2.4,7850.000000000001,520.0,0.9,0.660003181105189,-3.8385093474826064,0.49393361063214497,0.46368683800977284,-3.877380126953125,0.4604212239583333,0.45350439453125,-3.798909423828125,0.5279836629231771,0.4842074813842774,derived_from_NHTSA_Venza_FE,engineering_reference_prior
P2000246,2000246,15224_Rear_Floor_Side_Rear_Member_Front_Under_Mounting_Bracket_Center_LH,underbody,steel,0.015824709740920834,0.36024951725206283,2.9,7850.000000000001,520.0,0.9,0.6461271543130969,-3.556907652317725,0.5063502971363508,0.43739950812996803,-3.6198174438476562,0.45489745076497395,0.41279809570312503,-3.4971350708007813,0.5672486724853516,0.4700805969238281,derived_from_NHTSA_Venza_FE,engineering_reference_prior
P2000247,2000247,15225_Rear_Floor_Side_Rear_Member_Front_Side_Mounting_Bracket_Inner_LH,underbody,steel,0.001244726347478726,0.0107482120104788,1.1,7850.000000000001,520.0,0.9,0.6436482530019418,-3.6093791709189946,0.5401303599455417,0.5181672507785191,-3.6345158081054687,0.5289311676025391,0.5002855936686198,-3.582329162597656,0.5478276977539063,0.5256908721923829,derived_from_NHTSA_Venza_FE,engineering_reference_prior
P2000248,2000248,15226_Rear_Floor_Side_Rear_Member_Front_Side_Mounting_Bracket_L-Shape_LH,underbody,steel,0.0021541513202659427,0.049039254805854186,2.9,7850.000000000001,520.0,0.9,0.6473023105260299,-3.517853481964978,0.5682430375988272,0.4646038895729384,-3.536254150390625,0.5584252166748047,0.44974017333984373,-3.501332397460937,0.5972737274169921,0.49064281463623044,derived_from_NHTSA_Venza_FE,engineering_reference_prior
P2000249,2000249,15227_Rear_Floor_Side_Rear_Member_Front_Under_Mounting_Bracket_Center_LH,underbody,steel,0.003799911169392396,0.05070981455554153,1.7,7850.000000000001,520.0,0.9,0.6578347952259241,-3.4058985829159996,0.5940487110629377,0.37139211957659174,-3.4594381103515626,0.5723940734863282,0.33968392181396484,-3.359668029785156,0.6101738739013672,0.4056649169921875,derived_from_NHTSA_Venza_FE,engineering_reference_prior
P2000251,2000251,15229_Rear_Floor_Side_Rear_Member_Connection__to_Trailing_Arm_Mounting_Poi,underbody,steel,0.03363667960494597,0.6337150437571821,2.4,7850.000000000001,520.0,0.9,0.658442192626993,-3.156259284465775,0.5684662303759921,0.2936371102342549,-3.2594093424479165,0.5208743286132813,0.24209469223022462,-3.0535479736328126,0.6327128295898438,0.3572231369018555,derived_from_NHTSA_Venza_FE,engineering_reference_prior
P2000252,2000252,15230_Rear_Floor_Side_Rear_Member_Gusset_Bracket_LH,underbody,steel,0.01764836753522518,0.18010159069697299,1.3,7850.000000000001,520.0,0.9,0.6659591671459858,-2.9459607325508914,0.6549392192995239,0.27580640318850863,-2.9890253295898437,0.588582504272461,0.22497152201334636,-2.895593933105469,0.7309380493164063,0.3117717437744141,derived_from_NHTSA_Venza_FE,engineering_reference_prior
P2000253,2000253,15231_Rear_Side_Rocker__Extension_Inner_Member_LH,side_and_closure,steel,0.14512070986604303,1.9366358731623443,1.7,7850.000000000001,520.0,0.9,1.0273993324524948,-3.0590709616669725,0.705679257108743,0.3162985507467632,-3.311835205078125,0.6214759826660157,0.20756409072875978,-2.766158142089844,0.7637911071777344,0.4279235153198242,derived_from_NHTSA_Venza_FE,engineering_reference_prior
P2000254,2000254,15232_Rear_Side_Rocker__Extension_Inner_Member_Reinf_LH,side_and_closure,steel,0.058533545775219874,0.7811301683703094,1.7,7850.000000000001,520.0,0.9,1.031337106221133,-2.986064715651419,0.7118182316438998,0.2958181202906766,-3.114512756347656,0.6828197631835937,0.20936005020141604,-2.8296779174804687,0.7635629679361979,0.4059531707763672,derived_from_NHTSA_Venza_FE,engineering_reference_prior
P2000255,2000255,15251_Rear_Floor_Side_Rear_Member_RH,underbody,steel,0.12314637972887413,1.6433884374818253,1.7,7850.000000000001,520.0,0.9,0.6894505429421874,-4.219986797505855,-0.538736493103252,0.490870979843664,-4.484676025390625,-0.596347915649414,0.45514085388183595,-3.9298103027343747,-0.46302023315429686,0.5590665740966796,derived_from_NHTSA_Venza_FE,engineering_reference_prior
P2000256,2000256,15252_Rear_Floor_Side_Rear_Member_Ending_RH,underbody,steel,0.032974687735544024,0.5694728571928453,2.2,7850.000000000001,520.0,0.9,0.7071051464368497,-4.427729190280312,-0.5529879865899487,0.4866723351859616,-4.4978613281249995,-0.5967584838867188,0.44396442413330073,-4.314463623046875,-0.5036904220581054,0.5533020324707032,derived_from_NHTSA_Venza_FE,engineering_reference_prior
P2000257,2000257,15254_Rear_Floor_Side_Rear_Member_Ending_RH,underbody,steel,0.005176030695708725,0.06907412963423294,1.7,7850.000000000001,520.0,0.9,0.685537472289266,-4.201356948311799,-0.5056731593529299,0.48592124889192534,-4.244237915039062,-0.515713409423828,0.4633298645019531,-4.162532348632812,-0.492918212890625,0.5081763153076172,derived_from_NHTSA_Venza_FE,engineering_reference_prior
P2000258,2000258,15255_Rear_Floor_Side_Rear_Member_Reinforcement_RH,underbody,steel,0.0023721161610224493,0.044690668473662945,2.4,7850.000000000001,520.0,0.9,0.7081451865425473,-4.41784543469132,-0.5495232126760585,0.4622374256593914,-4.487157470703125,-0.5630519714355469,0.4616456604003907,-4.35762939453125,-0.5365202178955079,0.4633832550048828,derived_from_NHTSA_Venza_FE,engineering_reference_prior
P2000259,2000259,15256_Rear_Floor_Side_Rear_Member_Middle_Reinforcement_RH,underbody,steel,0.009948024410411782,0.187420779892158,2.4,7850.000000000001,520.0,0.9,0.6886181057077941,-4.171548079414502,-0.5429415084692841,0.4646124407899198,-4.223647094726562,-0.5733811035156251,0.457797233581543,-4.114748860677083,-0.5078306427001953,0.4960957565307617,derived_from_NHTSA_Venza_FE,engineering_reference_prior
P2000260,2000260,15261_Rear_Floor_Side_Rear_Member_Front,underbody,steel,0.2777812955679889,4.143108023396556,1.9,7850.000000000001,520.0,0.9,0.6466676105803798,-3.4732991669355995,-0.5386704891342771,0.42452788963881727,-4.025671468098958,-0.6919955444335938,0.28258036041259765,-2.965137939453125,-0.41781391906738286,0.5619776611328126,derived_from_NHTSA_Venza_FE,engineering_reference_prior
P2000261,2000261,15262_Rear_Floor_Side_Rear_Member_Front_Inner_Reinf,underbody,steel,0.006710838710519603,0.07375211742861044,1.4,7850.000000000001,520.0,0.9,0.6575137201518082,-3.845753396673791,-0.5018104489160938,0.4987945499885523,-3.8853001708984376,-0.5293096110026041,0.48531510925292964,-3.7993088989257813,-0.46539662170410157,0.5159402160644531,derived_from_NHTSA_Venza_FE,engineering_reference_prior
P2000262,2000262,15263_Rear_Floor_Side_Rear_Member_Front_Inner_Reinf,underbody,steel,0.014999707869565252,0.1530720188089134,1.3,7850.000000000001,520.0,0.9,0.6489873994007563,-3.714958237518518,-0.49082188062170495,0.4824817096578894,-3.791308166503906,-0.5265206451416016,0.4620494766235352,-3.6192766723632817,-0.4607395172119141,0.5254809112548828,derived_from_NHTSA_Venza_FE,engineering_reference_prior
P2000263,2000263,15264_Rear_Floor_Side_Rear_Member_Front_Inner_Reinf,underbody,steel,0.00495793589121054,0.05837969511900412,1.5,7850.000000000001,520.0,0.9,0.6457757137735335,-3.708134418862761,-0.48652528788301386,0.5036468869221327,-3.7162913208007815,-0.5161571807861328,0.47312236022949217,-3.6878782958984377,-0.45537660980224615,0.5332449493408203,derived_from_NHTSA_Venza_FE,engineering_reference_prior
P2000264,2000264,15265_Rear_Floor_Side_Rear_Member_Front_Inner_Reinf,underbody,steel,0.005387767068162658,0.06344095722761531,1.5,7850.000000000001,520.0,0.9,0.6421056014585748,-3.636796233375004,-0.4909133257322393,0.4969082720133895,-3.64318310546875,-0.5271518859863282,0.4640187911987305,-3.619425476074219,-0.45545913696289064,0.5265852661132813,derived_from_NHTSA_Venza_FE,engineering_reference_prior
P2000265,2000265,15266_Rear_Floor_Side_Rear_Member_Front_Inner_Reinf,underbody,steel,0.014584893678917224,0.14883883999335032,1.3,7850.000000000001,520.0,0.9,0.6405802588482269,-3.538038019724209,-0.5108144394565415,0.4743263216468596,-3.596234558105469,-0.5710137481689452,0.4575645751953125,-3.4762945556640625,-0.46099778747558595,0.494573844909668,derived_from_NHTSA_Venza_FE,engineering_reference_prior
P2000266,2000266,15267_Rear_Floor_Side_Rear_Member_Front_Inner_Reinf,underbody,steel,0.007427118428126104,0.08162403152510589,1.4,7850.000000000001,520.0,0.9,0.6422849427706295,-3.432029624271915,-0.5187117049801475,0.42320891691648854,-3.492112670898438,-0.5431727905273438,0.3725897293090821,-3.3976517740885415,-0.49658065032958987,0.46523742675781254,derived_from_NHTSA_Venza_FE,engineering_reference_prior
P2000267,2000267,15268_Rear_Floor_Side_Rear_Member_Front_Inner_Reinf,underbody,steel,0.011568947665108003,0.1725508544250859,1.9,7850.000000000001,520.0,0.9,0.648640699124483,-3.3522557246020144,-0.5591180279887409,0.38624595466142625,-3.39171044921875,-0.6141181945800782,0.3513094253540039,-3.317041748046875,-0.5094008712768555,0.41810418701171875,derived_from_NHTSA_Venza_FE,engineering_reference_prior
P2000268,2000268,15269_Rear_Floor_Side_Rear_Member_Front_Inner_Reinf,underbody,steel,0.008494864765898263,0.07802108544239261,1.17,7850.000000000001,520.0,0.9,0.649338603140089,-3.233773169260152,-0.5861923222312233,0.36937310574814936,-3.249868001302083,-0.6459675598144531,0.3447597859700521,-3.2044948120117187,-0.5313929290771484,0.3963589706420898,derived_from_NHTSA_Venza_FE,engineering_reference_prior
P2000269,2000269,15270_Rear_Floor_Side_Rear_Member_Front_Inner_Reinf,underbody,steel,0.017742409516653755,0.3064114123526104,2.2,7850.000000000001,520.0,0.9,0.6633728729141068,-3.1112417223898223,-0.6559809982784992,0.31416402888584183,-3.2161870117187497,-0.6860530395507812,0.2997072296142578,-3.016574055989583,-0.604263656616211,0.35117971038818363,derived_from_NHTSA_Venza_FE,engineering_reference_prior
P2000270,2000270,15271_Rear_Floor_Side_Rear_Member_Front_Inner_Reinf,underbody,steel,0.0028595711351465406,0.06734290023270104,3.0,7850.000000000001,520.0,0.9,0.6625733259928467,-3.0824717777737596,-0.6435039449276242,0.30517103534363327,-3.1162720540364583,-0.6715660552978517,0.3032866007486979,-3.0491857299804686,-0.6192893829345704,0.3090564270019531,derived_from_NHTSA_Venza_FE,engineering_reference_prior
P2000271,2000271,15272_Rear_Floor_Side_Rear_Member_Front_Inner_Reinf_Panel_LH,underbody,steel,0.0870641815949764,1.1892096564057828,1.74,7850.000000000001,520.0,0.9,0.647098199179254,-3.4026937097722585,-0.5421091072680817,0.3992725138877922,-3.6031737060546876,-0.6474735260009765,0.33370737457275396,-3.202008056640625,-0.45704021199544265,0.5228616027832031,derived_from_NHTSA_Venza_FE,engineering_reference_prior
P2000272,2000272,15273_Rear_Floor_Side_Rear_Member_Front_Under_Mounting_Bracket_Rear_LH,underbody,steel,0.007847075391315076,0.14783890037237604,2.4,7850.000000000001,520.0,0.9,0.6599915497205138,-3.8385194787962194,-0.4939336708567268,0.46368721239951477,-3.8773784790039065,-0.5280139770507812,0.45350439453125,-3.798908142089844,-0.4604218343098958,0.4842074813842774,derived_from_NHTSA_Venza_FE,engineering_reference_prior
P2000273,2000273,15274_Rear_Floor_Side_Rear_Member_Front_Under_Mounting_Bracket_Center_LH,underbody,steel,0.015824710962314026,0.3602495450570788,2.9,7850.000000000001,520.0,0.9,0.6461134976930999,-3.5569076680278813,-0.5063508472721711,0.43739951129680865,-3.6198174438476562,-0.5672491607666015,0.412798095703125,-3.4971350708007813,-0.4548980000813802,0.4700805969238281,derived_from_NHTSA_Venza_FE,engineering_reference_prior
P2000274,2000274,15275_Rear_Floor_Side_Rear_Member_Front_Side_Mounting_Bracket_Inner_LH,underbody,steel,0.0012405810712856694,0.010712417550551757,1.1,7850.000000000001,520.0,0.9,0.6436422780059984,-3.6094184951085087,-0.5401762895629755,0.5181574119697475,-3.634541687011719,-0.5478283081054688,0.5002229715983073,-3.582362182617188,-0.5290279693603516,0.5256813201904297,derived_from_NHTSA_Venza_FE,engineering_reference_prior
P2000275,2000275,15276_Rear_Floor_Side_Rear_Member_Front_Side_Mounting_Bracket_L-Shape_LH,underbody,steel,0.0021533558398670032,0.04902114569457233,2.9,7850.000000000001,520.0,0.9,0.6472854284545783,-3.5178560423730825,-0.5682459987502895,0.46462090433908554,-3.5362541503906253,-0.5972742156982422,0.44974017333984373,-3.501332397460937,-0.5585285186767579,0.49064281463623044,derived_from_NHTSA_Venza_FE,engineering_reference_prior
P2000276,2000276,15277_Rear_Floor_Side_Rear_Member_Front_Under_Mounting_Bracket_Center_LH,underbody,steel,0.003799911169392395,0.050709814555541514,1.7,7850.000000000001,520.0,0.9,0.6578198666688523,-3.405898582915999,-0.5940491993441875,0.37139211957659174,-3.4594381103515626,-0.6101743621826172,0.33968392181396484,-3.3596680297851558,-0.5723945617675782,0.4056649169921875,derived_from_NHTSA_Venza_FE,engineering_reference_prior
P2000278,2000278,15279_Rear_Floor_Side_Rear_Member_Connection__to_Trailing_Arm_Mounting_Poi,underbody,steel,0.030959052736717885,0.583268553559765,2.4,7850.000000000001,520.0,0.9,0.6576354933062507,-3.15619956032669,-0.5697315197451049,0.298281875933878,-3.261094075520833,-0.6339206542968749,0.2560639953613282,-3.0519283854166663,-0.5201682535807292,0.35815406799316407,derived_from_NHTSA_Venza_FE,engineering_reference_prior
P2000279,2000279,15280_Rear_Floor_Side_Rear_Member_Gusset_Bracket_LH,underbody,steel,0.017681283040066588,0.18043749342387957,1.3,7850.000000000001,520.0,0.9,0.6659243019508183,-2.945837865048825,-0.6548984687149706,0.27586103318801275,-2.9890253295898437,-0.7309031372070313,0.22497152201334636,-2.8954219360351563,-0.5885822448730469,0.31177248382568357,derived_from_NHTSA_Venza_FE,engineering_reference_prior
P2000280,2000280,15281_Rear_Side_Rocker__Extension_Inner_Member_LH,side_and_closure,steel,0.1450851341321572,1.9361611149936382,1.7,7850.000000000001,520.0,0.9,1.0273808553079125,-3.059057869314132,-0.7056849805457271,0.31627396176680966,-3.311835205078125,-0.7637915954589845,0.20756409072875978,-2.766158142089844,-0.6214764709472657,0.4279235153198242,derived_from_NHTSA_Venza_FE,engineering_reference_prior
P2000281,2000281,15282_Rear_Side_Rocker__Extension_Inner_Member_Reinf_LH,side_and_closure,steel,0.05852994352735065,0.7810820963724945,1.7,7850.000000000001,520.0,0.9,1.031311862127496,-2.9860681645628118,-0.7118175377273636,0.2958164102758881,-3.1145125122070314,-0.7635634562174478,0.20936005020141601,-2.8296779174804687,-0.6828200378417969,0.40595317077636717,derived_from_NHTSA_Venza_FE,engineering_reference_prior
P2000282,2000282,15305_Rear_Floor_Side_Rear_Member_Reinforcement_RH,underbody,steel,0.0023721161610224506,0.04469066847366297,2.4,7850.000000000001,520.0,0.9,0.7081558260142815,-4.417845434691322,0.5495224802541834,0.46223742565939135,-4.487157470703125,0.5365194854736328,0.4616456604003907,-4.35762939453125,0.5630512390136718,0.4633832550048828,derived_from_NHTSA_Venza_FE,engineering_reference_prior
P2000283,2000283,15401_Rear_Floor_Panel,underbody,steel,0.9709900841590213,6.097817728518655,0.8,7850.000000000001,520.0,0.9,0.6586861685275632,-4.168563344271763,-0.0016656325795208966,0.49320585638172953,-4.591306762695313,-0.6026840209960938,0.4498726806640625,-3.7539062499999996,0.5989978942871095,0.5794371643066406,derived_from_NHTSA_Venza_FE,engineering_reference_prior
P2000284,2000284,15402_Rear_Floor_Mounting_Reinf_RH,underbody,steel,0.014501109918960892,0.11383371286384301,1.0,7850.000000000001,520.0,0.9,0.6612526393877859,-4.1149382462887845,0.13330655488785761,0.44527306992729887,-4.206802490234375,0.08014745330810547,0.440215576171875,-4.0236123046875,0.1867924550374349,0.45139285278320307,derived_from_NHTSA_Venza_FE,engineering_reference_prior
P2000285,2000285,15403_Rear_Floor_Mounting_Reinf_LH,underbody,steel,0.011872842783960542,0.09320181585409026,1.0,7850.000000000001,520.0,0.9,0.6616917262047751,-4.079561314830664,-0.227540768105934,0.44492685922671765,-4.15873876953125,-0.2619259262084961,0.4398199005126953,-4.00065478515625,-0.1931169204711914,0.4507943827311197,derived_from_NHTSA_Venza_FE,engineering_reference_prior
P2000288,2000288,15503_Body_Lower_Back_Panel_Middle_Reinforcement,body_structure,steel,0.011421986462634308,0.15242640934385485,1.7,7850.000000000001,520.0,0.9,0.5848918406289578,-4.621285054460388,-0.0010428795689797962,0.6264277121241884,-4.65419873046875,-0.061079098701477055,0.5790267791748047,-4.593988525390625,0.05942133712768555,0.6559985046386719,derived_from_NHTSA_Venza_FE,engineering_reference_prior
P2000291,2000291,15506_Body_Lower_Back_Panel_Rear_Layer,rear_body,steel,0.42438015615028213,3.3313842257797153,1.0,7850.000000000001,520.0,0.9,0.9513985016491276,-4.550268892769231,-0.002397265388962302,0.5684002612641992,-4.657518920898438,-0.7601981964111328,0.4224958648681641,-4.468597778320313,0.7583713226318359,0.720613021850586,derived_from_NHTSA_Venza_FE,engineering_reference_prior
P2000292,2000292,15507_Body_Lower_Back_Panel_Front_Layer,body_structure,steel,0.2669137549415991,2.095272976291553,1.0,7850.000000000001,520.0,0.9,0.5782331831434552,-4.53855957888625,-0.0018921578604063087,0.6339187939865782,-4.6525703125,-0.7568700408935547,0.5405165710449219,-4.433742919921875,0.7546877593994141,0.7233596191406251,derived_from_NHTSA_Venza_FE,engineering_reference_prior
P2000297,2000297,15601_Back_Door_Opening_Trough_Inner_Member_LH,side_and_closure,steel,0.046166912156169526,0.2899282083407447,0.8,7850.000000000001,520.0,0.9,1.098241103401151,-4.457977520925578,0.630232322422177,0.8692266155698415,-4.520314575195313,0.5215672149658203,0.7057309977213542,-4.3649443359374995,0.6823728332519532,1.0622825012207031,derived_from_NHTSA_Venza_FE,engineering_reference_prior
P2000298,2000298,15602_Back_Door_Opening_Trough_Outer_Member_LH,side_and_closure,steel,0.06710833550900863,0.4214403469965743,0.8,7850.000000000001,520.0,0.9,1.1058031877270242,-4.391043752876864,0.7308478446302376,0.8659220137755168,-4.485090209960937,0.6348904012044271,0.7079426116943359,-4.3342879638671885,0.8380370483398437,1.0746052246093751,derived_from_NHTSA_Venza_FE,engineering_reference_prior
P2000299,2000299,15651_Back_Door_Opening_Trough_Inner_Member_LH,side_and_closure,steel,0.04623283672024191,0.2903422146031192,0.8,7850.000000000001,520.0,0.9,1.0982112316844472,-4.45802358848975,-0.6302673957885631,0.8690093701830834,-4.520314575195313,-0.6823735656738281,0.7057000122070312,-4.3649443359374995,-0.5215679473876953,1.0622825012207031,derived_from_NHTSA_Venza_FE,engineering_reference_prior
P2000300,2000300,15652_Back_Door_Opening_Trough_Outer_Member_LH,side_and_closure,steel,0.06710847767122391,0.42144123977528625,0.8,7850.000000000001,520.0,0.9,1.105782404740493,-4.391043758467988,-0.7308485081469601,0.8659219935890226,-4.485090209960938,-0.8380377807617189,0.7079426116943359,-4.334287963867188,-0.6348911336263021,1.0746052246093751,derived_from_NHTSA_Venza_FE,engineering_reference_prior
P2000301,2000301,15701_Quarter_Panel_Upper_Rear_Extension_CUT_LH,rear_body,steel,0.08794984341693594,0.5523250166583579,0.8,7850.000000000001,520.0,0.9,1.0125,-4.159727464920002,0.6275108701233529,1.2494692676095709,-4.4184332275390625,0.46453286743164063,1.032363321940104,-3.942306884765625,0.7263823649088541,1.4765830993652342,derived_from_NHTSA_Venza_FE,engineering_reference_prior
P2000302,2000302,15702_Quarter_Panel_Upper_Rear_Extension_CUT_Reinforcement_LH,rear_body,steel,0.010620474159017687,0.08337072214828886,1.0,7850.000000000001,520.0,0.9,1.0125,-4.054044567760271,0.6084281125884347,1.3208375419489375,-4.097853393554688,0.5391710968017578,1.2812665100097655,-4.006349548339843,0.6576405487060547,1.365050577799479,derived_from_NHTSA_Venza_FE,engineering_reference_prior
P2000303,2000303,15751_Quarter_Panel_Upper_Rear_Extension_CUT_LH,rear_body,steel,0.08793387887567825,0.5522247593392594,0.8,7850.000000000001,520.0,0.9,1.0125,-4.159750748971636,-0.627534302129561,1.2494482695319176,-4.4184332275390625,-0.7263830973307291,1.032363321940104,-3.942306884765625,-0.4645334777832031,1.4765830993652345,derived_from_NHTSA_Venza_FE,engineering_reference_prior
P2000304,2000304,15752_Quarter_Panel_Upper_Rear_Extension_CUT_Reinforcement_LH,rear_body,steel,0.010620686761461098,0.08337239107746963,1.0,7850.000000000001,520.0,0.9,1.0125,-4.054045312208083,-0.6084282892228167,1.3208364164435236,-4.097853393554687,-0.6576411590576172,1.2812639465332032,-4.006349548339844,-0.5391717071533204,1.365050577799479,derived_from_NHTSA_Venza_FE,engineering_reference_prior
P2000305,2000305,15801_S-A_Roof_Side_Outer_Lower_Outside_Member_LH,roof,steel,0.08375972580938745,1.1177735409262757,1.7,7850.000000000001,520.0,0.9,1.2309568304327525,-3.7291000666977294,0.8315061268969166,0.9504868322372401,-3.8527211914062502,0.7434106903076172,0.8382186584472656,-3.6030279134114584,0.9362154846191406,1.066049133300781,derived_from_NHTSA_Venza_FE,engineering_reference_prior
P2000306,2000306,15802_S-A_Roof_Side_Outer_Upper_Inside_Small_Reinforcement_LH,roof,steel,0.0036437899165489094,0.0486263764363452,1.7,7850.000000000001,520.0,0.9,1.25,-3.421893019642808,0.6795277105667578,1.3315059232117563,-3.4503036295572915,0.6589521280924479,1.2901095377604166,-3.391644124348958,0.6993217163085939,1.371311075846354,derived_from_NHTSA_Venza_FE,engineering_reference_prior
P2000307,2000307,15803_S-A_Roof_Side_Outer_Upper_Inside_Reinforcement_LH,roof,steel,0.01703802639361723,0.21399761150383245,1.6,7850.000000000001,520.0,0.9,1.25,-3.421703902419305,0.6877322053827841,1.3350159736075986,-3.5035088500976563,0.6505479583740235,1.244973388671875,-3.335021728515625,0.7347581787109375,1.4279811096191406,derived_from_NHTSA_Venza_FE,engineering_reference_prior
P2000308,2000308,15804_S-A_Roof_Side_Outer_Upper_Outside_Member_LH,roof,steel,0.07720203475519925,0.48482877826265136,0.8,7850.000000000001,520.0,0.9,1.25,-3.4080655976227603,0.6546616655999195,1.3590329418034721,-3.553913513183594,0.5225142059326171,1.1525692443847657,-3.235789855957031,0.7748433380126953,1.5127816772460938,derived_from_NHTSA_Venza_FE,engineering_reference_prior
P2000309,2000309,15805_S-A_Roof_Side_Outer_Middle_Outside_Member_LH,roof,steel,0.04143732500282926,0.2602264010177678,0.8,7850.000000000001,520.0,0.9,1.2432396861399002,-3.589552306361234,0.7564492525179614,1.1204449924533104,-3.7461775512695312,0.7289166564941407,1.0193433837890624,-3.442864827473958,0.7916703948974609,1.206168914794922,derived_from_NHTSA_Venza_FE,engineering_reference_prior
P2000310,2000310,15806_S-A_Roof_Side_Outer_Lower_Inside_Member_LH,roof,steel,0.07632083732149601,0.5392067156763695,0.9,7850.000000000001,520.0,0.9,1.2422474646126693,-3.721456025316074,0.8278746385372295,1.0129998389732633,-3.8615209350585937,0.7453888854980468,0.8785069885253907,-3.579707763671875,0.9108157653808594,1.16414501953125,derived_from_NHTSA_Venza_FE,engineering_reference_prior
P2000311,2000311,15807_S-A_Roof_Side_Outer_Upper_Inside_Member_LH,roof,steel,0.09513320206856637,0.6721160726144216,0.9,7850.000000000001,520.0,0.9,1.25,-3.417966034612849,0.6767558020540536,1.3234690551287103,-3.61904541015625,0.5272278747558594,1.0667629699707033,-3.184571960449219,0.7985702056884765,1.5132109375,derived_from_NHTSA_Venza_FE,engineering_reference_prior
P2000312,2000312,15851_S-A_Roof_Side_Outer_Lower_Outside_Member_LH,roof,steel,0.08374904918981893,1.1176310614381337,1.7,7850.000000000001,520.0,0.9,1.2309343041391936,-3.7291074116148097,-0.8315447046637146,0.9504755065992161,-3.8527211914062502,-0.9362160949707031,0.8385491333007813,-3.6030279134114584,-0.7435924987792969,1.0661217651367187,derived_from_NHTSA_Venza_FE,engineering_reference_prior
P2000313,2000313,15852_S-A_Roof_Side_Outer_Upper_Inside_Small_Reinforcement_LH,roof,steel,0.003643789916548911,0.04862637643634522,1.7,7850.000000000001,520.0,0.9,1.25,-3.4218930196428055,-0.6795281988480075,1.3315059232117559,-3.4503036295572915,-0.6993222045898437,1.2901095377604166,-3.391644124348958,-0.6589526163736978,1.371311075846354,derived_from_NHTSA_Venza_FE,engineering_reference_prior
P2000314,2000314,15853_S-A_Roof_Side_Outer_Upper_Inside_Reinforcement_LH,roof,steel,0.017240953068158277,0.216546370536068,1.6,7850.000000000001,520.0,0.9,1.25,-3.420764401363992,-0.6874821555102867,1.3351365417660424,-3.503508850097657,-0.7347586669921875,1.241995330810547,-3.328536560058594,-0.6505484466552736,1.4279811096191406,derived_from_NHTSA_Venza_FE,engineering_reference_prior
P2000315,2000315,15854_S-A_Roof_Side_Outer_Upper_Outside_Member_LH,roof,steel,0.07755431998959594,0.48704112953466255,0.8,7850.000000000001,520.0,0.9,1.25,-3.407966946974211,-0.6548950962571074,1.3588397000385328,-3.553965026855469,-0.7755832672119141,1.1528735961914063,-3.235807006835938,-0.5225146942138672,1.5127816772460938,derived_from_NHTSA_Venza_FE,engineering_reference_prior
P2000316,2000316,15855_S-A_Roof_Side_Outer_Middle_Outside_Member_LH,roof,steel,0.04167434036249903,0.2617148574764939,0.8,7850.000000000001,520.0,0.9,1.2429005946334548,-3.5900271059104907,-0.7559391435795006,1.1196324034705054,-3.746067504882813,-0.7907602081298828,1.0193433837890624,-3.4429130859374997,-0.728724105834961,1.2065570068359377,derived_from_NHTSA_Venza_FE,engineering_reference_prior
P2000317,2000317,15856_S-A_Roof_Side_Outer_Lower_Inside_Member_LH,roof,steel,0.07638493516425963,0.5396595669354944,0.9,7850.000000000001,520.0,0.9,1.241583549146133,-3.72139612869017,-0.8259970542142977,1.0121323941721938,-3.8614178466796876,-0.9089930114746093,0.8775711059570314,-3.578977620442708,-0.7439307556152344,1.1632091979980468,derived_from_NHTSA_Venza_FE,engineering_reference_prior
P2000318,2000318,15857_S-A_Roof_Side_Outer_Upper_Inside_Member_LH,roof,steel,0.09515628933612076,0.6722791841596933,0.9,7850.000000000001,520.0,0.9,1.25,-3.418028851993411,-0.6767843874941846,1.3233902260883303,-3.61904541015625,-0.7985708160400391,1.066762969970703,-3.184571960449219,-0.5272283630371094,1.5132109375,derived_from_NHTSA_Venza_FE,engineering_reference_prior
P2000319,2000319,15901_Panel_S-A_Roof_Side_Inner_Upper_Outside_Member_LH,roof,steel,0.12875712464276443,0.8085947427565607,0.8,7850.000000000001,520.0,0.9,1.25,-4.033570855696485,0.6385756352573351,1.3044209885161169,-4.248946166992187,0.47481083170572913,1.0866681823730469,-3.849712707519531,0.7600373229980468,1.4777330932617188,derived_from_NHTSA_Venza_FE,engineering_reference_prior
P2000320,2000320,15902_Panel_S-A_Roof_Side_Inner_Lower_Outside_Member_LH,roof,steel,0.1475018804576697,0.9263118092741659,0.8,7850.000000000001,520.0,0.9,1.25,-4.358946728755847,0.6936584997943247,0.9342658626113989,-4.508817138671875,0.5486057891845704,0.6960220336914062,-4.14473095703125,0.7730941009521485,1.1829886169433594,derived_from_NHTSA_Venza_FE,engineering_reference_prior
P2000321,2000321,15903_Panel_S-A_Roof_Side_Inner_Upper_Inside_Member_LH,roof,steel,0.06826707693048514,0.8574344862468936,1.6,7850.000000000001,520.0,0.9,1.25,-3.9283244099076207,0.44093934259392636,1.4366683234650541,-4.032995300292969,0.2744277801513672,1.3662537231445313,-3.839652587890625,0.6616487579345705,1.4841640625,derived_from_NHTSA_Venza_FE,engineering_reference_prior
P2000322,2000322,15904_Panel_S-A_Roof_Side_Inner_Middle_Inside_Member_LH,roof,steel,0.13997007333669526,0.8790120605544464,0.8,7850.000000000001,520.0,0.9,1.25,-4.048977828904198,0.6325436590691665,1.2484525829588387,-4.331543701171875,0.46603378295898434,1.0314721069335937,-3.849504638671875,0.7500988769531249,1.471343475341797,derived_from_NHTSA_Venza_FE,engineering_reference_prior
P2000323,2000323,15905_Panel_S-A_Roof_Side_Inner_Lower_Inside_Member_LH,roof,steel,0.15097799300831,0.948141796092187,0.8,7850.000000000001,520.0,0.9,1.25,-4.3889477466955125,0.6519731680810771,0.8253290119048603,-4.526025553385416,0.48754399871826176,0.5824919738769532,-4.199390502929687,0.7663488159179689,1.1148869323730468,derived_from_NHTSA_Venza_FE,engineering_reference_prior
P2000324,2000324,15906_Panel_S-A_Roof_Side_Inner_Lower_Inside_Member_Bracket_LH,roof,steel,0.004393528896018988,0.05173380275062359,1.5,7850.000000000001,520.0,0.9,1.248762350758117,-4.382734945569323,0.6661962192708839,0.7096776784954983,-4.426988403320313,0.6489808807373048,0.6593760375976563,-4.359571899414062,0.6906376037597657,0.78119482421875,derived_from_NHTSA_Venza_FE,engineering_reference_prior
P2000325,2000325,15910_Panel_S-A_Roof_Side_Inner_Upper_Middle_Member_LH,roof,steel,0.021579910759547426,0.2879839090861604,1.7,7850.000000000001,520.0,0.9,1.25,-3.958969400572891,0.643484972824559,1.3131166777606462,-4.027484375,0.5680848592122395,1.2363464965820312,-3.893879150390625,0.7360750579833985,1.373664245605469,derived_from_NHTSA_Venza_FE,engineering_reference_prior
P2000326,2000326,15951_Panel_S-A_Roof_Side_Inner_Upper_Outside_Member_LH,roof,steel,0.12875217228348054,0.8085636419402579,0.8,7850.000000000001,520.0,0.9,1.25,-4.033570938376747,-0.6385817537572539,1.3044189809522213,-4.248946166992187,-0.7600379333496095,1.0866681823730469,-3.849712707519531,-0.47481144205729164,1.4777330932617185,derived_from_NHTSA_Venza_FE,engineering_reference_prior
P2000327,2000327,15952_Panel_S-A_Roof_Side_Inner_Lower_Outside_Member_LH,roof,steel,0.14750188093616853,0.9263118122791386,0.8,7850.000000000001,520.0,0.9,1.25,-4.358946728373888,-0.6936592205828546,0.9342658624609858,-4.5088171386718745,-0.7730948333740235,0.6960220336914062,-4.144730957031251,-0.5486065216064453,1.1829886169433594,derived_from_NHTSA_Venza_FE,engineering_reference_prior
P2000328,2000328,15953_Panel_S-A_Roof_Side_Inner_Upper_Inside_Member_LH,roof,steel,0.0682494246297662,0.8572127733498636,1.6,7850.000000000001,520.0,0.9,1.25,-3.928300101870291,-0.44092589256357717,1.4366854626793604,-4.032995300292969,-0.6615225677490235,1.366376403808594,-3.839652587890625,-0.27442839050292966,1.4841640625,derived_from_NHTSA_Venza_FE,engineering_reference_prior
P2000329,2000329,15954_Panel_S-A_Roof_Side_Inner_Middle_Inside_Member_LH,roof,steel,0.13997009451424586,0.8790121935494641,0.8,7850.000000000001,520.0,0.9,1.25,-4.048977742452861,-0.6325440130998713,1.248452316580494,-4.331543701171875,-0.7500994873046875,1.031472106933594,-3.849504638671875,-0.46603439331054686,1.4713434753417969,derived_from_NHTSA_Venza_FE,engineering_reference_prior
P2000330,2000330,15955_Panel_S-A_Roof_Side_Inner_Lower_Inside_Member_LH,roof,steel,0.15111192465555648,0.9489828868368949,0.8,7850.000000000001,520.0,0.9,1.25,-4.388865470362371,-0.6520450313319314,0.8254409538008902,-4.526025553385416,-0.7663495483398438,0.5822256774902344,-4.199390502929687,-0.48754473114013674,1.114886932373047,derived_from_NHTSA_Venza_FE,engineering_reference_prior
P2000331,2000331,15956_Panel_S-A_Roof_Side_Inner_Lower_Inside_Member_Bracket_LH,roof,steel,0.004389088632483202,0.05168151864748971,1.5,7850.000000000001,520.0,0.9,1.2487393179098465,-4.382740461933828,-0.6661961116882378,0.7096209221266997,-4.426988403320313,-0.6906383361816406,0.6593760375976563,-4.359571899414062,-0.6489816131591797,0.7810483194986979,derived_from_NHTSA_Venza_FE,engineering_reference_prior
P2000332,2000332,15960_Panel_S-A_Roof_Side_Inner_Upper_Middle_Member_LH,roof,steel,0.021579910759547405,0.2879839090861601,1.7,7850.000000000001,520.0,0.9,1.25,-3.958969400572891,-0.6434855831761224,1.313116677760646,-4.027484375,-0.736075668334961,1.2363464965820312,-3.893879150390625,-0.568085469563802,1.3736642456054688,derived_from_NHTSA_Venza_FE,engineering_reference_prior
P2000340,2000340,16008_rear_wheelhouse_doubler_LH,rear_body,steel,0.07945724983965112,0.4989915289930091,0.8,7850.000000000001,520.0,0.9,0.8851847683602252,-3.3934152733340808,0.6664141394930528,0.6538813493648487,-3.553586507161458,0.6291002655029296,0.4760917587280274,-3.257011474609375,0.7378436279296876,0.8319962158203126,derived_from_NHTSA_Venza_FE,engineering_reference_prior
P2000351,2000351,16058_rear_wheelhouse_doubler_RH,rear_body,steel,0.08374754139019805,0.5259345599304438,0.8,7850.000000000001,520.0,0.9,0.8855595313569637,-3.3972300260474197,-0.6680173244612079,0.6612083510941507,-3.553453063964844,-0.7368439178466797,0.47596382904052736,-3.257106201171875,-0.6282322235107423,0.8534276275634767,derived_from_NHTSA_Venza_FE,engineering_reference_prior
P2000355,2000355,16101_Roof_Panel,roof,steel,2.656717955696586,18.769712356996383,0.9,7850.000000000001,520.0,0.9,1.25,-2.940035267352543,-0.0001595761456741385,1.5357730427768164,-4.035323791503907,-0.6221212158203125,1.4071878967285156,-1.8396197814941406,0.6220810546875,1.5761232299804688,derived_from_NHTSA_Venza_FE,engineering_reference_prior
P2000356,2000356,16102_Roof_Cross_Member_at_D-Plr_Upper_(Lift_Gate_Pillar),roof,steel,0.18005722721994374,1.130759386941247,0.8,7850.000000000001,520.0,0.9,1.25,-3.918145209435802,-0.0018332478785055648,1.484766359598942,-4.002011800130209,-0.5126865946451823,1.4285485026041664,-3.852547302246094,0.5101863403320313,1.5173303222656251,derived_from_NHTSA_Venza_FE,engineering_reference_prior
P2000357,2000357,16103_Roof_Cross_Member_at_D-Plr_Lower_Center_(Lift_Gate_Pillar,roof,steel,0.11417403227931518,0.7170129227140994,0.8,7850.000000000001,520.0,0.9,1.25,-3.928281584860608,0.0003015092789624533,1.4524036163357523,-4.021654296875,-0.2883717956542969,1.4266733093261719,-3.8516893717447913,0.28735227966308596,1.4935902099609375,derived_from_NHTSA_Venza_FE,engineering_reference_prior
P2000358,2000358,16104_Roof_Cross_Member_Rear_of_Between_C-Plr_and_B-Plr,roof,steel,0.07156346851737899,0.33706393671685503,0.6,7850.000000000001,520.0,0.9,1.25,-3.12929930124803,-5.292049190995089e-05,1.5488593870874727,-3.1561527709960937,-0.5655120697021485,1.5187553304036459,-3.1031585693359376,0.5654778289794922,1.5650739135742189,derived_from_NHTSA_Venza_FE,engineering_reference_prior
P2000359,2000359,16105_Roof_Cross_Member_at_C-Plr,roof,steel,0.08302423465264824,0.45621816941630217,0.7,7850.000000000001,520.0,0.9,1.25,-3.3538079973527983,-2.6511498941205277e-05,1.538226631771724,-3.4177649536132817,-0.5599856414794923,1.5090003967285157,-3.292179260253906,0.5599896240234375,1.5560476989746093,derived_from_NHTSA_Venza_FE,engineering_reference_prior
P2000360,2000360,16106_Roof_Cross_Member_Between_D-Plr_and_C-Plr,roof,steel,0.07006896510586218,0.33002482564861085,0.6,7850.000000000001,520.0,0.9,1.25,-3.63759864267285,-4.367942169072273e-05,1.521805327260575,-3.6646458129882813,-0.5521568145751953,1.4913751831054687,-3.6119609375,0.5521442871093749,1.5386752319335937,derived_from_NHTSA_Venza_FE,engineering_reference_prior
P2000361,2000361,16107_Roof_Cross_Member_Front_of_Between_C-Plr_and_B-Plr,roof,steel,0.08093498717997513,0.508271719490244,0.8,7850.000000000001,520.0,0.9,1.25,-2.8933147500206453,-0.00038811007128991456,1.5517412023379926,-2.9241683349609375,-0.5693675689697266,1.5235915527343749,-2.8625131022135415,0.5689666290283203,1.5690658874511718,derived_from_NHTSA_Venza_FE,engineering_reference_prior
P2000362,2000362,16108_Roof_Cross_Member_Upper_at_B-Plr,roof,steel,0.21329935614916956,1.6743999457709813,1.0,7850.000000000001,520.0,0.9,1.25,-2.5755533272794966,0.0015670804129665308,1.5429326240264123,-2.651837646484375,-0.5386149291992187,1.5065726928710936,-2.4980607299804687,0.5420340881347656,1.5631551513671873,derived_from_NHTSA_Venza_FE,engineering_reference_prior
P2000363,2000363,16109_Roof_Cross_Member_Lower_at_B-Plr,roof,steel,0.18104022214396276,2.842331487660216,2.0,7850.000000000001,520.0,0.9,1.25,-2.575759427029508,0.0010579801878153302,1.5573533330368508,-2.653524841308594,-0.5742207794189453,1.5200841979980468,-2.4990091552734373,0.5764648284912111,1.5708601074218753,derived_from_NHTSA_Venza_FE,engineering_reference_prior
P2000364,2000364,16110_Roof_Cross_Member_Lower_at_A-Plr,roof,steel,0.14477771506656728,0.7955535442907873,0.7,7850.000000000001,520.0,0.9,1.25,-1.9116148443549525,-6.171766594955351e-07,1.444496356977535,-1.9993769226074218,-0.4859118804931641,1.4227045898437498,-1.844676574707031,0.4859116363525391,1.4777348022460939,derived_from_NHTSA_Venza_FE,engineering_reference_prior
P2000365,2000365,16111_Roof_Cross_Member_Upper_at_A-Plr,roof,steel,0.1313061109857926,0.7215270798669304,0.7,7850.000000000001,520.0,0.9,1.25,-1.912036754302248,-6.639543066066809e-05,1.467593416343482,-1.9998465270996095,-0.4845177688598633,1.4400255126953123,-1.8447803344726563,0.48451752471923826,1.4879319763183594,derived_from_NHTSA_Venza_FE,engineering_reference_prior
P2000366,2000366,16112_Roof_Cross_Member_Center_Console_Mounting_Bracket_at_A-Plr,roof,steel,0.05467687889841947,0.34337079948207433,0.8,7850.000000000001,520.0,0.9,1.25,-2.019115548023579,-2.818431215806519e-06,1.4853598753306314,-2.1088267415364585,-0.12825641123453776,1.4440143229166666,-1.9166829833984373,0.12825611114501953,1.5321970825195315,derived_from_NHTSA_Venza_FE,engineering_reference_prior
P2000367,2000367,16201_Roof_Side_Rail_Inner_LH,roof,steel,0.21038214830060747,3.0717897473371703,1.86,7850.000000000001,520.0,0.9,1.25,-2.534886848931756,0.6139259571061308,1.4753942902692856,-3.2445592651367186,0.527370620727539,1.3051783142089843,-1.767340576171875,0.6864485270182292,1.5251249084472656,derived_from_NHTSA_Venza_FE,engineering_reference_prior
P2000368,2000368,16202_Roof_Side_Rail_Inner_Reinf,roof,steel,0.03471388106360979,0.5450079326986739,2.0,7850.000000000001,520.0,0.9,1.25,-2.491216167215693,0.6127117633124137,1.4943076829290134,-2.7491760864257815,0.5903453521728516,1.4562023315429689,-2.2415098266601565,0.6312439117431641,1.5182688903808594,derived_from_NHTSA_Venza_FE,engineering_reference_prior
P2000369,2000369,16203_Roof_Side_Rail_Inner_Inside_LH,roof,steel,0.14126992500143493,1.8076193253558608,1.63,7850.000000000001,520.0,0.9,1.25,-2.667670455425796,0.5919940382462646,1.4775881899777388,-3.270860778808594,0.5290690460205079,1.3996425781250001,-2.045029571533203,0.6368795623779296,1.5218575439453124,derived_from_NHTSA_Venza_FE,engineering_reference_prior
P2000370,2000370,16251_Roof_Side_Rail_Inner_LH,roof,steel,0.21044880090457294,3.07276294200767,1.86,7850.000000000001,520.0,0.9,1.25,-2.5347969428889816,-0.613926377094747,1.475391528572784,-3.244559265136719,-0.6864487711588542,1.3046493835449218,-1.767340576171875,-0.5273711090087891,1.5251249084472656,derived_from_NHTSA_Venza_FE,engineering_reference_prior
P2000371,2000371,16252_Roof_Side_Rail_Inner_Reinf,roof,steel,0.03471534549323535,0.5450309242437951,2.0,7850.000000000001,520.0,0.9,1.25,-2.491220011668449,-0.6127121266707323,1.4943083865515685,-2.7491760864257815,-0.6312442779541017,1.4562023315429689,-2.2415098266601565,-0.590345718383789,1.5182688903808594,derived_from_NHTSA_Venza_FE,engineering_reference_prior
P2000372,2000372,16253_Roof_Side_Rail_Inner_Inside_LH,roof,steel,0.14132535037404426,1.8083285207110833,1.63,7850.000000000001,520.0,0.9,1.25,-2.667238553668942,-0.5920232834968703,1.477587600272246,-3.270834411621094,-0.6381195373535157,1.400486877441406,-2.0449144287109378,-0.5290695343017578,1.5218575439453126,derived_from_NHTSA_Venza_FE,engineering_reference_prior
P2000373,2000373,16301_Roof_Cross_Member_End_Bracket_at_B-Plr,roof,steel,0.0063460668681224516,0.12454156228690313,2.5,7850.000000000001,520.0,0.9,1.25,-2.576682714057319,0.5665998869144204,1.502885390962126,-2.624435485839844,0.5357730102539062,1.4812625122070313,-2.529860188802083,0.5903850708007812,1.515192108154297,derived_from_NHTSA_Venza_FE,engineering_reference_prior
P2000374,2000374,16351_Roof_Cross_Member_End_Bracket_at_B-Plr,roof,steel,0.006345687131872431,0.12453410996299649,2.5,7850.000000000001,520.0,0.9,1.25,-2.5766836712798074,-0.5666000134675538,1.5028866060985833,-2.624435485839844,-0.5903854370117188,1.4812625122070313,-2.5298602701822914,-0.5357733764648438,1.515192108154297,derived_from_NHTSA_Venza_FE,engineering_reference_prior
P2000375,2000375,17101_Rear_Dash_Floor_Panel,underbody,steel,1.0694980704916162,5.876891897351431,0.7,7850.000000000001,520.0,0.9,0.5963351571594872,-3.359702020594791,-0.006096163711755476,0.46495072141017363,-3.793560974121094,-0.7114677886962891,0.36940933227539063,-2.952539245605469,0.7095510660807292,0.5646142272949219,derived_from_NHTSA_Venza_FE,engineering_reference_prior
P2000376,2000376,17102_Control_Floor_Panel_Reinforcement,underbody,steel,0.12643346402480035,1.389503769632556,1.4,7850.000000000001,520.0,0.9,0.6020460729352667,-3.445909299118418,-0.002512822728973272,0.4689541347297203,-3.5434183349609376,-0.27064018249511723,0.39420745849609373,-3.3257190551757816,0.26620356750488283,0.5285542602539062,derived_from_NHTSA_Venza_FE,engineering_reference_prior
P2000377,2000377,17103_Control_Floor_Panel_Reinforcement_Mounting_Point_LH,underbody,steel,0.006246784930256454,0.08336334489427238,1.7,7850.000000000001,520.0,0.9,0.6125292208368249,-3.3859995700309105,0.19210539354925862,0.4165912470063429,-3.414480590820313,0.15627100372314454,0.4002362213134766,-3.3560272827148436,0.22792660903930664,0.4340576858520508,derived_from_NHTSA_Venza_FE,engineering_reference_prior
P2000378,2000378,17153_Control_Floor_Panel_Reinforcement_Mounting_Point_LH,underbody,steel,0.00621253518897742,0.08290628209690366,1.7,7850.000000000001,520.0,0.9,0.6127789312818988,-3.38664745053342,-0.1984727572376716,0.4172343726789577,-3.4149552001953123,-0.23432417678833006,0.40093028259277347,-3.3572041015625,-0.16266857147216798,0.4345881805419922,derived_from_NHTSA_Venza_FE,engineering_reference_prior
P2000379,2000379,17201_Control_Floor_Panel_Cross_Member,underbody,steel,0.2382680089660809,2.992646192613977,1.6,7850.000000000001,520.0,0.9,0.5769456070728314,-2.9221404688285704,0.0010472065074542262,0.4307993479722321,-3.0192854614257816,-0.6870582885742187,0.2920734558105469,-2.8891123046875,0.6869608357747395,0.47794794464111334,derived_from_NHTSA_Venza_FE,engineering_reference_prior
P2000380,2000380,17202_Control_Floor_Panel_Cross_Member_Ending_Member_LH,underbody,steel,0.02976675142368474,0.3738703978814804,1.6,7850.000000000001,520.0,0.9,0.6420841373363668,-2.9629063915012597,0.6542269782085482,0.4090574042807326,-3.0564160766601565,0.5837289123535156,0.3457107086181641,-2.9091142578125004,0.7254376831054687,0.46214649963378907,derived_from_NHTSA_Venza_FE,engineering_reference_prior
P2000381,2000381,17203_Control_Floor_Panel_Cross_Member_Main_Member_Inside_Reinforcement_1_,underbody,steel,0.005068222181271808,0.0795710882459674,2.0,7850.000000000001,520.0,0.9,0.5823228629960481,-2.907589937352981,0.16969939240470103,0.42788863072085853,-2.911269348144531,0.11484902191162108,0.4050461807250977,-2.9058411254882817,0.2248084297180176,0.44734956359863287,derived_from_NHTSA_Venza_FE,engineering_reference_prior
P2000382,2000382,17204_Control_Floor_Panel_Cross_Member_Main_Member_Inside_Reinforcement_2_,underbody,steel,0.005109686862955826,0.08022208374840648,2.0,7850.000000000001,520.0,0.9,0.6199081139762928,-2.911068592461107,0.5152654079662355,0.41751468956618,-2.9155526733398434,0.4615903625488281,0.38485313415527345,-2.9090899658203124,0.5707313385009765,0.4461551208496094,derived_from_NHTSA_Venza_FE,engineering_reference_prior
P2000383,2000383,17205_Control_Floor_Panel_Cross_Member_Main_Member_Inside_Reinforcement_3,underbody,steel,0.029672298632211942,0.3726840708205821,1.6,7850.000000000001,520.0,0.9,0.56752716156307,-2.914961542380616,-0.00041542610074273966,0.4671516234062898,-2.9360527954101565,-0.4624551620483399,0.4455927886962891,-2.9087738037109374,0.4651737670898437,0.4733646240234375,derived_from_NHTSA_Venza_FE,engineering_reference_prior
P2000392,2000392,17217_Rear_Shock_Tower_Cross_Member_attached_L-Bracket_LH,rear_body,steel,0.0011131706978469537,0.01835061895400704,2.1,7850.000000000001,520.0,0.9,0.8534776569468532,-3.6571739152362004,0.32288635865473186,0.6363494731622273,-3.66837255859375,0.30913175201416015,0.6077091217041015,-3.641802978515625,0.33563737487792966,0.6581772918701172,derived_from_NHTSA_Venza_FE,engineering_reference_prior
P2000393,2000393,17218_Rear_Shock_Tower_Cross_Member_Reinf_Bracket_LH,rear_body,steel,0.018352838942797284,0.23051165712153393,1.6,7850.000000000001,520.0,0.9,0.846700449691719,-3.5954397445634103,0.22963716159303907,0.539882792466814,-3.6604961547851564,0.15517252349853516,0.5348658752441406,-3.534813171386719,0.30307014465332033,0.5491945343017578,derived_from_NHTSA_Venza_FE,engineering_reference_prior
P2000394,2000394,17219_Rear_Shock_Tower_Cross_Member_attached_L-Bracket_Center,rear_body,steel,0.0011290542938343418,0.018612460033859128,2.1,7850.000000000001,520.0,0.9,0.8341551360841493,-3.6624840293780028,-0.0013008203642346497,0.6342738225438779,-3.6710616048177083,-0.012657926082611085,0.6066947479248046,-3.6485734252929687,0.011129111925760904,0.6580577850341797,derived_from_NHTSA_Venza_FE,engineering_reference_prior
P2000395,2000395,17220_Rear_Shock_Tower_Cross_Member_attached_L-Bracket_PH,rear_body,steel,0.0010334628362412828,0.01703663485543755,2.1,7850.000000000001,520.0,0.9,0.8533241489803167,-3.652554642809036,-0.3251222617065489,0.6342087954716025,-3.663209798177083,-0.338241943359375,0.6058042144775391,-3.6365272216796876,-0.3106941986083984,0.6577117462158203,derived_from_NHTSA_Venza_FE,engineering_reference_prior
P2000396,2000396,17221_Rear_Shock_Tower_Cross_Member_Reinf_Bracket_LH,rear_body,steel,0.008101651458656255,0.10811653871576773,1.7,7850.000000000001,520.0,0.9,0.8630767693729264,-3.590844967778479,-0.3788835723812291,0.5366163415840398,-3.6432767333984377,-0.4313016586303711,0.5271089630126953,-3.5447938842773437,-0.3314702072143555,0.5502916870117187,derived_from_NHTSA_Venza_FE,engineering_reference_prior
P2000397,2000397,17222_Inside_Rear_Crossmember_to_Rear_Shocktowers,side_and_closure,steel,0.2704655402063308,3.397047184991515,1.6,7850.000000000001,520.0,0.9,0.9359382754518901,-3.7061345159959482,-0.0025179991283632184,0.6002408036834721,-3.787577392578125,-0.47029799652099613,0.539722915649414,-3.6268037109375,0.46734735107421876,0.6690318908691406,derived_from_NHTSA_Venza_FE,engineering_reference_prior
P2000400,2000400,17252_Control_Floor_Panel_Cross_Member_Ending_Member_LH,underbody,steel,0.029766751423684738,0.37387039788148035,1.6,7850.000000000001,520.0,0.9,0.6420660210544289,-2.962906391501259,-0.6542274664897983,0.40905740428073245,-3.056416076660157,-0.7254381713867187,0.34571070861816405,-2.9091142578125,-0.5837294006347656,0.46214649963378907,derived_from_NHTSA_Venza_FE,engineering_reference_prior
P2000401,2000401,17203_Control_Floor_Panel_Cross_Member_Main_Member_Inside_Reinforcement_1_,underbody,steel,0.004845028931563317,0.0760669542255441,2.0,7850.000000000001,520.0,0.9,0.5824903243393028,-2.9084228170019837,-0.16976408452001254,0.4273275013798034,-2.9117291259765627,-0.22446323394775392,0.40500799560546874,-2.906840026855469,-0.11521626091003417,0.44701743316650394,derived_from_NHTSA_Venza_FE,engineering_reference_prior
P2000402,2000402,17204_Control_Floor_Panel_Cross_Member_Main_Member_Inside_Reinforcement_2_,underbody,steel,0.005109584946429809,0.08022048365894802,2.0,7850.000000000001,520.0,0.9,0.6198912921329967,-2.9110680362533943,-0.5152647116171837,0.41751463648137577,-2.915552673339844,-0.570731430053711,0.38485313415527345,-2.9090899658203124,-0.46159078979492185,0.4461551208496094,derived_from_NHTSA_Venza_FE,engineering_reference_prior
P2000407,2000407,17301_Rear_Floor_Cross_Member,underbody,steel,0.4843949781183804,3.802500578229287,1.0,7850.000000000001,520.0,0.9,0.5998839092914623,-2.8998524850876195,-0.003398485715225527,0.34031642487084535,-3.0567505493164067,-0.7226758422851562,0.2351721343994141,-2.7971525878906247,0.7251570892333985,0.4742698669433594,derived_from_NHTSA_Venza_FE,engineering_reference_prior
P2000408,2000408,17302_Rear_Floor_Cross_Member_Side_Bracket_LH,underbody,steel,0.017682917803084463,0.13881090475421304,1.0,7850.000000000001,520.0,0.9,0.6410449708442221,-2.874702703767566,0.4563316879930756,0.27873020960489564,-2.93401904296875,0.4260221405029297,0.20418705368041992,-2.826067626953125,0.486244140625,0.3799150009155273,derived_from_NHTSA_Venza_FE,engineering_reference_prior
P2000409,2000409,17303_Rear_Floor_Cross_Member_Middle_Bracket_LH,underbody,steel,0.02959278572883795,0.46460673594275587,2.0,7850.000000000001,520.0,0.9,0.6299836194772053,-2.8734389634946464,0.325601594130157,0.27592174456900015,-2.898830322265625,0.2432850227355957,0.21528518676757813,-2.8250201416015623,0.3911183395385742,0.3905256881713867,derived_from_NHTSA_Venza_FE,engineering_reference_prior
P2000410,2000410,17311__Floor_Rear_Tunnel_Cross_Member_Front,underbody,steel,0.08640459077545469,1.1530692638984428,1.7,7850.000000000001,520.0,0.9,0.6079646157767084,-1.961626810392996,-0.004777653257897093,0.31341543908245045,-2.0180027770996096,-0.2438432960510254,0.23896503829956056,-1.9084560241699218,0.24373493194580076,0.38423359680175784,derived_from_NHTSA_Venza_FE,engineering_reference_prior
P2000411,2000411,17313__Floor_Rail_Rear_Member_LH,underbody,steel,0.10997355477371594,1.2949386074605054,1.5,7850.000000000001,520.0,0.9,0.6500295169171219,-2.440482122202622,0.4553431568125484,0.22004035416246048,-2.865230285644531,0.40715106964111325,0.20053773498535155,-2.0575631713867186,0.5039026412963867,0.2509359181722005,derived_from_NHTSA_Venza_FE,engineering_reference_prior
P2000412,2000412,17352_Rear_Floor_Cross_Member_Side_Bracket_RH,underbody,steel,0.018018109564641168,0.14144216008243318,1.0,7850.000000000001,520.0,0.9,0.6408165549111903,-2.874614961594673,-0.45425003845796763,0.2787477380711952,-2.932912292480469,-0.48470132446289066,0.20334332275390626,-2.826168884277344,-0.424024528503418,0.3813223419189453,derived_from_NHTSA_Venza_FE,engineering_reference_prior
P2000413,2000413,17353_Rear_Floor_Cross_Member_Middle_Bracket_RH,underbody,steel,0.038585247860224436,0.6057883914055237,2.0,7850.000000000001,520.0,0.9,0.6310796588447523,-2.87263225706176,-0.32340428486131495,0.27080283060842975,-2.8975867919921874,-0.41278291320800786,0.21514273834228517,-2.8247747192382815,-0.21472230529785158,0.3895421905517578,derived_from_NHTSA_Venza_FE,engineering_reference_prior
P2000414,2000414,17313__Floor_Rail_Rear_Member_RH,underbody,steel,0.10913003272156777,1.2850061352964606,1.5,7850.000000000001,520.0,0.9,0.6500662121001108,-2.440514853121392,-0.4553253620123338,0.21983942754382527,-2.8652302856445315,-0.5039274291992187,0.20053773498535157,-2.0575631713867186,-0.4071520309448242,0.25074181365966797,derived_from_NHTSA_Venza_FE,engineering_reference_prior
P2000415,2000415,17401_Rear_Floor_Cross_Member_NO.2,underbody,steel,0.23379965179890153,3.120056353256341,1.7,7850.000000000001,520.0,0.9,0.6181005690371026,-3.7111144320068945,-0.0008633603341004785,0.5047577542463886,-3.7934045410156254,-0.4926847152709961,0.46423331705729165,-3.625766296386719,0.4908579864501953,0.5383120727539062,derived_from_NHTSA_Venza_FE,engineering_reference_prior
P2000416,2000416,17501_Rear_Floor_Panel_Reinforcement_NO.1_LH,underbody,steel,0.08191435899854298,1.093147120835556,1.7,7850.000000000001,520.0,0.9,0.681676365397913,-4.189752625176315,0.5281468012216257,0.5501571132540969,-4.5008175048828125,0.44582291412353514,0.5248463439941407,-3.8115982666015626,0.5986028289794922,0.6066019490559896,derived_from_NHTSA_Venza_FE,engineering_reference_prior
P2000417,2000417,17551_Rear_Trunk_Rail__Upper_Panel_RH,rear_body,steel,0.08176253074881061,1.0911209728428777,1.7,7850.000000000001,520.0,0.9,0.9441932975124071,-4.187270284899743,-0.5326522668866144,0.5497082186567973,-4.501556396484375,-0.6060937805175781,0.5239405059814453,-3.811054626464844,-0.44833013916015624,0.6060652618408204,derived_from_NHTSA_Venza_FE,engineering_reference_prior
P2000426,2000426,17601_Floor_Side_Inner_Member_LH,underbody,steel,0.36856904312424565,4.0505737839354605,1.4,7850.000000000001,520.0,0.9,0.6689161435730484,-2.1843370364768,0.7138662214947803,0.27644022877522156,-2.868733581542969,0.6765719604492189,0.20529320907592774,-1.5051354370117187,0.7635555267333984,0.3487799072265625,derived_from_NHTSA_Venza_FE,engineering_reference_prior
P2000427,2000427,17602_Floor_Side_Inner_Member_Reinforcement_1_LH,underbody,steel,0.04384264721912425,0.5850801271392132,1.7,7850.000000000001,520.0,0.9,0.6659389586463995,-2.3851990331244277,0.7044429842353209,0.2774456802910388,-2.500802795410156,0.6825868530273438,0.22301377868652345,-2.269855224609375,0.7442692413330079,0.32831047821044923,derived_from_NHTSA_Venza_FE,engineering_reference_prior
P2000428,2000428,17603_Floor_Side_Inner_Member_Reinforcement_2_LH,underbody,steel,0.018471536970742386,0.24650266087455716,1.7,7850.000000000001,520.0,0.9,0.6733737121494909,-1.9568495752961534,0.718142143034586,0.27688439510291424,-2.008181701660156,0.6826237335205078,0.22308574676513673,-1.9059571228027343,0.7565357208251954,0.3295107727050781,derived_from_NHTSA_Venza_FE,engineering_reference_prior
P2000429,2000429,17604_Floor_Side_Inner_Member_Reinforcement_3_LH,underbody,steel,0.07385712797306603,1.1595569091771367,2.0,7850.000000000001,520.0,0.9,0.6589025767212343,-2.1853019667459317,0.6976144611957029,0.31663381869060125,-2.8327341918945317,0.684050760904948,0.2956032867431641,-1.5368031412760417,0.723972915649414,0.3271999893188477,derived_from_NHTSA_Venza_FE,engineering_reference_prior
P2000430,2000430,17605_Floor_Side_Inner_Member_Reinforcement_4_LH,underbody,steel,0.009330384040435437,0.07324351471741819,1.0,7850.000000000001,520.0,0.9,0.6692207692176275,-2.6128549327206625,0.7197954400807458,0.2744554935853071,-2.6251741333007814,0.6832940216064454,0.22278094482421876,-2.6052544555664063,0.7544390258789062,0.33112515258789066,derived_from_NHTSA_Venza_FE,engineering_reference_prior
P2000431,2000431,17651_Floor_Side_Inner_Member_LH,underbody,steel,0.3685133530104745,4.049961749585115,1.4,7850.000000000001,520.0,0.9,0.6688989976482965,-2.184389763734,-0.7138552117111165,0.2764307435351346,-2.868733581542968,-0.7635558929443359,0.20529320907592774,-1.505132293701172,-0.6765722045898437,0.3487799072265625,derived_from_NHTSA_Venza_FE,engineering_reference_prior
P2000432,2000432,17652_Floor_Side_Inner_Member_Reinforcement_1_LH,underbody,steel,0.043842671672002405,0.5850804534628722,1.7,7850.000000000001,520.0,0.9,0.6659220444576655,-2.385198955373286,-0.7044433499319429,0.2774456760944766,-2.5008027954101566,-0.7442696075439453,0.22301377868652342,-2.2698549194335937,-0.6825872192382813,0.32831047821044923,derived_from_NHTSA_Venza_FE,engineering_reference_prior
P2000433,2000433,17653_Floor_Side_Inner_Member_Reinforcement_2_LH,underbody,steel,0.01847153611063676,0.24650264939644756,1.7,7850.000000000001,520.0,0.9,0.6733571454644283,-1.9568493975587418,-0.7181423881690527,0.27688439773681045,-2.008181457519531,-0.7565359649658203,0.2230857467651367,-1.9059568786621095,-0.6826239776611328,0.3295107727050781,derived_from_NHTSA_Venza_FE,engineering_reference_prior
P2000434,2000434,17604_Floor_Side_Inner_Member_Reinforcement_3_RH,underbody,steel,0.07386073498878222,1.1596135393238811,2.0,7850.000000000001,520.0,0.9,0.6588856233769946,-2.1852659064834903,-0.697614655785627,0.3166335960991567,-2.8327341918945312,-0.7239732818603517,0.29560328674316405,-1.5368642985026042,-0.6840510050455729,0.32719998931884764,derived_from_NHTSA_Venza_FE,engineering_reference_prior
P2000435,2000435,17655_Floor_Side_Inner_Member_Reinforcement_4_LH,underbody,steel,0.00933043787065656,0.073243937284654,1.0,7850.000000000001,520.0,0.9,0.6692037335655775,-2.6128549461366233,-0.7197956536731064,0.27445571291843807,-2.6251741333007814,-0.7544393920898438,0.22278094482421876,-2.6052544555664063,-0.6832943878173828,0.33112515258789066,derived_from_NHTSA_Venza_FE,engineering_reference_prior
P2000436,2000436,17701_Rocker_Outer_Panel_LH,side_and_closure,steel,0.3211043025329055,4.285136917301624,1.7,7850.000000000001,520.0,0.9,1.0464458096087168,-2.1289968195068587,0.7940975209263198,0.27864450735115764,-2.8376002197265624,0.7639703216552735,0.20253743362426757,-1.3968082885742188,0.8144781036376953,0.3612633361816406,derived_from_NHTSA_Venza_FE,engineering_reference_prior
P2000437,2000437,17702_Rocker_Outer_Panel_Ending_Member_LH,side_and_closure,steel,0.017139239687517276,0.12108872839230958,0.9,7850.000000000001,520.0,0.9,1.0878244771347592,-1.4345153679214162,0.7987153239535365,0.23981487761228645,-1.4997439880371095,0.7653638102213541,0.20177378845214844,-1.3689494018554689,0.8327491302490235,0.2778818359375,derived_from_NHTSA_Venza_FE,engineering_reference_prior
P2000438,2000438,17703_Rocker_Outer_Panel_Reinforcement_1_LH,side_and_closure,steel,0.0044904918393189365,0.05287554140798049,1.5,7850.000000000001,520.0,0.9,1.0446343013374815,-2.5384197087779077,0.7932272806207666,0.27363271579273035,-2.5449888916015624,0.7758646850585937,0.22941036224365235,-2.5244450073242186,0.8090334930419922,0.3241368560791016,derived_from_NHTSA_Venza_FE,engineering_reference_prior
P2000439,2000439,17704_Rocker_Outer_Panel_Reinforcement_2_LH,side_and_closure,steel,0.004519637759972785,0.05321873462367955,1.5,7850.000000000001,520.0,0.9,1.0454006163707632,-2.2939192687533483,0.7933470687841734,0.2725838777344931,-2.306097839355469,0.7754026489257813,0.22836931610107425,-2.288221008300781,0.8092602233886719,0.32318943786621096,derived_from_NHTSA_Venza_FE,engineering_reference_prior
P2000440,2000440,17705_Rocker_Outer_Panel_Reinforcement_3_LH,side_and_closure,steel,0.011425565333858894,0.08969068787079233,1.0,7850.000000000001,520.0,0.9,1.0550872431861233,-2.628205700783582,0.8002553857656366,0.24621155548657267,-2.6988317260742187,0.7777275848388672,0.22871218872070315,-2.554659301757813,0.809446029663086,0.2773781204223633,derived_from_NHTSA_Venza_FE,engineering_reference_prior
P2000441,2000441,17706_Rocker_Outer_Panel_Reinforcement_4_LH,side_and_closure,steel,0.06559634936093053,0.7723970137249572,1.5,7850.000000000001,520.0,0.9,1.0370905890279238,-2.1849213437336843,0.8020134297118,0.3145836324451265,-2.815721069335938,0.7741224517822265,0.29564949035644533,-1.508235076904297,0.8126542053222656,0.3266461563110351,derived_from_NHTSA_Venza_FE,engineering_reference_prior
P2000442,2000442,17751_Rocker_Outer_Panel_LH,side_and_closure,steel,0.3211042298508194,4.285135947359185,1.7,7850.000000000001,520.0,0.9,1.0464186407841984,-2.1289965749927,-0.7940978275036625,0.27864449177606027,-2.8376002197265624,-0.8144783477783204,0.20253743362426757,-1.3968081970214843,-0.7639705657958984,0.3612633361816406,derived_from_NHTSA_Venza_FE,engineering_reference_prior
P2000443,2000443,17752_Rocker_Outer_Panel_Ending_Member_LH,side_and_closure,steel,0.017139219731853464,0.12108858740554476,0.9,7850.000000000001,520.0,0.9,1.0878004701709927,-1.4345151881684377,-0.7987154746526426,0.23981487890223843,-1.4997437438964845,-0.8327492523193358,0.20177378845214844,-1.3689493408203126,-0.7653639322916667,0.2778818359375,derived_from_NHTSA_Venza_FE,engineering_reference_prior
P2000444,2000444,17753_Rocker_Outer_Panel_Reinforcement_1_LH,side_and_closure,steel,0.004490492739761853,0.052875552010695825,1.5,7850.000000000001,520.0,0.9,1.0446068906087773,-2.5384196306795594,-0.7932283023108184,0.2736335723250166,-2.5449888916015624,-0.8090338592529297,0.22941036224365233,-2.5244450073242186,-0.7758650512695313,0.3241368560791016,derived_from_NHTSA_Venza_FE,engineering_reference_prior
P2000445,2000445,17754_Rocker_Outer_Panel_Reinforcement_2_LH,side_and_closure,steel,0.0045195139868189375,0.053217277194792995,1.5,7850.000000000001,520.0,0.9,1.0453735882805077,-2.2939185333856433,-0.7933471703462751,0.2725829918554844,-2.30609765625,-0.8092605895996094,0.22836931610107425,-2.288220886230469,-0.7754030151367187,0.32318943786621096,derived_from_NHTSA_Venza_FE,engineering_reference_prior
P2000446,2000446,17755_Rocker_Outer_Panel_Reinforcement_3_LH,side_and_closure,steel,0.011425565333858894,0.08969068787079233,1.0,7850.000000000001,520.0,0.9,1.0550606422724804,-2.628205700783582,-0.800255751976574,0.24621155548657264,-2.6988317260742187,-0.8094463958740234,0.22871218872070315,-2.5546593017578125,-0.7777279510498047,0.2773781204223633,derived_from_NHTSA_Venza_FE,engineering_reference_prior
P2000447,2000447,17756_Rocker_Outer_Panel_Reinforcement_4_LH,side_and_closure,steel,0.06559035230145974,0.7723263983496884,1.5,7850.000000000001,520.0,0.9,1.037064226990537,-2.184843718557381,-0.8020134060234685,0.3145812823680009,-2.815725952148438,-0.8126545715332031,0.29564949035644533,-1.5082348327636719,-0.7741228179931641,0.3266461563110351,derived_from_NHTSA_Venza_FE,engineering_reference_prior
P2000448,2000448,17801_Front_Floor_Panel,underbody,steel,2.1064429606527524,11.574904068786875,0.7,7850.000000000001,520.0,0.9,0.6124312904747768,-2.151280048197753,-0.0002904812350795935,0.27893888826811164,-2.81279736328125,-0.6842790832519531,0.21502420806884767,-1.4421993103027344,0.684600112915039,0.397950553894043,derived_from_NHTSA_Venza_FE,engineering_reference_prior
P2000449,2000449,17802_Rear_Front_Floor_Cross_Member_LH,underbody,steel,0.11825951346077214,1.8566743613341228,2.0,7850.000000000001,520.0,0.9,0.6318553152478397,-2.3841823897004826,0.39909253984046966,0.27158309569610656,-2.4707220458984374,0.12456340980529787,0.23592145919799806,-2.29958251953125,0.6701872558593749,0.3247898788452148,derived_from_NHTSA_Venza_FE,engineering_reference_prior
P2000450,2000450,17803_Rear_Front_Floor_Cross_Member_Ending_Member_LH,underbody,steel,0.04020019576581283,0.6311430735232615,2.0,7850.000000000001,520.0,0.9,0.6525346188760734,-2.385346748767512,0.612927184270382,0.2847009113414157,-2.4563852539062503,0.5044889831542969,0.23920705032348633,-2.3189677124023436,0.731601058959961,0.33340422058105473,derived_from_NHTSA_Venza_FE,engineering_reference_prior
P2000451,2000451,17804_Front_Front_Floor_Cross_Member_LH,underbody,steel,0.1213833998909803,1.3340035648018738,1.4,7850.000000000001,520.0,0.9,0.6318163758061515,-1.960949086742027,0.41472064914565465,0.30620210321924735,-2.0184925944010415,0.11075079345703126,0.25465683746337886,-1.8997496643066407,0.7331016082763672,0.354255126953125,derived_from_NHTSA_Venza_FE,engineering_reference_prior
P2000452,2000452,17805_Front_Front_Floor_Cross_Member_Ending_Member_LH,underbody,steel,0.02159517758691349,0.32209207370881476,1.9,7850.000000000001,520.0,0.9,0.6549207941529768,-1.9727955176881007,0.6638209964635672,0.3343298856340303,-2.05240478515625,0.5631741943359375,0.3056441879272461,-1.9104661560058593,0.742380859375,0.3437318954467773,derived_from_NHTSA_Venza_FE,engineering_reference_prior
P2000453,2000453,17806_Front_Front_Floor_Cross_Member_Mounting_Reinf,underbody,steel,0.0009543719852025331,0.007491820083839887,1.0,7850.000000000001,520.0,0.9,0.6068659036011164,-1.9498558383414224,0.18472251927216632,0.33734877141256453,-1.9646826782226563,0.1610923563639323,0.33356457519531246,-1.9356206359863282,0.20903466288248695,0.3395995686848958,derived_from_NHTSA_Venza_FE,engineering_reference_prior
P2000454,2000454,17807_Floor_Cross_Member_Reinforcement_Middle_Member,underbody,steel,0.10102495478193707,0.7930458950382062,1.0,7850.000000000001,520.0,0.9,0.5539268956878365,-2.3635622118416153,-0.0014155533891761975,0.4699251497490605,-2.4931265462239582,-0.11956106758117677,0.3566911849975586,-2.1842012939453124,0.12013456726074218,0.5022586059570312,derived_from_NHTSA_Venza_FE,engineering_reference_prior
P2000455,2000455,17808_Floor_Cross_Member_Reinforcement_Side_Member,underbody,steel,0.11614049296350298,1.094043443716198,1.2,7850.000000000001,520.0,0.9,0.5570241661252229,-2.3642856360494338,-0.0007752906053769696,0.45926543991081625,-2.4871071777343747,-0.1295886688232422,0.34626840972900386,-2.2282960611979163,0.12989591217041016,0.5089448394775391,derived_from_NHTSA_Venza_FE,engineering_reference_prior
P2000456,2000456,17809_Front_Floor_Panel_Reinforcement_1,underbody,steel,0.19006050597441027,2.387159955038593,1.6,7850.000000000001,520.0,0.9,0.5909650329135242,-2.574366152063669,0.004449373446302439,0.344646865503504,-2.8123439331054687,-0.143532470703125,0.26359212493896483,-2.330364990234375,0.1513481903076172,0.3942279891967774,derived_from_NHTSA_Venza_FE,engineering_reference_prior
P2000457,2000457,17810_Front_Floor_Panel_Reinforcement_2,underbody,steel,0.0637841786889068,0.5007058027079185,1.0,7850.000000000001,520.0,0.9,0.5894420169533066,-2.406258129958253,-0.001393639824456579,0.34750269145346674,-2.481950866699219,-0.19660608673095703,0.24904289627075196,-2.3189746704101566,0.19793402099609375,0.39646173858642575,derived_from_NHTSA_Venza_FE,engineering_reference_prior
P2000458,2000458,17811_Front_Front_Floor_Uppe_reinf,underbody,steel,0.05875511407842053,0.9224552910312025,2.0,7850.000000000001,520.0,0.9,0.6523766886827073,-1.6679297849883636,0.4525581557163422,0.276449742531933,-1.890451904296875,0.378127197265625,0.25805699920654296,-1.4429549153645833,0.5255961914062499,0.2946918411254883,derived_from_NHTSA_Venza_FE,engineering_reference_prior
P2000459,2000459,17812_Front_Floor_Cover_Hole_1_LH,underbody,steel,0.003532218187621474,0.013863956386414288,0.5,7850.000000000001,520.0,0.9,0.6451721459942179,-2.1079686461024827,0.45422713931700376,0.2515552653612334,-2.153150634765625,0.4353261260986328,0.24724007415771485,-2.064500732421875,0.47304518890380864,0.25521612548828126,derived_from_NHTSA_Venza_FE,engineering_reference_prior
P2000460,2000460,17821_Front_Floor_Tunnel_Upper_hand_bracket_cable_mounting_bracket,underbody,steel,0.008660394812647717,0.11557296877478378,1.7,7850.000000000001,520.0,0.9,0.5694960348836975,-2.4338712660485533,0.00078462905228264,0.4154203976668478,-2.4640107421875,-0.07250693893432616,0.39752621459960935,-2.4016538085937498,0.07355404090881347,0.4311694742838541,derived_from_NHTSA_Venza_FE,engineering_reference_prior
P2000461,2000461,17822_Front_Floor_Tunnel_Upper_Reinforce_Panel_Tayler_Blank-Front,underbody,steel,0.23258143323861863,3.103799226569366,1.7,7850.000000000001,520.0,0.9,0.5970328832301957,-1.6920909349655449,-0.0006166507928255843,0.40699553046128056,-2.0472847595214843,-0.13816464233398437,0.33703917694091795,-1.3748531087239582,0.1396625747680664,0.4642745819091797,derived_from_NHTSA_Venza_FE,engineering_reference_prior
P2000462,2000462,17823_Front_Floor_Tunnel_Upper_Reinforce_Panel_Tayler_Blank-Rear,underbody,steel,0.1011600033060727,1.5088014493100743,1.9,7850.000000000001,520.0,0.9,0.5801725315439432,-2.1991370353257387,0.0002291319594102666,0.3884925388424593,-2.34669970703125,-0.12125580406188965,0.3391851196289062,-2.054585754394531,0.12240348625183106,0.41525361633300784,derived_from_NHTSA_Venza_FE,engineering_reference_prior
P2000463,2000463,17852_Rear_Front_Floor_Cross_Member_RH,underbody,steel,0.11901317329743581,1.8685068207697426,2.0,7850.000000000001,520.0,0.9,0.6315410502523885,-2.383866870527037,-0.3953010907842861,0.2713825715127011,-2.4715813598632814,-0.6681014556884766,0.2362215690612793,-2.300263854980469,-0.12388755416870117,0.32607426452636723,derived_from_NHTSA_Venza_FE,engineering_reference_prior
P2000464,2000464,17853_Rear_Front_Floor_Cross_Member_Ending_Member_LH,underbody,steel,0.04013782191422423,0.6301638040533204,2.0,7850.000000000001,520.0,0.9,0.6525228166364566,-2.385213693239536,-0.6130053644950315,0.2847294002129786,-2.45638525390625,-0.7316014251708984,0.23920705032348633,-2.318967712402344,-0.5044893493652344,0.3334042205810547,derived_from_NHTSA_Venza_FE,engineering_reference_prior
P2000465,2000465,17854_Front_Front_Floor_Cross_Member_RH,underbody,steel,0.12707843605128902,1.3965920122036666,1.4,7850.000000000001,520.0,0.9,0.6326356402204967,-1.9597120700266877,-0.42222669511285194,0.3059412772271086,-2.0144319763183596,-0.73176025390625,0.254818115234375,-1.8948337402343751,-0.11074445724487306,0.3554187622070313,derived_from_NHTSA_Venza_FE,engineering_reference_prior
P2000466,2000466,17855_Front_Front_Floor_Cross_Member_Ending_Member_LH,underbody,steel,0.021677545959078712,0.323320597979659,1.9,7850.000000000001,520.0,0.9,0.6548355577976773,-1.9725814815695655,-0.6635830518301733,0.33455364229289913,-2.05240478515625,-0.7423428955078125,0.3056441879272461,-1.910468994140625,-0.5631594848632813,0.34373189544677735,derived_from_NHTSA_Venza_FE,engineering_reference_prior
P2000467,2000467,17856_Front_Front_Floor_Cross_Member_Mounting_Reinf,underbody,steel,0.0009543225326013158,0.0074914318809203295,1.0,7850.000000000001,520.0,0.9,0.6068590472702478,-1.9498571995697545,-0.18472146555948618,0.33734917053473906,-1.964685485839844,-0.20903493754069008,0.3335645751953125,-1.9356206359863282,-0.1610926310221354,0.3395995686848958,derived_from_NHTSA_Venza_FE,engineering_reference_prior
P2000468,2000468,17862_Front_Floor_Cover_Hole_1_LH,underbody,steel,0.003537448767877041,0.013884486413917388,0.5,7850.000000000001,520.0,0.9,0.6451589259798381,-2.107979051123948,-0.45419750598209563,0.25154597458649497,-2.153150634765625,-0.4730099258422852,0.24723988342285155,-2.064500732421875,-0.43532643127441406,0.25521612548828126,derived_from_NHTSA_Venza_FE,engineering_reference_prior
P2000469,2000469,17901_Dash_Panel,body_structure,steel,1.343509577959936,12.655860224382597,1.2,7850.000000000001,520.0,0.9,0.5118948001119976,-1.2362581137921198,-6.336532788968734e-05,0.5759726167191367,-1.490366241455078,-0.7590470886230469,0.2745513916015625,-1.0914521179199217,0.7592155151367187,0.9447536773681641,derived_from_NHTSA_Venza_FE,engineering_reference_prior
P2000470,2000470,17902_Dash_Panel_Reinforcement_1_(Top),body_structure,steel,0.11689395157811316,1.101141023865826,1.2,7850.000000000001,520.0,0.9,0.5284256542413102,-1.1503702171387726,-0.03780002693972016,0.9189059835433055,-1.1763797200520834,-0.5595065307617189,0.837358642578125,-1.1261866760253907,0.5588974151611329,0.9858662109375,derived_from_NHTSA_Venza_FE,engineering_reference_prior
P2000471,2000471,17903_Dash_Panel_Reinforcement_2_(Middle_Left),body_structure,steel,0.02284776662688623,0.5380649040631708,3.0,7850.000000000001,520.0,0.9,0.5555870363246969,-1.377083512417347,0.44634820079556425,0.32090962689345026,-1.4662118530273438,0.3883239440917968,0.2829501419067383,-1.277987762451172,0.5050331827799479,0.3778743057250977,derived_from_NHTSA_Venza_FE,engineering_reference_prior
P2000472,2000472,17904_Dash_Panel_Reinforcement_3_(Bottom_Left),body_structure,steel,0.012790885403829087,0.14057183058808168,1.4,7850.000000000001,520.0,0.9,0.520180288944945,-1.1565288437603165,0.180826726563902,0.5993249081169449,-1.1843548889160156,0.13686352030436197,0.5058855514526367,-1.1176317749023437,0.23581679916381837,0.6507260284423828,derived_from_NHTSA_Venza_FE,engineering_reference_prior
P2000473,2000473,17905_Dash_Panel_Reinforcement_4_(Middle_Right),body_structure,steel,0.09899497889928809,0.7771105843594116,1.0,7850.000000000001,520.0,0.9,0.5316229457758729,-1.153097597258774,0.3858374034928708,0.7635344265054378,-1.1784229125976564,0.07672216033935546,0.5838288726806641,-1.1262254943847656,0.6652234802246094,0.8800304412841797,derived_from_NHTSA_Venza_FE,engineering_reference_prior
P2000474,2000474,17906_Dash_Panel_Reinforcement_5_(Top_Left),body_structure,steel,0.07751257737149549,0.48677898589299173,0.8,7850.000000000001,520.0,0.9,0.5255490873160703,-1.1466077454291523,-0.312955711056883,0.6823692234529938,-1.1856564025878906,-0.4397858428955078,0.5113235244750977,-1.1291299743652345,-0.1466577682495117,0.8533846435546875,derived_from_NHTSA_Venza_FE,engineering_reference_prior
P2000475,2000475,17907_Dash_Panel_Reinforcement_6_(Bottom_Middle),body_structure,steel,0.09421592450678198,0.8875140088538863,1.2,7850.000000000001,520.0,0.9,0.5137287744414698,-1.2904906107398728,-9.275652344889223e-05,0.5133269911766022,-1.4208394165039064,-0.14452967325846353,0.3622594680786133,-1.1495810139973959,0.12125181579589844,0.6508171386718751,derived_from_NHTSA_Venza_FE,engineering_reference_prior
P2000476,2000476,17908_Dash_Panel_Reinforcement_7_(Top_Middle),body_structure,steel,0.024934752014629302,0.39147560662968006,2.0,7850.000000000001,520.0,0.9,0.5161874411282384,-1.3641465048588473,-0.004044979858951526,0.4547562946361219,-1.3909711914062501,-0.10566850852966309,0.4102715301513672,-1.3215926818847656,0.10038429069519043,0.4925196304321289,derived_from_NHTSA_Venza_FE,engineering_reference_prior
P2000477,2000477,17909_Dash_Panel_Reinforcement_8_(Bottom_Middle),body_structure,steel,0.07354562074642508,0.577333122859437,1.0,7850.000000000001,520.0,0.9,0.51435753681368,-1.1600236190837057,0.002128026486058511,0.7517850136393264,-1.2164887695312503,-0.14388621520996095,0.5641696166992187,-1.1277790832519532,0.10841676139831542,0.9640831146240234,derived_from_NHTSA_Venza_FE,engineering_reference_prior
P2000479,2000479,17911_Dash_Panel_Bottom_Hole_Cover_LH,body_structure,steel,0.006725011992246378,0.026395672069567038,0.5,7850.000000000001,520.0,0.9,0.5689393488863407,-1.38177387381963,0.5739141859634066,0.30180820392987084,-1.421743865966797,0.530201385498047,0.2781190795898438,-1.3462006835937501,0.616110595703125,0.3230334269205729,derived_from_NHTSA_Venza_FE,engineering_reference_prior
P2000480,2000480,17912_Top_of_Dash_Beam,body_structure,steel,0.2595036959777938,1.6296832107405455,0.8,7850.000000000001,520.0,0.9,0.538328437958444,-1.1338204358135229,0.02038938234458624,0.9868960351348739,-1.1996057942708334,-0.7397660064697266,0.906870361328125,-1.0692926330566408,0.7411693572998047,1.08078857421875,derived_from_NHTSA_Venza_FE,engineering_reference_prior
P2000481,2000481,17913_Top_of_Dash_Beam_Reinforcement_Inside,side_and_closure,steel,0.012113003859381705,0.0950870802961464,1.0,7850.000000000001,520.0,0.9,0.9986796548795209,-1.1309769803736363,0.374965133698,0.97034963046658,-1.145267293294271,0.32873674774169925,0.9440354461669922,-1.0990724182128906,0.4189431610107422,1.0148845825195314,derived_from_NHTSA_Venza_FE,engineering_reference_prior
P2000490,2000490,17961_Dash_Panel_Bottom_Hole_Cover_LH,body_structure,steel,0.006733363239545378,0.02642845071521561,0.5,7850.000000000001,520.0,0.9,0.5689306289377302,-1.381815076515042,-0.5739383712592317,0.3017943398614119,-1.4217437133789064,-0.6161107177734375,0.27829466247558593,-1.3462006530761719,-0.5302015075683594,0.3230334269205729,derived_from_NHTSA_Venza_FE,engineering_reference_prior
P2000491,2000491,18001_Cross_Member_S-A_Front_Side_Member_Right,side_and_closure,steel,0.09137856454791102,1.1477147707217625,1.6,7850.000000000001,520.0,0.9,0.9728418973424836,-1.3031687977236286,-0.1822882767529192,0.3780831403876524,-1.3874673156738282,-0.37301177978515626,0.2986559448242187,-1.2148993225097655,0.02223237609863281,0.5274856719970703,derived_from_NHTSA_Venza_FE,engineering_reference_prior
P2000492,2000492,18002_Cross_Member_S-A_Front_Side_Member_Left,side_and_closure,steel,0.08887812700116235,1.1163092751345993,1.6,7850.000000000001,520.0,0.9,0.9736769633950768,-1.3046235382795175,0.17512627887437407,0.37313605715147286,-1.385536346435547,-0.038681049346923825,0.29853076171875004,-1.2134447326660156,0.37248234558105475,0.5272245483398438,derived_from_NHTSA_Venza_FE,engineering_reference_prior
P2000493,2000493,18003_Cross_Member_S-A_Front_Side_Member_Reinforcement,side_and_closure,steel,0.024473978804250646,0.3458173205040617,1.8,7850.000000000001,520.0,0.9,0.9798502160821024,-1.2972142049271822,0.16768135492040026,0.3534263000205965,-1.35619482421875,0.0887807559967041,0.3122333602905274,-1.2355474853515624,0.25553741455078127,0.45622565714518226,derived_from_NHTSA_Venza_FE,engineering_reference_prior
P2000494,2000494,18010_Cross_Member_S-A_Front_Side_Member_Ending_Member_Outer_LH,side_and_closure,steel,0.0059385899235126155,0.06526510325940364,1.4,7850.000000000001,520.0,0.9,1.0021509592443794,-1.2393908894258998,0.3609487358436049,0.35509645779152255,-1.2695578002929688,0.34751593780517576,0.31646266174316406,-1.2144084472656251,0.37313924407958987,0.4059402262369791,derived_from_NHTSA_Venza_FE,engineering_reference_prior
P2000495,2000495,18011_Cross_Member_S-A_Front_Side_Member_Ending_Member_Box_LH,side_and_closure,steel,0.006503419556441508,0.07147258092529218,1.4,7850.000000000001,520.0,0.9,0.998271431881808,-1.2696459409079321,0.3302133444450725,0.34627410702822287,-1.2989505004882813,0.3017631225585937,0.3164989395141602,-1.233548797607422,0.35802414957682294,0.36938072204589845,derived_from_NHTSA_Venza_FE,engineering_reference_prior
P2000496,2000496,18012_Cross_Member_S-A_Front_Side_Member_Ending_Member_Inner_LH,side_and_closure,steel,0.004065662422604208,0.05106472002790886,1.6,7850.000000000001,520.0,0.9,0.9954717415218723,-1.247157001991947,0.29890725498711573,0.352619983752798,-1.2704512329101563,0.28629703521728517,0.31674420166015627,-1.2289452718098959,0.31284729003906253,0.3968090209960937,derived_from_NHTSA_Venza_FE,engineering_reference_prior
P2000497,2000497,18060_Cross_Member_S-A_Front_Side_Member_Ending_Member_Outer_LH,side_and_closure,steel,0.005748307414791154,0.06317389848855479,1.4,7850.000000000001,520.0,0.9,1.001961200171192,-1.2399232540948812,-0.3610291527561202,0.35557988240846095,-1.2695644836425781,-0.3731896209716797,0.31796274566650395,-1.2155169270833333,-0.3475160598754883,0.40602416992187496,derived_from_NHTSA_Venza_FE,engineering_reference_prior
P2000498,2000498,18061_Cross_Member_S-A_Front_Side_Member_Ending_Member_Box_LH,side_and_closure,steel,0.006470158339634245,0.07110704015258036,1.4,7850.000000000001,520.0,0.9,0.9981922400928256,-1.269549127385932,-0.3302076588858671,0.3465347858191267,-1.2988549194335939,-0.3580242716471354,0.317497428894043,-1.2335487976074218,-0.30176324462890625,0.36938072204589845,derived_from_NHTSA_Venza_FE,engineering_reference_prior
P2000499,2000499,18062_Cross_Member_S-A_Front_Side_Member_Ending_Member_Inner_LH,side_and_closure,steel,0.003990637479973467,0.050122406748466755,1.6,7850.000000000001,520.0,0.9,0.9953755162672803,-1.2475319701221423,-0.29889018648012194,0.35277796882032797,-1.2704512329101563,-0.312847412109375,0.31724484252929686,-1.229929931640625,-0.2862914199829102,0.3968090209960938,derived_from_NHTSA_Venza_FE,engineering_reference_prior
P2000651,2000651,25901 Longitunidnal patch front LH xmem to body,body_structure,steel,0.006502127121795379,0.05104169790609374,1.0,7850.000000000001,520.0,0.9,0.6172088200204987,-0.4718677963796243,0.5053875536162494,0.259650701178406,-0.513873067220052,0.463765380859375,0.25903529866536457,-0.42922676595052084,0.5470581665039063,0.2603659896850586,derived_from_NHTSA_Venza_FE,engineering_reference_prior
P2000652,2000652,25901 Longitunidnal patch rear LH xmem to body,rear_body,steel,0.008336207024471423,0.06543922514210068,1.0,7850.000000000001,520.0,0.9,0.9316785663066492,-1.2507927394672556,0.3295815317536459,0.23218124250338046,-1.2962174479166666,0.28473708089192706,0.2234105987548828,-1.2057438151041666,0.3740992228190104,0.28257122802734375,derived_from_NHTSA_Venza_FE,engineering_reference_prior
P2000653,2000653,25903 Longitunidnal patch front RH xmem to body,body_structure,steel,0.0065085733542640505,0.051092300830972805,1.0,7850.000000000001,520.0,0.9,0.6171984443405949,-0.4718620770386131,-0.5053296934770265,0.25964805552377646,-0.5139654235839843,-0.5479063924153645,0.2590406188964844,-0.42914460245768227,-0.46177542114257814,0.26032343292236326,derived_from_NHTSA_Venza_FE,engineering_reference_prior
P2000654,2000654,25904 Longitunidnal patch rear RH xmem to body,rear_body,steel,0.008336128702011076,0.06543861031078695,1.0,7850.000000000001,520.0,0.9,0.9316695518615538,-1.2507750403286857,-0.32957837086368724,0.2321796770280078,-1.2951595865885417,-0.37418212890624997,0.22347919845581055,-1.2078015136718752,-0.28566542561848957,0.2825651448567708,derived_from_NHTSA_Venza_FE,engineering_reference_prior
P2000655,2000655,25905 Strut patch 1 LH to body,body_structure,steel,0.0002597776409990583,0.002039254481842608,1.0,7850.000000000001,520.0,0.9,0.5851964828381184,-0.9283963434640822,0.6831216436618772,0.9599810343543936,-0.9332322184244792,0.6784313354492187,0.9587339477539062,-0.9235570475260415,0.6876012166341146,0.9620587972005208,derived_from_NHTSA_Venza_FE,engineering_reference_prior
P2000656,2000656,25906 Strut patch 2 LH to body,body_structure,steel,0.00027161066038554007,0.00213214368402649,1.0,7850.000000000001,520.0,0.9,0.5725172555794209,-0.9839136033575836,0.5840445791739903,0.9553739866076116,-0.9893044433593748,0.5785296427408855,0.9539631144205729,-0.9780416666666667,0.5904642537434895,0.9573996175130207,derived_from_NHTSA_Venza_FE,engineering_reference_prior
P2000657,2000657,25907 Strut patch 3 LH to body,body_structure,steel,0.0002894490804877502,0.0022721752818288393,1.0,7850.000000000001,520.0,0.9,0.5796444001288296,-0.8703390130189758,0.5846892479116549,0.9610049480257729,-0.8760609944661458,0.5795992889404297,0.9597031046549478,-0.8645926106770833,0.5910865071614584,0.9632304992675782,derived_from_NHTSA_Venza_FE,engineering_reference_prior
P2000658,2000658,25908 Strut patch 1 RH to body,body_structure,steel,0.0002614378923326611,0.00205228745481139,1.0,7850.000000000001,520.0,0.9,0.5851842391640334,-0.9283871335136604,-0.6831064661032576,0.9599904168675916,-0.9332618611653645,-0.6875947672526042,0.9587344156901041,-0.9235433349609374,-0.6784181111653645,0.9620594940185547,derived_from_NHTSA_Venza_FE,engineering_reference_prior
P2000659,2000659,25909 Strut patch 2 RH to body,body_structure,steel,0.0002710014583868023,0.0021273614483363983,1.0,7850.000000000001,520.0,0.9,0.5725068918378952,-0.9839240008405833,-0.584038775126378,0.9553936809829368,-0.9883246053059895,-0.5891657104492187,0.95401318359375,-0.9788379516601562,-0.5791971638997395,0.957430440266927,derived_from_NHTSA_Venza_FE,engineering_reference_prior
P2000660,2000660,25910 Strut patch 3 RH to body,body_structure,steel,0.0002954543291481009,0.002319316483812593,1.0,7850.000000000001,520.0,0.9,0.5796428258823151,-0.8702942229519147,-0.5847711765953318,0.9610010736729415,-0.8754691975911459,-0.5901109212239584,0.9597572835286459,-0.8653409830729166,-0.5795840250651041,0.9632407226562498,derived_from_NHTSA_Venza_FE,engineering_reference_prior
P2000661,2000661,26101_Hood_Outer,front_body,steel,1.3599089092405932,9.073992196907858,0.85,7850.000000000001,520.0,0.9,0.9437127640120678,-0.5566081047241815,-1.8160891146150735e-07,0.97910268790541,-1.050148895263672,-0.8058871459960937,0.7644076995849609,-0.05516869354248047,0.8058825276692708,1.0686171875000001,derived_from_NHTSA_Venza_FE,engineering_reference_prior
P2000662,2000662,26102_Hood_Inner,front_body,steel,1.256576391157768,5.918474802353089,0.6,7850.000000000001,520.0,0.9,0.937659830469843,-0.5645710556131592,-4.6753713798165585e-05,0.9483078366668811,-1.0455455932617188,-0.8024902954101563,0.7630832112630208,-0.05538123575846354,0.8041159362792969,1.0671029663085938,derived_from_NHTSA_Venza_FE,engineering_reference_prior
P2000663,2000663,26103_Hood_Inner_Hinge_Reinforcement,front_body,steel,0.019049520537101284,0.14953873621624508,1.0,7850.000000000001,520.0,0.9,0.9761681078323564,-0.863125747724692,0.71265935158345,1.0104556934253939,-0.9816854553222656,0.6555448201497396,0.9839773864746094,-0.7486089477539063,0.7685628356933594,1.0441367797851562,derived_from_NHTSA_Venza_FE,engineering_reference_prior
P2000664,2000664,26153_Hood_Inner_Hinge_Reinforcement,front_body,steel,0.01904930915239723,0.14953707684631828,1.0,7850.000000000001,520.0,0.9,0.9761486104885749,-0.8631250512545637,-0.7126591777706176,1.0104554777034795,-0.9816853332519531,-0.7685717468261719,0.9839773864746094,-0.7486088409423828,-0.6555449422200521,1.0441367492675782,derived_from_NHTSA_Venza_FE,engineering_reference_prior
P2000665,2000665,26105 Hood Inner Latch Mounting Reinf. Bracket,front_body,steel,0.08422049866239197,0.661130914499777,1.0,7850.000000000001,520.0,0.9,0.968106055583183,-0.22801875029483062,0.00014052117780300128,0.8627128954432539,-0.33934181976318356,-0.19463819122314455,0.8131077728271484,-0.09878239440917969,0.19463822174072265,0.9467313232421875,derived_from_NHTSA_Venza_FE,engineering_reference_prior
P2000666,2000666,26106_Hood_hook,front_body,steel,0.007771442589564578,0.06100582432808194,1.0,7850.000000000001,520.0,0.9,0.9723285674030772,-0.16249184159278496,0.000877982824525984,0.8114495990707478,-0.20215561421712241,-0.03862894630432129,0.7848096008300781,-0.1205921745300293,0.03695708751678467,0.8247917073567709,derived_from_NHTSA_Venza_FE,engineering_reference_prior
P2000667,2000667,26107_hood_slam_half,front_body,steel,0.14279702948511894,0.896765345166547,0.8,7850.000000000001,520.0,0.9,0.9708454612843217,-0.24870422915299986,-2.2135228086797848e-07,0.9121601614910974,-0.42080532836914064,-0.2982094955444336,0.8198119354248047,-0.09757093048095704,0.2982094955444336,0.957614501953125,derived_from_NHTSA_Venza_FE,engineering_reference_prior
P2000668,2000668,26201_hood_hinge_brkt2 mdpln,front_body,steel,0.007109394317412743,0.1451027380183941,2.6,7850.000000000001,520.0,0.9,0.972211755973298,-1.004840471627239,-0.7598344040839111,1.012559421690157,-1.1129010009765625,-0.7881560211181641,0.9901672973632812,-0.898108383178711,-0.7262513427734375,1.060922607421875,derived_from_NHTSA_Venza_FE,engineering_reference_prior
P2000669,2000669,26202_hood_hinge_brkt mdpln,front_body,steel,0.004678791732059701,0.09549413925133851,2.6,7850.000000000001,520.0,0.9,0.9714197685898193,-1.0846999524813115,-0.7868687323818006,1.017442591353224,-1.1307817993164062,-0.8137981719970704,0.9930639343261719,-1.0272945861816407,-0.7573414916992188,1.0699619750976561,derived_from_NHTSA_Venza_FE,engineering_reference_prior
P2000670,2000670,26251_hood_hinge_brkt2 mdpln,front_body,steel,0.007109400972742485,0.14510287385367415,2.6,7850.000000000001,520.0,0.9,0.9722332592812862,-1.004834918471697,0.7598342564772336,1.0125595513503276,-1.112901123046875,0.726251220703125,0.9901672973632814,-0.8981085052490234,0.7881558990478517,1.0609226074218752,derived_from_NHTSA_Venza_FE,engineering_reference_prior
P2000671,2000671,26252_hood_hinge_brkt mdpln,front_body,steel,0.0046799034217555255,0.0955168288380303,2.6,7850.000000000001,520.0,0.9,0.9714413299605144,-1.0846374601205249,0.7868732331285576,1.0174099848162317,-1.1307014770507813,0.7573413696289063,0.993063934326172,-1.027294677734375,0.8139305419921875,1.0699619750976563,derived_from_NHTSA_Venza_FE,engineering_reference_prior
P2000672,2000672,Hood_HEM,front_body,steel,0.021102248112869478,0.38100108967785845,2.3,7850.000000000001,520.0,0.9,0.9321981990956177,-0.6267575279272324,-2.024025374752436e-05,0.9597013966752451,-1.0528328043619792,-0.8088364562988282,0.7581183929443359,-0.05309815979003907,0.8088363342285155,1.0689079589843749,derived_from_NHTSA_Venza_FE,engineering_reference_prior
P2000673,2000673,26801_hood_hinge_brkt2 mdpln_patch,front_body,steel,0.0003202588229612251,0.006536482576638606,2.6,7850.000000000001,520.0,0.9,0.9742755934625097,-1.0978341874573652,-0.7809678082251423,1.0436538907838246,-1.1078451538085936,-0.7811186370849609,1.0345458374023437,-1.0884660949707032,-0.7806821746826172,1.054633544921875,derived_from_NHTSA_Venza_FE,engineering_reference_prior
P2000674,2000674,26802_hood_hinge_brkt2 mdpln_patch,front_body,steel,0.0002477977350630348,0.005057551772636542,2.6,7850.000000000001,520.0,0.9,0.9750135654683539,-1.0978371225674926,-0.7838320945951298,1.0449695006273954,-1.1064173583984376,-0.783968734741211,1.0360559692382814,-1.0889270935058595,-0.7837304992675781,1.053150848388672,derived_from_NHTSA_Venza_FE,engineering_reference_prior
P2000675,2000675,26803_hood_hinge_brkt2 mdpln_patch,front_body,steel,0.0002477958376802378,0.005057513047053655,2.6,7850.000000000001,520.0,0.9,0.9750350578542818,-1.0978372316997205,0.7838319726776918,1.0449694967912195,-1.1064173583984376,0.7837303771972656,1.0360559692382811,-1.0889271545410155,0.7839686126708985,1.053150848388672,derived_from_NHTSA_Venza_FE,engineering_reference_prior
P2000676,2000676,26804_hood_hinge_brkt2 mdpln_patch,front_body,steel,0.00032026207532179137,0.006536548957317764,2.6,7850.000000000001,520.0,0.9,0.9742970586536787,-1.0978343652503582,0.7809676880543571,1.0436539046447246,-1.1078452758789064,0.7806820526123047,1.0345458374023437,-1.0884661865234375,0.7811185150146485,1.0546335449218749,derived_from_NHTSA_Venza_FE,engineering_reference_prior
P2000677,2000677,26901_hood_hinge_brkt2 mdpln_patch,front_body,steel,5.196596487983492e-05,0.0004079328243067042,1.0,7850.000000000001,520.0,0.9,0.9764471103832302,-1.0972444876304777,0.763554625874489,1.069025152270032,-1.0985885009765624,0.7616641845703125,1.0686301574707031,-1.0949133300781249,0.7653052978515625,1.0692511901855468,derived_from_NHTSA_Venza_FE,engineering_reference_prior
P2000678,2000678,26902_hood_hinge_brkt2 mdpln_patch,front_body,steel,9.770317375672934e-05,0.0007669699139903254,1.0,7850.000000000001,520.0,0.9,0.9713104012817139,-1.1243567915987944,0.8069023668541307,1.0137042489294281,-1.1267585144042969,0.8028603312174479,1.0124463704427082,-1.1209340006510415,0.8109336547851562,1.0145912322998047,derived_from_NHTSA_Venza_FE,engineering_reference_prior
P2000679,2000679,26903_hood_hinge_brkt2 mdpln_patch,front_body,steel,0.0001043838961614813,0.0008194135848676284,1.0,7850.000000000001,520.0,0.9,0.9715367297299708,-1.076919612078278,0.8051356602382319,0.9961166457304577,-1.08130810546875,0.8020129801432292,0.9947116088867187,-1.0731800537109375,0.8091921386718749,0.9977750854492188,derived_from_NHTSA_Venza_FE,engineering_reference_prior
P2000680,2000680,26904_hood_hinge_brkt2 mdpln_patch,front_body,steel,5.1965529398553364e-05,0.00040792940577864394,1.0,7850.000000000001,520.0,0.9,0.9764262783353939,-1.0972442753499636,-0.763554750615417,1.0690251456335464,-1.0985883178710938,-0.765305419921875,1.0686301574707031,-1.0949131774902343,-0.761664306640625,1.0692511901855468,derived_from_NHTSA_Venza_FE,engineering_reference_prior
P2000681,2000681,26905_hood_hinge_brkt2 mdpln_patch,front_body,steel,9.508130248927417e-05,0.0007463882245408024,1.0,7850.000000000001,520.0,0.9,0.9712712621653086,-1.1244249172897203,-0.8068118467049131,1.0137288136521763,-1.1267586364746094,-0.8109014587402343,1.0125608927408853,-1.1212484537760417,-0.8028990885416666,1.0145908813476563,derived_from_NHTSA_Venza_FE,engineering_reference_prior
P2000682,2000682,26906_hood_hinge_brkt2 mdpln_patch,front_body,steel,0.00010438136202230394,0.000819393691875086,1.0,7850.000000000001,520.0,0.9,0.9715143872085733,-1.0769193826634607,-0.8051357610743447,0.996116585112161,-1.0813077799479167,-0.8091923217773437,0.9947116088867187,-1.073179931640625,-0.8020130818684895,0.9977749226888021,derived_from_NHTSA_Venza_FE,engineering_reference_prior
P2000687,2000687,33101 Front door outer panel LH,side_and_closure,steel,0.9407134629627368,5.907680547405989,0.8,7850.000000000001,520.0,0.9,1.0188804350471559,-1.9732769267117038,0.916951212201625,0.6558492803710049,-2.5163651123046877,0.837861557006836,0.2278510284423828,-1.418484100341797,0.9502486267089844,1.102623321533203,derived_from_NHTSA_Venza_FE,engineering_reference_prior
P2000688,2000688,33102 Front door inner front panel LH,side_and_closure,steel,0.2052373575665597,2.2555585596564915,1.4,7850.000000000001,520.0,0.9,1.0272485847371098,-1.513154800837219,0.8535527270526571,0.6354313556341059,-1.6299443054199219,0.790117202758789,0.22813813781738282,-1.4171607971191407,0.9435900115966798,1.0369391276041666,derived_from_NHTSA_Venza_FE,engineering_reference_prior
P2000689,2000689,33103 Front door inner rear panel LH,side_and_closure,steel,0.7002461406258935,4.397545763130612,0.8,7850.000000000001,520.0,0.9,0.9903422562113577,-2.105418825684328,0.8261654171629103,0.6381771629766992,-2.5177985026041667,0.7883278350830079,0.2355551096598307,-1.6313613891601562,0.9429694976806641,1.0888767496744791,derived_from_NHTSA_Venza_FE,engineering_reference_prior
P2000690,2000690,33104 Front door lower Impact beam lower center attach bracket LH,side_and_closure,steel,0.006175110682535985,0.04847461885790749,1.0,7850.000000000001,520.0,0.9,1.0332335283411946,-1.8217370370627495,0.9180726636347025,0.5432453418832931,-1.8798701171875,0.9046012725830078,0.5235911254882812,-1.7647515869140626,0.9267549896240235,0.5659994659423828,derived_from_NHTSA_Venza_FE,engineering_reference_prior
P2000691,2000691,33105 Front door lower impact beam LH,side_and_closure,steel,0.08051747284082482,0.6320621618004749,1.0,7850.000000000001,520.0,0.9,1.024401402960978,-1.9714196024910124,0.9021016544455784,0.5315399881678552,-2.416715087890625,0.8736525573730468,0.4766936950683594,-1.5253195800781252,0.930326171875,0.5863637390136719,derived_from_NHTSA_Venza_FE,engineering_reference_prior
P2000692,2000692,33106 Front door regulator mounting bracket lower center LH,side_and_closure,steel,0.01397883068642171,0.12070720297725149,1.1,7850.000000000001,520.0,0.9,1.0201247415408505,-2.124895275677762,0.9086202386981446,0.5440623970549832,-2.186656005859375,0.8930896759033203,0.4915281066894531,-2.064523681640625,0.9188420410156249,0.6077478027343749,derived_from_NHTSA_Venza_FE,engineering_reference_prior
P2000693,2000693,33107 Front door lower impact beam mounting front bracket LH,side_and_closure,steel,0.01660383379921346,0.26068019064765136,2.0,7850.000000000001,520.0,0.9,1.04775012721245,-1.5117801298949858,0.9205790045351322,0.5753971049850043,-1.5764267578125002,0.8986591949462891,0.5104845682779948,-1.4568025817871093,0.939062026977539,0.6407262268066407,derived_from_NHTSA_Venza_FE,engineering_reference_prior
P2000694,2000694,33108 Front door lower impact beam mounting rear bracket LH,side_and_closure,steel,0.025339009746884016,0.23869347181564743,1.2,7850.000000000001,520.0,0.9,1.0091031164282855,-2.329197910034171,0.8579179105721213,0.49935564788031006,-2.427171875,0.7953580780029297,0.4184220962524414,-2.2605693969726564,0.8893965148925782,0.5608785705566407,derived_from_NHTSA_Venza_FE,engineering_reference_prior
P2000695,2000695,33109 Front door frame mounting reinf. Front LH,side_and_closure,steel,0.025156567459832066,0.23697486547161806,1.2,7850.000000000001,520.0,0.9,1.0448990446380584,-1.5176685616064922,0.8603165245560691,0.9179671426201504,-1.5864835510253907,0.8085773773193359,0.8150382232666016,-1.4755669250488284,0.9182019805908204,1.0078518371582033,derived_from_NHTSA_Venza_FE,engineering_reference_prior
P2000696,2000696,33110 Front door frame mounting reinf. Front mounting gusset LH,side_and_closure,steel,0.003907354505633182,0.03374000615614253,1.1,7850.000000000001,520.0,0.9,1.054939910294621,-1.479635652471952,0.8921181851771316,0.9188595478189289,-1.4829710998535157,0.8695428314208985,0.8656267242431641,-1.4774401855468748,0.9144031829833985,0.9761293792724609,derived_from_NHTSA_Venza_FE,engineering_reference_prior
P2000697,2000697,33111 Front door frame front lower mounting bracket LH,side_and_closure,steel,0.0037649273775152443,0.047287487861591475,1.6,7850.000000000001,520.0,0.9,1.0234893777920981,-1.509000512725406,0.8423184518257757,0.6834129686949727,-1.5493268432617187,0.8134244079589844,0.6650049896240234,-1.4918333740234375,0.8915738220214844,0.6997344156901042,derived_from_NHTSA_Venza_FE,engineering_reference_prior
P2000698,2000698,33112 Front door frame front LH,side_and_closure,steel,0.05613394230352883,0.8813028941654028,2.0,7850.000000000001,520.0,0.9,1.041005227892675,-1.5563298038260958,0.8303697763271252,0.9510557094053701,-1.6090806884765625,0.7388032836914062,0.6577406311035157,-1.4962224731445313,0.8803535766601562,1.2355140686035158,derived_from_NHTSA_Venza_FE,engineering_reference_prior
P2000699,2000699,33113 Front door frame upper LH,side_and_closure,steel,0.08421112007916502,2.2475947949129145,3.4,7850.000000000001,520.0,0.9,1.1197299820534377,-2.038961986505354,0.680416053890307,1.383602465270874,-2.5156109619140627,0.6331457316080729,1.2192259216308594,-1.5898278503417969,0.763421585083008,1.4830694274902343,derived_from_NHTSA_Venza_FE,engineering_reference_prior
P2000700,2000700,33114 Front door frame rear LH,side_and_closure,steel,0.07729252973006535,2.0629376184954444,3.4,7850.000000000001,520.0,0.9,1.0394238672428635,-2.4405978648390283,0.7960341802500613,1.097831698607113,-2.5189307250976563,0.6343277384440105,0.6443226013183594,-2.358328979492188,0.8902140197753907,1.4797618103027343,derived_from_NHTSA_Venza_FE,engineering_reference_prior
P2000701,2000701,33115 Front door frame rear panel LH,side_and_closure,steel,0.03376305680392264,0.2650399959107928,1.0,7850.000000000001,520.0,0.9,1.0870796364950814,-2.501118698097112,0.766373143763332,1.2671385619865685,-2.55554052734375,0.6435531616210937,1.0645847473144532,-2.443068542480469,0.8462296905517579,1.4814443359375,derived_from_NHTSA_Venza_FE,engineering_reference_prior
P2000702,2000702,33116 Front door inner upper reinf. LH,side_and_closure,steel,0.08662179831571772,0.8159773401340609,1.2,7850.000000000001,520.0,0.9,1.0266386877979048,-1.9718149595530985,0.8186873530121487,0.9947389562915331,-2.41104931640625,0.8058717498779298,0.9078931427001953,-1.5735355224609375,0.8283037567138672,1.0665411987304687,derived_from_NHTSA_Venza_FE,engineering_reference_prior
P2000703,2000703,33117 Front door latch mounting reinf. LH,side_and_closure,steel,0.03392690875515798,0.3195914804735882,1.2,7850.000000000001,520.0,0.9,1.007602891498747,-2.4343550439597506,0.8435359553805025,0.9086955390725403,-2.4757373657226562,0.8090294647216797,0.7478484191894532,-2.3700416259765626,0.8944977722167968,1.0367776794433594,derived_from_NHTSA_Venza_FE,engineering_reference_prior
P2000704,2000704,33118 Front door frame mounting reinf. Front mounting gusset LH lwr,side_and_closure,steel,0.0039073614353328555,0.03374006599409921,1.1,7850.000000000001,520.0,0.9,1.0502952079254877,-1.4803942232416398,0.8993425521715431,0.5187942254624244,-1.4838719177246094,0.8832140655517579,0.46495870208740236,-1.4780078430175783,0.9156048889160158,0.576971908569336,derived_from_NHTSA_Venza_FE,engineering_reference_prior
P2000705,2000705,33119 Front door latch assembly LH,side_and_closure,steel,0.04575371157674187,0.35916663587742376,1.0,7850.000000000001,520.0,0.9,0.9984159622059378,-2.3873417226311404,0.8408300964529309,0.8507145867395884,-2.44168994140625,0.8227617340087892,0.7680804748535157,-2.310577392578125,0.8825671997070312,0.9375839233398439,derived_from_NHTSA_Venza_FE,engineering_reference_prior
P2000706,2000706,33120 Front door frame rear lower mounting bracket LH,side_and_closure,steel,0.006181651361243477,0.07764154109721809,1.6,7850.000000000001,520.0,0.9,0.9917827954063801,-2.38653922670425,0.8529751554671835,0.695320757352616,-2.396584777832031,0.8073674926757812,0.6583610432942708,-2.354800048828125,0.8983156433105469,0.7297348937988282,derived_from_NHTSA_Venza_FE,engineering_reference_prior
P2000707,2000707,33121 Front door window regulator mounting upper reinf,side_and_closure,steel,0.007579700495550159,0.07140077866808249,1.2,7850.000000000001,520.0,0.9,0.9951056022393965,-2.1174883390788333,0.8379720053000929,0.7830182246035207,-2.2201415405273437,0.8340014038085937,0.7709053192138672,-2.0166826477050783,0.844621597290039,0.7951268005371094,derived_from_NHTSA_Venza_FE,engineering_reference_prior
P2000708,2000708,33124 Front door hinge bracket upper to body LH,side_and_closure,steel,0.006261649971853085,0.2457697613952336,5.0,7850.000000000001,520.0,0.9,1.0526197074784172,-1.421604290568543,0.8668455914493325,0.9166675315519026,-1.4640118815104166,0.8603402506510416,0.892138885498047,-1.372963165283203,0.8997777506510417,0.9428477579752603,derived_from_NHTSA_Venza_FE,engineering_reference_prior
P2000709,2000709,33125 Front door hinge bracket upper to door LH.,side_and_closure,steel,0.003106350701914094,0.12192426505012821,5.0,7850.000000000001,520.0,0.9,1.0563911150286853,-1.46332920596263,0.8962567001829446,0.9149158604479556,-1.4748236083984376,0.8721198272705079,0.8649917449951172,-1.4371296997070313,0.913752461751302,0.9675467529296875,derived_from_NHTSA_Venza_FE,engineering_reference_prior
P2000710,2000710,33126 Front door hinge bracket lower to body LH,side_and_closure,steel,0.004819564873297268,0.18916792127691778,5.0,7850.000000000001,520.0,0.9,1.0475601188265855,-1.4318691350514756,0.8711062821610417,0.5130618134510926,-1.4609228515625001,0.8663736114501953,0.4726743062337239,-1.4013325602213542,0.899078125,0.5537253875732422,derived_from_NHTSA_Venza_FE,engineering_reference_prior
P2000711,2000711,33127 Front door hinge bracket lower to door LH,side_and_closure,steel,0.003188601109162633,0.12515259353463334,5.0,7850.000000000001,520.0,0.9,1.0523529256585327,-1.4642870310256533,0.9025645972489504,0.5169283518138462,-1.4760608520507812,0.8846534729003906,0.4630517272949219,-1.438689697265625,0.9167472229003906,0.5707376708984375,derived_from_NHTSA_Venza_FE,engineering_reference_prior
P2000712,2000712,33131_Front Door Outer Upper Reinf. Main Panel LH,side_and_closure,steel,0.12369168102111877,0.776783756812626,0.8,7850.000000000001,520.0,0.9,1.0458684862872287,-1.976013840017622,0.8830248538483619,1.0131095968171122,-2.4770569661458333,0.8443495330810546,0.9386417694091798,-1.4540198160807292,0.9219024963378907,1.0888033752441406,derived_from_NHTSA_Venza_FE,engineering_reference_prior
P2000713,2000713,33132_Front Door Outer Upper Reinf. Front Bracket LH,side_and_closure,steel,0.01551921888849699,0.15837362875711183,1.3,7850.000000000001,520.0,0.9,1.0615079845338733,-1.5465232713974515,0.893230500398906,0.9810624645445508,-1.6255149230957031,0.858060791015625,0.940662841796875,-1.4568165588378905,0.9197236938476563,1.0260329589843749,derived_from_NHTSA_Venza_FE,engineering_reference_prior
P2000714,2000714,33133_Front Door Outer Upper Reinf. Rear Inside Bracket LH,side_and_closure,steel,0.009024192169983191,0.09917587194811528,1.4,7850.000000000001,520.0,0.9,1.0424534239717553,-2.3898220617051527,0.8809676826274099,1.0331650826120602,-2.446010498046875,0.8602457427978516,1.0017415466308595,-2.335194396972656,0.9042125091552735,1.0679189758300782,derived_from_NHTSA_Venza_FE,engineering_reference_prior
P2000715,2000715,33134_Front Door Outer Upper Reinf. Rear Outside Bracket LH,side_and_closure,steel,0.006681749104242152,0.07343242265562125,1.4,7850.000000000001,520.0,0.9,1.0458696481688732,-2.4495194599948875,0.8802196104078508,1.0486222426318386,-2.4953652954101564,0.8543453979492187,1.015880599975586,-2.3844646606445314,0.8899928894042969,1.0747035217285157,derived_from_NHTSA_Venza_FE,engineering_reference_prior
P2000716,2000716,33135 Front door xxx,side_and_closure,steel,0.05481091296880939,0.3872391001246384,0.9,7850.000000000001,520.0,0.9,1.0272805847728943,-1.9676453072541833,0.9394773173713156,0.7795049000968536,-2.4598240966796876,0.8923676147460937,0.7579149017333985,-1.4569708862304687,0.9460682373046876,0.8009770050048828,derived_from_NHTSA_Venza_FE,engineering_reference_prior
P2000717,2000717,33118 Front door window regulator linkage LH,side_and_closure,steel,0.03644699742827872,0.572217859623976,2.0,7850.000000000001,520.0,0.9,1.0031361160773153,-1.9302358064899647,0.8535569202644009,0.72981231437988,-2.093470296223958,0.8266725311279298,0.5647176106770834,-1.7667278747558595,0.8718688964843749,0.8819165191650391,derived_from_NHTSA_Venza_FE,engineering_reference_prior
P2000718,2000718,33118 Front door window regulator linkage rail,side_and_closure,steel,0.01921041440821374,0.18096210372537344,1.2,7850.000000000001,520.0,0.9,1.016534667466111,-1.917925479273519,0.8812505895099403,0.572023271216992,-2.1540867309570313,0.8722835083007812,0.5620560150146485,-1.6856104736328124,0.8879422760009765,0.5817051086425782,derived_from_NHTSA_Venza_FE,engineering_reference_prior
P2000719,2000719,33150 RIGID PATCH Front door window regulator linkage,side_and_closure,steel,0.0016259088484284622,0.012763384460163429,1.0,7850.000000000001,520.0,0.9,1.0023185686706655,-1.976400101016237,0.8585325798097945,0.6769646406095744,-1.98966845703125,0.8551626993815103,0.663369384765625,-1.9628604329427084,0.8612527262369791,0.6908401082356771,derived_from_NHTSA_Venza_FE,engineering_reference_prior
P2000721,2000721,33152 RIGID PATCH Top Hinge to door,side_and_closure,steel,0.0004409867146477099,0.0034617457099845234,1.0,7850.000000000001,520.0,0.9,1.0580414320931246,-1.4539859462718516,0.8988849793836645,0.9178014429884992,-1.4636260375976564,0.8918198699951171,0.9024425964355469,-1.4450601806640626,0.9062111358642577,0.9373699645996094,derived_from_NHTSA_Venza_FE,engineering_reference_prior
P2000723,2000723,33154 RIGID PATCH Bottom Hinge to door,side_and_closure,steel,0.0004925470225649734,0.003866494127135042,1.0,7850.000000000001,520.0,0.9,1.0538484984357839,-1.4554473074743233,0.904374409531793,0.5129889437991154,-1.4645910949707033,0.895678466796875,0.49639477539062504,-1.4476992797851564,0.9134444274902345,0.5327129516601563,derived_from_NHTSA_Venza_FE,engineering_reference_prior
P2000724,2000724,33198 Front door clench hem t=2.2mm,side_and_closure,steel,0.00788379212155109,0.13615308993918734,2.2,7850.000000000001,520.0,0.9,1.0501728869344529,-1.4474185726402882,0.9099593690330193,0.5660689625515317,-1.6314071044921874,0.842665985107422,0.22111464309692383,-1.409701629638672,0.9456996612548829,1.0288803100585937,derived_from_NHTSA_Venza_FE,engineering_reference_prior
P2000725,2000725,33199 Front door clench hem t=1.6mm,side_and_closure,steel,0.011584382556214053,0.14549984490604853,1.6,7850.000000000001,520.0,0.9,1.0284721787041629,-2.2555070427769937,0.8715948198081831,0.4158567379511467,-2.524683532714844,0.8426485748291016,0.2267372169494629,-1.6389883728027344,0.9460796356201172,1.0903958435058594,derived_from_NHTSA_Venza_FE,engineering_reference_prior
P2000726,2000726,33201 Front door outer panel RH,side_and_closure,steel,0.9407136358507394,5.907681633142644,0.8,7850.000000000001,520.0,0.9,1.018845830240177,-1.9732768295720722,-0.9169514933927181,0.6558492799301526,-2.5163651123046877,-0.9502488708496094,0.2278510284423828,-1.4184839477539062,-0.8378619232177735,1.102623321533203,derived_from_NHTSA_Venza_FE,engineering_reference_prior
P2000727,2000727,33202 Front door inner front panel RH,side_and_closure,steel,0.20523730937953144,2.2555580300810507,1.4,7850.000000000001,520.0,0.9,1.0272172805701834,-1.5131545805040272,-0.8535527157173491,0.6354314504336872,-1.629944061279297,-0.9435901336669922,0.22813813781738282,-1.4171606750488284,-0.7901174468994141,1.0369391276041666,derived_from_NHTSA_Venza_FE,engineering_reference_prior
P2000728,2000728,33203 Front door inner rear panel RH,side_and_closure,steel,0.700246318543538,4.39754688045342,0.8,7850.000000000001,520.0,0.9,0.990307383303107,-2.1054186986316945,-0.8261657267200249,0.6381771587011122,-2.5177985026041663,-0.9429698638916016,0.23555510965983073,-1.6313611450195311,-0.7883281097412109,1.0888767496744791,derived_from_NHTSA_Venza_FE,engineering_reference_prior
P2000729,2000729,33204 Front door lower Impact beam lower center attach bracket RH,side_and_closure,steel,0.0061751106825359775,0.04847461885790743,1.0,7850.000000000001,520.0,0.9,1.033200635192322,-1.8217367929221249,-0.9180729077753274,0.5432453418832934,-1.879869873046875,-0.9267552337646485,0.5235911254882812,-1.7647513427734376,-0.9046015167236328,0.5659994659423828,derived_from_NHTSA_Venza_FE,engineering_reference_prior
P2000730,2000730,33205 Front door lower impact beam RH,side_and_closure,steel,0.08051747115136589,0.6320621485382223,1.0,7850.000000000001,520.0,0.9,1.024368049145365,-1.9714193515751017,-0.9021019359699503,0.5315399886038922,-2.41671484375,-0.930326416015625,0.47669369506835935,-1.5253193359375001,-0.8736529235839844,0.5863637390136719,derived_from_NHTSA_Venza_FE,engineering_reference_prior
P2000731,2000731,33206 Front door regulator mounting bracket lower center RH,side_and_closure,steel,0.01397883277535855,0.1207072210152211,1.1,7850.000000000001,520.0,0.9,1.0200906121115305,-2.1248950482339035,-0.9086205141546608,0.5440623751247882,-2.186655598958333,-0.91884228515625,0.4915281066894531,-2.0645232543945315,-0.8930900421142578,0.607747802734375,derived_from_NHTSA_Venza_FE,engineering_reference_prior
P2000732,2000732,33207 Front door lower impact beam mounting front bracket RH,side_and_closure,steel,0.01660383379921345,0.2606801906476512,2.0,7850.000000000001,520.0,0.9,1.0477187576716358,-1.5117798857543616,-0.9205792486757572,0.575397104985004,-1.576426513671875,-0.9390622711181642,0.5104845682779948,-1.4568023376464843,-0.898659439086914,0.6407262268066407,derived_from_NHTSA_Venza_FE,engineering_reference_prior
P2000733,2000733,33208 Front door lower impact beam mounting rear bracket RH,side_and_closure,steel,0.0253390076431681,0.2386934519986435,1.2,7850.000000000001,520.0,0.9,1.0090695361071922,-2.329197649684853,-0.8579182579716929,0.49935563574038133,-2.427171630859375,-0.8893968811035157,0.4184220962524414,-2.2605691528320313,-0.7953584442138673,0.5608785705566406,derived_from_NHTSA_Venza_FE,engineering_reference_prior
P2000734,2000734,33209 Front door frame mounting reinf. Front RH,side_and_closure,steel,0.025156567459832066,0.23697486547161806,1.2,7850.000000000001,520.0,0.9,1.0448694461729924,-1.5176683174658667,-0.8603167686966936,0.9179671426201498,-1.5864833068847657,-0.9182022247314453,0.8150382232666016,-1.4755666809082033,-0.808577621459961,1.0078518371582033,derived_from_NHTSA_Venza_FE,engineering_reference_prior
P2000735,2000735,33210 Front door frame mounting reinf. Front mounting gusset RH,side_and_closure,steel,0.00390735450563319,0.0337400061561426,1.1,7850.000000000001,520.0,0.9,1.0549102284542293,-1.4796354083313266,-0.8921184293177565,0.9188595478189281,-1.4829708557128907,-0.9144034271240234,0.8656267242431641,-1.4774399414062498,-0.8695430755615234,0.9761293792724608,derived_from_NHTSA_Venza_FE,engineering_reference_prior
P2000736,2000736,33211 Front door frame front lower mounting bracket RH,side_and_closure,steel,0.0037649273775152395,0.04728748786159142,1.6,7850.000000000001,520.0,0.9,1.0234581302369374,-1.5090002685847825,-0.8423186959664013,0.6834129686949725,-1.5493265991210938,-0.8915740661621093,0.6650049896240234,-1.4918331298828125,-0.8134246520996093,0.6997344156901042,derived_from_NHTSA_Venza_FE,engineering_reference_prior
P2000737,2000737,33212 Front door frame front RH,side_and_closure,steel,0.056133942303528805,0.8813028941654023,2.0,7850.000000000001,520.0,0.9,1.0409762773628177,-1.556329559685473,-0.8303700204677515,0.9510557094053717,-1.6090804443359374,-0.8803538208007813,0.6577406311035157,-1.4962222290039062,-0.7388035278320313,1.2355140686035155,derived_from_NHTSA_Venza_FE,engineering_reference_prior
P2000738,2000738,33213 Front door frame upper RH,side_and_closure,steel,0.0842111394094746,2.2475953108388773,3.4,7850.000000000001,520.0,0.9,1.119711308337087,-2.0389618678142964,-0.6804163486088876,1.3836024569903784,-2.5156109619140623,-0.7634218292236329,1.2192259216308594,-1.5898276062011718,-0.6331460978190104,1.4830694274902343,derived_from_NHTSA_Venza_FE,engineering_reference_prior
P2000739,2000739,33214 Front door frame rear RH,side_and_closure,steel,0.07729260766617033,2.062939698610086,3.4,7850.000000000001,520.0,0.9,1.0393959871203267,-2.4405977334169813,-0.7960345676574001,1.0978317267120699,-2.5189307250976563,-0.8902143859863281,0.6443226013183594,-2.3583287353515625,-0.6343281046549478,1.4797618103027343,derived_from_NHTSA_Venza_FE,engineering_reference_prior
P2000740,2000740,33215 Front door frame rear panel RH,side_and_closure,steel,0.03376306102927216,0.26504002907978647,1.0,7850.000000000001,520.0,0.9,1.0870565736252167,-2.5011186898848075,-0.7663735167918714,1.2671385403298647,-2.55554052734375,-0.8462300567626954,1.0645847473144532,-2.443068359375,-0.6435535278320312,1.4814443359375,derived_from_NHTSA_Venza_FE,engineering_reference_prior
P2000741,2000741,33216 Front door inner upper reinf. RH,side_and_closure,steel,0.08662180636247098,0.8159774159344766,1.2,7850.000000000001,520.0,0.9,1.0266086629599238,-1.9718147571353908,-0.8186876318332308,0.9947389624151529,-2.411049072265625,-0.8283040008544922,0.9078931427001954,-1.5735352783203125,-0.8058719940185546,1.0665411987304687,derived_from_NHTSA_Venza_FE,engineering_reference_prior
P2000742,2000742,33217 Front door latch mounting reinf. RH,side_and_closure,steel,0.03392695610507771,0.3195919265098321,1.2,7850.000000000001,520.0,0.9,1.0075696944480916,-2.4343548820456626,-0.8435363848352614,0.9086955098831545,-2.4757373657226562,-0.8944981384277344,0.7478484191894532,-2.37004150390625,-0.8090298309326172,1.0367776794433594,derived_from_NHTSA_Venza_FE,engineering_reference_prior
P2000743,2000743,33118 Front door frame mounting reinf. Front mounting gusset LH lwr,side_and_closure,steel,0.003907361435332846,0.03374006599409913,1.1,7850.000000000001,520.0,0.9,1.0502648227106013,-1.4803939791010154,-0.8993427963121677,0.5187942254624248,-1.4838716735839843,-0.9156051330566406,0.46495870208740236,-1.4780075988769532,-0.8832143096923828,0.5769719085693359,derived_from_NHTSA_Venza_FE,engineering_reference_prior
P2000744,2000744,33219 Front door latch assembly RH,side_and_closure,steel,0.04575374602106108,0.35916690626532954,1.0,7850.000000000001,520.0,0.9,0.9983816363747838,-2.387341535268789,-0.8408304748087213,0.8507145608391784,-2.441689697265625,-0.8825675659179687,0.7680804748535157,-2.3105772705078125,-0.8227621002197265,0.9375839233398439,derived_from_NHTSA_Venza_FE,engineering_reference_prior
P2000745,2000745,33220 Front door frame rear lower mounting bracket RH,side_and_closure,steel,0.006181648289745263,0.07764150251920052,1.6,7850.000000000001,520.0,0.9,0.9917470275350925,-2.386538999410035,-0.8529755537254495,0.6953207720116411,-2.3965845947265625,-0.8983160095214845,0.6583610432942708,-2.354799865722656,-0.8073678588867188,0.7297348937988282,derived_from_NHTSA_Venza_FE,engineering_reference_prior
P2000746,2000746,33221 Front door window regulator mounting upper reinf,side_and_closure,steel,0.007579700661448303,0.07140078023084302,1.2,7850.000000000001,520.0,0.9,0.995070914659076,-2.1174880931464464,-0.8379722908381453,0.7830182243415803,-2.220141357421875,-0.8446219635009765,0.7709053192138672,-2.0166824035644533,-0.8340016479492188,0.7951268005371094,derived_from_NHTSA_Venza_FE,engineering_reference_prior
P2000747,2000747,33224 Front door hinge bracket upper to body RH,side_and_closure,steel,0.006261700771710788,0.2457717552896485,5.0,7850.000000000001,520.0,0.9,1.0525906229802,-1.4216040472221467,-0.8668457468578504,0.9166675089551835,-1.4640116373697918,-0.8997779947916666,0.8921388854980469,-1.3729630737304688,-0.8603403727213541,0.9428477579752604,derived_from_NHTSA_Venza_FE,engineering_reference_prior
P2000748,2000748,33225 Front door hinge bracket upper to door RH.,side_and_closure,steel,0.0031063510705701047,0.12192427951987662,5.0,7850.000000000001,520.0,0.9,1.0563614311637215,-1.463328959961385,-0.8962569194888916,0.9149158600237572,-1.4748233642578126,-0.9137527058919271,0.8649917449951172,-1.4371294555664065,-0.8721200714111328,0.9675467529296875,derived_from_NHTSA_Venza_FE,engineering_reference_prior
P2000749,2000749,33226 Front door hinge bracket lower to body RH,side_and_closure,steel,0.004819641666685042,0.18917093541738791,5.0,7850.000000000001,520.0,0.9,1.0475304433713561,-1.4318685301120764,-0.8711063612167909,0.5130615027869233,-1.460922607421875,-0.8990782470703125,0.4726743062337239,-1.4013324788411456,-0.8663737335205078,0.5537253875732422,derived_from_NHTSA_Venza_FE,engineering_reference_prior
P2000750,2000750,33227 Front door hinge bracket lower to door RH,side_and_closure,steel,0.0031886010596119006,0.1251525915897671,5.0,7850.000000000001,520.0,0.9,1.0523226317254415,-1.4642867870772,-0.9025648095371802,0.5169283515834382,-1.4760606079101564,-0.9167474060058594,0.4630517272949219,-1.4386894531249999,-0.8846537170410156,0.5707376708984375,derived_from_NHTSA_Venza_FE,engineering_reference_prior
P2000751,2000751,33231_Front Door Outer Upper Reinf. Main Panel RH,side_and_closure,steel,0.12369171053533864,0.7767839421619268,0.8,7850.000000000001,520.0,0.9,1.0458382051169066,-1.97601370701885,-0.8830251374169423,1.013109602970994,-2.4770569661458333,-0.9219027404785156,0.9386417694091798,-1.4540195719401041,-0.8443498992919922,1.0888033752441406,derived_from_NHTSA_Venza_FE,engineering_reference_prior
P2000752,2000752,33232_Front Door Outer Upper Reinf. Front Bracket RH,side_and_closure,steel,0.015519218888496989,0.15837362875711183,1.3,7850.000000000001,520.0,0.9,1.0614788912649349,-1.5465230272568284,-0.8932307445395316,0.9810624645445517,-1.6255146789550783,-0.9197239379882813,0.940662841796875,-1.456816314697266,-0.85806103515625,1.026032958984375,derived_from_NHTSA_Venza_FE,engineering_reference_prior
P2000753,2000753,33233_Front Door Outer Upper Reinf. Rear Inside Bracket RH,side_and_closure,steel,0.009024192208386673,0.09917587237016955,1.4,7850.000000000001,520.0,0.9,1.0424228759514182,-2.389821795801741,-0.8809680580625399,1.0331650737569824,-2.4460100911458333,-0.9042128753662109,1.0017415466308595,-2.3351941528320315,-0.8602461090087891,1.0679189758300782,derived_from_NHTSA_Venza_FE,engineering_reference_prior
P2000754,2000754,33234_Front Door Outer Upper Reinf. Rear Outside Bracket RH,side_and_closure,steel,0.006681754944636461,0.0734324868415547,1.4,7850.000000000001,520.0,0.9,1.0458394784834781,-2.449519398008531,-0.8802199809023591,1.0486222428590506,-2.4953652954101564,-0.8899932556152343,1.015880599975586,-2.384464538574219,-0.8543457641601563,1.0747035217285157,derived_from_NHTSA_Venza_FE,engineering_reference_prior
P2000755,2000755,33235 Front door xxx,side_and_closure,steel,0.05481092005499096,0.38723915018851124,0.9,7850.000000000001,520.0,0.9,1.0272462055687126,-1.967645127789682,-0.9394775934313275,0.7795049017585891,-2.4598240966796876,-0.9460684814453125,0.7579149017333985,-1.4569706420898436,-0.8923679809570312,0.8009770050048828,derived_from_NHTSA_Venza_FE,engineering_reference_prior
P2000756,2000756,33218 Front door window regulator linkage RH,side_and_closure,steel,0.03644699685687824,0.5722178506529884,2.0,7850.000000000001,520.0,0.9,1.003101896970633,-1.9302355579098773,-0.853557165575374,0.7298123053556052,-2.093469970703125,-0.871869140625,0.5647176106770834,-1.7667276306152344,-0.8266727752685548,0.8819165191650391,derived_from_NHTSA_Venza_FE,engineering_reference_prior
P2000757,2000757,33218 Front door window regulator linkage rail,side_and_closure,steel,0.019210416238828996,0.18096212096976916,1.2,7850.000000000001,520.0,0.9,1.016501113940495,-1.9179252570185998,-0.8812508367947638,0.5720232706763476,-2.1540866088867188,-0.8879425201416016,0.5620560150146485,-1.6856102294921875,-0.8722837524414063,0.5817051086425782,derived_from_NHTSA_Venza_FE,engineering_reference_prior
P2000758,2000758,33250 RIGID PATCH Front door window regulator linkage,side_and_closure,steel,0.0016259088484284658,0.01276338446016346,1.0,7850.000000000001,520.0,0.9,1.0022840373128736,-1.9763998568756107,-0.8585328239504192,0.6769646406095742,-1.989668212890625,-0.8612529703776041,0.663369384765625,-1.9628601888020833,-0.8551629435221354,0.690840108235677,derived_from_NHTSA_Venza_FE,engineering_reference_prior
P2000760,2000760,33252 RIGID PATCH Top Hinge to door,side_and_closure,steel,0.0004409859478355471,0.0034617396905090455,1.0,7850.000000000001,520.0,0.9,1.0580118225541317,-1.4539857102379445,-0.8988851937802924,0.9178014668705727,-1.4636257934570314,-0.9062113494873048,0.9024425964355469,-1.4450599365234376,-0.8918201141357422,0.9373699645996094,derived_from_NHTSA_Venza_FE,engineering_reference_prior
P2000762,2000762,33254 RIGID PATCH Bottom Hinge to door,side_and_closure,steel,0.0004925465922628434,0.0038664907492633213,1.0,7850.000000000001,520.0,0.9,1.0538182905158777,-1.4554470674355422,-0.9043746139771313,0.5129889488417889,-1.4645908508300782,-0.9134446411132813,0.49639477539062504,-1.4476990356445314,-0.8956787109375,0.5327129516601563,derived_from_NHTSA_Venza_FE,engineering_reference_prior
P2000763,2000763,33298 Front door clench hem t=2.2mm,side_and_closure,steel,0.007883766174322534,0.1361526418305502,2.2,7850.000000000001,520.0,0.9,1.0501421011333991,-1.4474184664734155,-0.9099594455269571,0.5660687287482782,-1.6314068603515626,-0.9456997833251954,0.22111464309692383,-1.4097014770507812,-0.8426662292480468,1.0288803100585937,derived_from_NHTSA_Venza_FE,engineering_reference_prior
P2000764,2000764,33299 Front door clench hem t=1.6mm,side_and_closure,steel,0.01158438427204082,0.14549986645683274,1.6,7850.000000000001,520.0,0.9,1.0284404320023608,-2.255506948404282,-0.8715951389826079,0.41585671071106817,-2.5246835327148442,-0.9460800018310547,0.2267372169494629,-1.6389881286621093,-0.8426489410400391,1.0903958435058594,derived_from_NHTSA_Venza_FE,engineering_reference_prior
P2000765,2000765,33155 RIGID PATCH Bottom Hinge to door,side_and_closure,steel,0.0002217287766422524,0.0017405708966416816,1.0,7850.000000000001,520.0,0.9,1.052965592127191,-1.3974710230272922,0.8605506088694576,0.9173531435903651,-1.4127564697265627,0.8604572753906249,0.9132159881591797,-1.379802276611328,0.8606585845947264,0.9214497222900391,derived_from_NHTSA_Venza_FE,engineering_reference_prior
P2000766,2000766,33156 RIGID PATCH Bottom Hinge to door,side_and_closure,steel,0.00026092993092151926,0.0020482999577339264,1.0,7850.000000000001,520.0,0.9,1.0477472573146096,-1.4138208824759573,0.8671146176631143,0.514214108562733,-1.4183954772949219,0.8666894073486329,0.4910033365885417,-1.4088770751953126,0.8675367584228516,0.5375340983072916,derived_from_NHTSA_Venza_FE,engineering_reference_prior
P2000767,2000767,33255 RIGID PATCH Bottom Hinge to door,side_and_closure,steel,0.0002216777263569212,0.0017401701519018317,1.0,7850.000000000001,520.0,0.9,1.0529373245716003,-1.3974668033693975,-0.860551369706671,0.9173541522912428,-1.412756317138672,-0.8606661376953124,0.9132161254882812,-1.3798020935058593,-0.8604573974609374,0.9214497222900391,derived_from_NHTSA_Venza_FE,engineering_reference_prior
P2000768,2000768,33256 RIGID PATCH Bottom Hinge to door,side_and_closure,steel,0.0002608452446749267,0.002047635170698175,1.0,7850.000000000001,520.0,0.9,1.0477167344851281,-1.413823144550664,-0.8671146011053968,0.5142200926828,-1.418395263671875,-0.8675367126464845,0.49100335693359376,-1.4088768717447917,-0.8666895294189454,0.5375340983072916,derived_from_NHTSA_Venza_FE,engineering_reference_prior
P2000770,2000770,34101 Rear door outer panel LH,side_and_closure,steel,0.7795188475516119,4.895378362624124,0.8,7850.000000000001,520.0,0.9,1.0179988718838824,-2.9335738950621764,0.9114941617688317,0.7257430806466295,-3.508076232910156,0.8197659301757813,0.23050972747802734,-2.496257629394531,0.9487563018798828,1.1306598510742187,derived_from_NHTSA_Venza_FE,engineering_reference_prior
P2000771,2000771,34102 Rear door inner panel front LH,side_and_closure,steel,0.21378113961897727,2.013818335210766,1.2,7850.000000000001,520.0,0.9,0.9917780067107326,-2.5813812643497593,0.8500895185023807,0.6787312512050461,-2.6839750162760416,0.7912116851806641,0.23466844685872396,-2.4987421875000004,0.9406644134521485,1.0852308654785157,derived_from_NHTSA_Venza_FE,engineering_reference_prior
P2000772,2000772,34103 Rear door inner panel rear LH,side_and_closure,steel,0.5624015672799241,3.090396612203183,0.7,7850.000000000001,520.0,0.9,1.0006179512220121,-3.0648795452654904,0.8262455712875476,0.7132498495201942,-3.508711059570312,0.776395980834961,0.2304628028869629,-2.680399983723958,0.9475439453124999,1.138655029296875,derived_from_NHTSA_Venza_FE,engineering_reference_prior
P2000773,2000773,34104 Rear door impact beam lower mounting bracket front LH,side_and_closure,steel,0.014708597618870736,0.1616474878313894,1.4,7850.000000000001,520.0,0.9,1.0125910773939566,-2.5930049640804094,0.9227830595599804,0.6689708760288552,-2.66643115234375,0.907710693359375,0.6065965779622395,-2.5286986490885415,0.9385312499999999,0.7410156860351562,derived_from_NHTSA_Venza_FE,engineering_reference_prior
P2000774,2000774,34105 Rear door impact beam lower LH,side_and_closure,steel,0.05778618742001825,0.9979674567437153,2.2,7850.000000000001,520.0,0.9,1.0189931222995567,-2.864519670734303,0.8824897146047614,0.5207278692327314,-3.12131689453125,0.8374296264648438,0.3741656875610352,-2.6076749877929686,0.9275583038330079,0.6673166961669923,derived_from_NHTSA_Venza_FE,engineering_reference_prior
P2000775,2000775,34106 Rear door impact beam lower mounting bracket rear LH,side_and_closure,steel,0.00847741370793158,0.08651200688944179,1.3,7850.000000000001,520.0,0.9,1.0408782769927845,-3.0819269794675557,0.856107468900804,0.4026821904338336,-3.1315995483398438,0.8318313395182291,0.35940576171875,-3.0344581298828124,0.8776594696044923,0.4448908487955729,derived_from_NHTSA_Venza_FE,engineering_reference_prior
P2000776,2000776,34107 Rear door frame front upright panel LH,side_and_closure,steel,0.02366142966639712,0.18574222288121742,1.0,7850.000000000001,520.0,0.9,1.0885717906855905,-2.5741879008264905,0.7686275122752859,1.269045481313772,-2.60802294921875,0.6535465698242187,1.0738439636230468,-2.532670654296875,0.8458402099609375,1.4790880126953125,derived_from_NHTSA_Venza_FE,engineering_reference_prior
P2000777,2000777,34108 Rear door frame front upright beam LH,side_and_closure,steel,0.04418874303974393,1.1793975517307658,3.4,7850.000000000001,520.0,0.9,1.0582526817718405,-2.598622390781657,0.780235676224743,1.169435766362238,-2.626889099121094,0.6367241516113281,0.8578389739990235,-2.566667114257813,0.8809610137939454,1.481266296386719,derived_from_NHTSA_Venza_FE,engineering_reference_prior
P2000778,2000778,34109 Rear door frame upper beam LH,side_and_closure,steel,0.05350151089206077,1.427955325709102,3.4,7850.000000000001,520.0,0.9,1.125,-2.9570041888666343,0.6451581396190351,1.453766458982282,-3.3017040405273437,0.6325507965087891,1.417432647705078,-2.6081907348632813,0.6576450653076172,1.4848424377441407,derived_from_NHTSA_Venza_FE,engineering_reference_prior
P2000779,2000779,34110 Rear door frame rear beam LH,side_and_closure,steel,0.02994646860100385,0.7992712469607928,3.4,7850.000000000001,520.0,0.9,1.1126214476938656,-3.375407559688186,0.7291134234345338,1.286469822108811,-3.465424011230469,0.641559305826823,1.1347113342285156,-3.2902820434570312,0.8050838775634767,1.4442565307617188,derived_from_NHTSA_Venza_FE,engineering_reference_prior
P2000780,2000780,34111 Rear door inner reinf Panel upper LH,side_and_closure,steel,0.06419436334199091,0.6047109026815545,1.2,7850.000000000001,520.0,0.9,1.043387409107839,-3.0244851736933027,0.8051460067287367,1.0605487132579636,-3.431671081542969,0.7880071105957032,1.0078188171386717,-2.6158916015625,0.8181127929687501,1.112852020263672,derived_from_NHTSA_Venza_FE,engineering_reference_prior
P2000781,2000781,34112 Rear door inner reinf Panel rear LH,side_and_closure,steel,0.02108784695952662,0.16553959863228399,1.0,7850.000000000001,520.0,0.9,1.0603673125603679,-3.452837104324245,0.8166024595541709,1.02348220597376,-3.492222778320312,0.7789144083658853,0.9271460367838542,-3.3774613647460936,0.88410791015625,1.1381695963541665,derived_from_NHTSA_Venza_FE,engineering_reference_prior
P2000782,2000782,34113 Rear door front frame mounting gusset  LH,side_and_closure,steel,0.0032948056342404688,0.06207413814909044,2.4,7850.000000000001,520.0,0.9,1.0338459439305878,-2.56293560864772,0.8939612607992594,0.977093542997691,-2.567263000488281,0.878702865600586,0.9252020874023438,-2.5601873372395834,0.9104509735107422,1.027217559814453,derived_from_NHTSA_Venza_FE,engineering_reference_prior
P2000783,2000783,34114 Rear door front frame mounting reinf Bracket LH,side_and_closure,steel,0.0214500950347352,0.1515449214204042,0.9,7850.000000000001,520.0,0.9,1.0180049252576413,-2.5742951854181193,0.8552159670383608,0.9460080729071922,-2.6371734619140628,0.8146175689697266,0.8495613810221354,-2.5521993408203123,0.9130563049316406,1.0285063781738282,derived_from_NHTSA_Venza_FE,engineering_reference_prior
P2000784,2000784,34116 Front door window regulator linkage LH,side_and_closure,steel,0.02559989683754318,0.2813428662445996,1.4,7850.000000000001,520.0,0.9,1.0067546287047582,-2.892590126756517,0.8507030697973451,0.8298566665136992,-3.1178823242187503,0.8249259338378907,0.7002512207031251,-2.7430555826822918,0.8722747395833332,0.9473240203857423,derived_from_NHTSA_Venza_FE,engineering_reference_prior
P2000785,2000785,34117 Rear door impact beam upper LH,side_and_closure,steel,0.04073177329591178,0.255795536298326,0.8,7850.000000000001,520.0,0.9,1.027562215774145,-2.950682346857476,0.9302228403219711,0.8014240529267024,-3.3752006022135417,0.8925449015299478,0.7715430755615235,-2.530841796875,0.9418841145833332,0.832014907836914,derived_from_NHTSA_Venza_FE,engineering_reference_prior
P2000786,2000786,34118 Rear door inner side impact reinf,side_and_closure,steel,0.021317141897238087,0.2008074766719828,1.2,7850.000000000001,520.0,0.9,0.9935322209980237,-2.9311556807486365,0.7472409655532762,0.478055909589727,-2.9689681803385417,0.7073875885009766,0.41853511810302735,-2.8933587646484376,0.7931041259765624,0.5364059448242187,derived_from_NHTSA_Venza_FE,engineering_reference_prior
P2000787,2000787,34119 Rear door inner side impact reinf,side_and_closure,steel,0.019160044083029515,0.18048761526213805,1.2,7850.000000000001,520.0,0.9,0.9951529877205357,-2.9302641066593416,0.7537646626184469,0.4777840281407176,-2.9920003051757815,0.708941864013672,0.43746543121337894,-2.8698653564453123,0.7929469604492188,0.5166696777343751,derived_from_NHTSA_Venza_FE,engineering_reference_prior
P2000788,2000788,34120 Rear door inner side impact reinf,side_and_closure,steel,0.015118067104057092,0.10680914409016337,0.9,7850.000000000001,520.0,0.9,1.0097220579412298,-2.931237657810687,0.8134894172897926,0.4797884817379152,-3.009950988769531,0.7911566467285156,0.43927815246582036,-2.8511412760416666,0.8415939788818358,0.5212079467773438,derived_from_NHTSA_Venza_FE,engineering_reference_prior
P2000789,2000789,34121 Rear door inner side impact reinf,side_and_closure,steel,0.017404830265310332,0.12296512582441751,0.9,7850.000000000001,520.0,0.9,1.011840854255745,-2.9285076531193606,0.8227045568753714,0.48036530392690124,-2.9746457519531253,0.7940747833251953,0.41757499186197916,-2.8818485717773434,0.8456213836669921,0.5383774566650391,derived_from_NHTSA_Venza_FE,engineering_reference_prior
P2000790,2000790,34122 Rear door hinge bracket upper to body LH,side_and_closure,steel,0.005164152234442361,0.20269297520186272,5.0,7850.000000000001,520.0,0.9,1.0270632504007742,-2.5281891408883856,0.8647334976462571,0.98115787015377,-2.551891662597656,0.8567538452148438,0.9358970336914063,-2.4979183756510417,0.8984460042317708,1.0209271392822266,derived_from_NHTSA_Venza_FE,engineering_reference_prior
P2000791,2000791,34123 Rear door hinge bracket upper to door LH,side_and_closure,steel,0.003116596945770996,0.12232643012151162,5.0,7850.000000000001,520.0,0.9,1.0345657209037962,-2.533414659808423,0.899590690183682,0.9747016752491793,-2.550884765625,0.8778642883300781,0.9257376708984375,-2.513734558105469,0.9139209798177083,1.026055892944336,derived_from_NHTSA_Venza_FE,engineering_reference_prior
P2000792,2000792,34124 Rear door hinge bracket lower to body LH,side_and_closure,steel,0.007359931767127222,0.2888773218597435,5.0,7850.000000000001,520.0,0.9,0.9979112967285432,-2.517594740665935,0.8694681168964205,0.6380477540381823,-2.55173583984375,0.8579773712158204,0.612657211303711,-2.4592178344726565,0.9044473876953125,0.6658577270507813,derived_from_NHTSA_Venza_FE,engineering_reference_prior
P2000793,2000793,34125 Rear door hinge bracket lower to door LH,side_and_closure,steel,0.003497239870636848,0.1372666649224963,5.0,7850.000000000001,520.0,0.9,1.0088140081921004,-2.535526863777283,0.9081149888309649,0.6402835985067853,-2.552063171386719,0.8853563232421876,0.5895782063802083,-2.5135337524414063,0.9250577189127605,0.6914724426269532,derived_from_NHTSA_Venza_FE,engineering_reference_prior
P2000794,2000794,34126 Rear Door Outer Reinforcement LH,side_and_closure,steel,0.0812018145578678,0.6374342442792624,1.0,7850.000000000001,520.0,0.9,1.058183043346966,-2.979841263965615,0.8728248074909242,1.0659753268613443,-3.4625397949218746,0.7909166870117188,1.021453125,-2.5408965657552085,0.9164390258789064,1.1199817810058594,derived_from_NHTSA_Venza_FE,engineering_reference_prior
P2000795,2000795,34128 Rear Door Window Regulator Linkage Bottom Front LH,side_and_closure,steel,0.01703214299535962,0.1604427870162876,1.2,7850.000000000001,520.0,0.9,1.0092283047430677,-2.905825615970244,0.8842706472190873,0.7075774068838966,-3.1280164794921874,0.8767282104492187,0.6979938659667969,-2.687355061848958,0.8897636413574219,0.7171697845458984,derived_from_NHTSA_Venza_FE,engineering_reference_prior
P2000796,2000796,34129 Rear door front frame mounting gusset lower LH,side_and_closure,steel,0.004391325395041095,0.08273257044257423,2.4,7850.000000000001,520.0,0.9,1.0064935243449853,-2.5618254766231288,0.8995964339066443,0.643746431020101,-2.5666386718750003,0.8831648254394532,0.5905821685791015,-2.558391357421875,0.9159755249023438,0.6956641845703125,derived_from_NHTSA_Venza_FE,engineering_reference_prior
P2000797,2000797,34130 Rear Door Window Regulator Linkage Top Rear LH,side_and_closure,steel,0.006873982333905695,0.08094114198173956,1.5,7850.000000000001,520.0,0.9,1.013443177961251,-3.0915083803814194,0.8357567187859748,0.8473694913857023,-3.19408740234375,0.832342758178711,0.8360963134765624,-2.990641296386719,0.8408445129394531,0.8588851013183595,derived_from_NHTSA_Venza_FE,engineering_reference_prior
P2000798,2000798,34131 Rear Door Window Regulator Linkage Bottom Front LH,side_and_closure,steel,0.010721932825762557,0.1767510626326958,2.1,7850.000000000001,520.0,0.9,1.0082142453696372,-2.9821499906213647,0.8589093256935859,0.7808002028355787,-3.11944921875,0.846033223470052,0.7101669921875,-2.8430903320312497,0.8742900797526042,0.8560402018229165,derived_from_NHTSA_Venza_FE,engineering_reference_prior
P2000803,2000803,34150 RIGID PATCH Rigid door window regulator linkage,side_and_closure,steel,0.0016196390410842486,0.012714166472511354,1.0,7850.000000000001,520.0,0.9,1.0076786413855292,-2.9773880772883614,0.8584296007890095,0.7777126144453804,-2.99107177734375,0.8548590698242187,0.7644479370117188,-2.964853352864583,0.861251693725586,0.7909767659505209,derived_from_NHTSA_Venza_FE,engineering_reference_prior
P2000804,2000804,34198 Rear Door Front Hem,side_and_closure,steel,0.00742426990896027,0.11656103757067625,2.0,7850.000000000001,520.0,0.9,1.0090578632834206,-2.520735980812428,0.9002466006458599,0.5976946568055419,-2.68205517578125,0.8435288543701172,0.22986352157592774,-2.4922222900390625,0.9378616638183594,1.0662529296874999,derived_from_NHTSA_Venza_FE,engineering_reference_prior
P2000805,2000805,34199 Rear Door Rear Hem,side_and_closure,steel,0.012547334557602163,0.14774486441576548,1.5,7850.000000000001,520.0,0.9,1.0340964077318873,-3.228721642978851,0.8976826529255395,0.5668548585364436,-3.5165405883789065,0.8189861145019532,0.22334432983398436,-2.6906560058593754,0.9487333374023438,1.1270043029785157,derived_from_NHTSA_Venza_FE,engineering_reference_prior
P2000806,2000806,34201 Rear door outer panel RH,side_and_closure,steel,0.7795187711532385,4.895377882842339,0.8,7850.000000000001,520.0,0.9,1.0179644024867711,-2.9335740324950565,-0.9114945809022854,0.7257432226272998,-3.5080762329101565,-0.9487567901611328,0.23050972747802734,-2.496257629394531,-0.8197664184570312,1.1306598510742187,derived_from_NHTSA_Venza_FE,engineering_reference_prior
P2000807,2000807,34202 Rear door inner panel front RH,side_and_closure,steel,0.21371813008114687,2.0132247853644034,1.2,7850.000000000001,520.0,0.9,0.9917338108966763,-2.5813944760280294,-0.8500598081817794,0.6787461322726098,-2.6839750162760416,-0.940664779663086,0.23466844685872396,-2.4987421875,-0.7912120513916016,1.0852308654785157,derived_from_NHTSA_Venza_FE,engineering_reference_prior
P2000808,2000808,34203 Rear door inner panel rear RH,side_and_closure,steel,0.5624088939252826,3.090436872119428,0.7,7850.000000000001,520.0,0.9,1.0005843404557897,-3.064875075666582,-0.8262458759691038,0.7132545234997959,-3.5087110595703126,-0.94754443359375,0.2304628028869629,-2.680399983723958,-0.776396469116211,1.138655029296875,derived_from_NHTSA_Venza_FE,engineering_reference_prior
P2000809,2000809,34204 Rear door impact beam lower mounting bracket front RH,side_and_closure,steel,0.01470859761887073,0.16164748783138932,1.4,7850.000000000001,520.0,0.9,1.012555438668052,-2.5930049640804103,-0.9227834257709175,0.6689708760288553,-2.66643115234375,-0.9385316162109375,0.6065965779622395,-2.5286986490885415,-0.9077110595703125,0.7410156860351562,derived_from_NHTSA_Venza_FE,engineering_reference_prior
P2000810,2000810,34205 Rear door impact beam lower RH,side_and_closure,steel,0.0577861867446491,0.9979674450800902,2.2,7850.000000000001,520.0,0.9,1.0189598682455239,-2.864519670953411,-0.8824901458860464,0.5207278692287146,-3.12131689453125,-0.9275586700439453,0.37416568756103513,-2.6076749877929686,-0.8374301147460937,0.6673166961669922,derived_from_NHTSA_Venza_FE,engineering_reference_prior
P2000811,2000811,34206 Rear door impact beam lower mounting bracket rear RH,side_and_closure,steel,0.008477413707931578,0.08651200688944177,1.3,7850.000000000001,520.0,0.9,1.040848458024986,-3.0819269794675566,-0.8561079571820541,0.40268219043383363,-3.1315995483398438,-0.8776599578857422,0.35940576171875,-3.0344581298828124,-0.8318318277994791,0.4448908487955729,derived_from_NHTSA_Venza_FE,engineering_reference_prior
P2000812,2000812,34207 Rear door frame front upright panel RH,side_and_closure,steel,0.023661572502944626,0.18574334414811536,1.0,7850.000000000001,520.0,0.9,1.0885489755485045,-2.5741881573087815,-0.7686269042181796,1.2690465935813084,-2.6080229492187503,-0.8458405761718749,1.0738439636230468,-2.532670654296875,-0.6535395965576172,1.4790880126953125,derived_from_NHTSA_Venza_FE,engineering_reference_prior
P2000813,2000813,34208 Rear door frame front upright beam RH,side_and_closure,steel,0.0441887430397438,1.179397551730762,3.4,7850.000000000001,520.0,0.9,1.0582270127045328,-2.598622390781661,-0.780236042435682,1.1694357663622417,-2.626889099121094,-0.8809613800048828,0.8578389739990234,-2.566667114257813,-0.6367245178222656,1.4812662963867187,derived_from_NHTSA_Venza_FE,engineering_reference_prior
P2000814,2000814,34209 Rear door frame upper beam RH,side_and_closure,steel,0.05350152556301376,1.4279557172768373,3.4,7850.000000000001,520.0,0.9,1.125,-2.957004128725446,-0.6451583768527949,1.4537663684414375,-3.301704040527344,-0.6576455535888672,1.417432647705078,-2.608019958496094,-0.6325511627197266,1.4848424377441405,derived_from_NHTSA_Venza_FE,engineering_reference_prior
P2000815,2000815,34210 Rear door frame rear beam RH,side_and_closure,steel,0.02994646860100386,0.7992712469607931,3.4,7850.000000000001,520.0,0.9,1.112601076936555,-3.375407559688183,-0.7291139117157841,1.2864698221088116,-3.465424011230469,-0.8050843658447266,1.1347113342285158,-3.2902820434570312,-0.6415597941080728,1.4442565307617188,derived_from_NHTSA_Venza_FE,engineering_reference_prior
P2000816,2000816,34211 Rear door inner reinf Panel upper RH,side_and_closure,steel,0.06419436327320505,0.6047109020335916,1.2,7850.000000000001,520.0,0.9,1.0433595977335488,-3.024485173887167,-0.8051464614901419,1.0605487132144833,-3.4316710815429685,-0.8181131591796874,1.007818817138672,-2.6158916015625002,-0.7880075988769532,1.1128520202636718,derived_from_NHTSA_Venza_FE,engineering_reference_prior
P2000817,2000817,34212 Rear door inner reinf Panel rear RH,side_and_closure,steel,0.021087846959526632,0.16553959863228407,1.0,7850.000000000001,520.0,0.9,1.0603406558402235,-3.4528371043242414,-0.8166029478354193,1.02348220597376,-3.492222778320312,-0.8841083984375,0.9271460367838541,-3.377461364746094,-0.7789148966471353,1.1381695963541667,derived_from_NHTSA_Venza_FE,engineering_reference_prior
P2000818,2000818,34213 Rear door front frame mounting gusset  RH,side_and_closure,steel,0.0032948056342404736,0.06207413814909052,2.4,7850.000000000001,520.0,0.9,1.0338140040348573,-2.5629356086477184,-0.8939616270101974,0.977093542997691,-2.567263000488281,-0.9104513397216797,0.9252020874023438,-2.5601873372395834,-0.8787032318115233,1.0272175598144533,derived_from_NHTSA_Venza_FE,engineering_reference_prior
P2000819,2000819,34214 Rear door front frame mounting reinf Bracket RH,side_and_closure,steel,0.021450095034735203,0.15154492142040424,0.9,7850.000000000001,520.0,0.9,1.0179725634849668,-2.5742951854181184,-0.8552163332492982,0.946008072907192,-2.6371734619140628,-0.9130566711425782,0.8495613810221353,-2.5521993408203123,-0.814617935180664,1.028506378173828,derived_from_NHTSA_Venza_FE,engineering_reference_prior
P2000820,2000820,34216 Front door window regulator linkage RH,side_and_closure,steel,0.025599896893405295,0.2813428668585242,1.4,7850.000000000001,520.0,0.9,1.0067210471985542,-2.892590126612131,-0.8507035120502554,0.8298566662735201,-3.11788232421875,-0.8722752278645833,0.7002512207031251,-2.7430555826822918,-0.8249263305664063,0.9473240203857423,derived_from_NHTSA_Venza_FE,engineering_reference_prior
P2000821,2000821,34217 Rear door impact beam upper RH,side_and_closure,steel,0.04073177310468305,0.2557955350974096,0.8,7850.000000000001,520.0,0.9,1.027528248527508,-2.9506823473399257,-0.9302232838289248,0.8014240529092113,-3.3752006022135417,-0.9418844807942708,0.7715430755615235,-2.530841796875,-0.8925453898111979,0.832014907836914,derived_from_NHTSA_Venza_FE,engineering_reference_prior
P2000822,2000822,34218 Rear door inner side impact reinf,side_and_closure,steel,0.021317141897238073,0.20080747667198265,1.2,7850.000000000001,520.0,0.9,0.9935011335315665,-2.931155680748639,-0.747241453834526,0.4780559095897272,-2.9689681803385417,-0.7931046142578125,0.41853511810302735,-2.8933587646484376,-0.7073880767822266,0.5364059448242188,derived_from_NHTSA_Venza_FE,engineering_reference_prior
P2000823,2000823,34219 Rear door inner side impact reinf,side_and_closure,steel,0.019160044083029515,0.18048761526213805,1.2,7850.000000000001,520.0,0.9,0.995121836179085,-2.930264106659341,-0.7537651508996972,0.4777840281407172,-2.9920003051757815,-0.7929474487304689,0.43746543121337894,-2.8698653564453127,-0.7089423522949219,0.516669677734375,derived_from_NHTSA_Venza_FE,engineering_reference_prior
P2000824,2000824,34220 Rear door inner side impact reinf,side_and_closure,steel,0.015118067104057085,0.10680914409016332,0.9,7850.000000000001,520.0,0.9,1.0096903240769999,-2.931237657810689,-0.8134899055710433,0.47978848173791533,-3.0099509887695315,-0.841594467163086,0.43927815246582036,-2.8511412760416666,-0.7911571350097657,0.5212079467773437,derived_from_NHTSA_Venza_FE,engineering_reference_prior
P2000825,2000825,34221 Rear door inner side impact reinf,side_and_closure,steel,0.01740483026531033,0.12296512582441749,0.9,7850.000000000001,520.0,0.9,1.0118090206196475,-2.9285076531193597,-0.8227050451566212,0.480365303926901,-2.9746457519531253,-0.8456218719482422,0.4175749918619791,-2.881848571777344,-0.7940752716064453,0.5383774566650391,derived_from_NHTSA_Venza_FE,engineering_reference_prior
P2000826,2000826,34222 Rear door hinge bracket upper to body RH,side_and_closure,steel,0.0051638797870484174,0.20268228164165042,5.0,7850.000000000001,520.0,0.9,1.0270320856581785,-2.5281893257419545,-0.8647343584584184,0.9811595985273986,-2.551891662597656,-0.8984463704427084,0.9358970336914063,-2.4979183756510417,-0.8567542114257812,1.0209271392822266,derived_from_NHTSA_Venza_FE,engineering_reference_prior
P2000827,2000827,34223 Rear door hinge bracket upper to door RH,side_and_closure,steel,0.003116596945770997,0.12232643012151163,5.0,7850.000000000001,520.0,0.9,1.0345336611719564,-2.533414659808423,-0.8995910563946194,0.974701675249179,-2.550884765625,-0.9139213460286458,0.9257376708984375,-2.513734558105469,-0.8778646545410156,1.026055892944336,derived_from_NHTSA_Venza_FE,engineering_reference_prior
P2000828,2000828,34224 Rear door hinge bracket lower to body RH,side_and_closure,steel,0.007359931767127218,0.28887732185974335,5.0,7850.000000000001,520.0,0.9,0.9978757285558223,-2.5175947406659382,-0.8694684831073586,0.6380477540381825,-2.55173583984375,-0.90444775390625,0.612657211303711,-2.4592178344726565,-0.8579777374267578,0.6658577270507812,derived_from_NHTSA_Venza_FE,engineering_reference_prior
P2000829,2000829,34225 Rear door hinge bracket lower to door RH,side_and_closure,steel,0.003487555270553395,0.13688654436922076,5.0,7850.000000000001,520.0,0.9,1.008762630152111,-2.535547235121427,-0.9080647869069638,0.6403230840116809,-2.552063171386719,-0.9249327596028646,0.5895782063802083,-2.5135668945312504,-0.8853566894531251,0.6914724426269532,derived_from_NHTSA_Venza_FE,engineering_reference_prior
P2000830,2000830,34226 Rear Door Outer Reinforcement RH,side_and_closure,steel,0.08120181443289172,0.6374342432982001,1.0,7850.000000000001,520.0,0.9,1.0581543394210857,-2.9798412641740537,-0.8728252523157861,1.0659753268506893,-3.4625397949218746,-0.9164393920898437,1.021453125,-2.540896565755208,-0.7909171752929687,1.1199817810058594,derived_from_NHTSA_Venza_FE,engineering_reference_prior
P2000831,2000831,34228 Rear Door Window Regulator Linkage Bottom Front RH,side_and_closure,steel,0.017032142980458655,0.16044278687592053,1.2,7850.000000000001,520.0,0.9,1.0091937317477107,-2.905825616023208,-0.884271091323924,0.7075774068798091,-3.1280164794921874,-0.8897640075683594,0.6979938659667969,-2.687355061848958,-0.8767286987304688,0.7171697845458984,derived_from_NHTSA_Venza_FE,engineering_reference_prior
P2000832,2000832,34229 Rear door front frame mounting gusset lower RH,side_and_closure,steel,0.004391325395041095,0.08273257044257423,2.4,7850.000000000001,520.0,0.9,1.0064579551131922,-2.5618254766231314,-0.899596800117583,0.6437464310201011,-2.5666386718750003,-0.9159758911132813,0.5905821685791016,-2.5583913574218746,-0.8831651916503906,0.6956641845703125,derived_from_NHTSA_Venza_FE,engineering_reference_prior
P2000833,2000833,34230 Rear Door Window Regulator Linkage Top Rear RH,side_and_closure,steel,0.0068739823339056955,0.08094114198173957,1.5,7850.000000000001,520.0,0.9,1.0134110359709818,-3.0915083803814185,-0.8357572070672241,0.8473694913857022,-3.19408740234375,-0.8408450012207032,0.8360963134765625,-2.990641296386719,-0.8323432464599609,0.8588851013183594,derived_from_NHTSA_Venza_FE,engineering_reference_prior
P2000834,2000834,34231 Rear Door Window Regulator Linkage Bottom Front RH,side_and_closure,steel,0.010721932768061136,0.17675106168148785,2.1,7850.000000000001,520.0,0.9,1.0081805438262128,-2.9821499913430634,-0.8589098134916994,0.7808002031620038,-3.11944921875,-0.8742904866536458,0.7101669921875,-2.8430903320312497,-0.846033711751302,0.8560402018229167,derived_from_NHTSA_Venza_FE,engineering_reference_prior
P2000839,2000839,34250 RIGID PATCH Rigid door window regulator linkage,side_and_closure,steel,0.0016196390410842486,0.012714166472511354,1.0,7850.000000000001,520.0,0.9,1.0076448887216245,-2.977388077288361,-0.8584300890702593,0.7777126144453804,-2.9910717773437496,-0.861252182006836,0.7644479370117188,-2.9648533528645835,-0.8548595581054687,0.7909767659505208,derived_from_NHTSA_Venza_FE,engineering_reference_prior
P2000840,2000840,34298 Rear Door Front Hem,side_and_closure,steel,0.007424269908960266,0.11656103757067621,2.0,7850.000000000001,520.0,0.9,1.009022620735054,-2.5207359808124306,-0.900246966856798,0.5976946568055421,-2.68205517578125,-0.9378620300292969,0.22986352157592774,-2.4922222900390625,-0.8435292205810547,1.0662529296874999,derived_from_NHTSA_Venza_FE,engineering_reference_prior
P2000841,2000841,34299 Rear Door Rear Hem,side_and_closure,steel,0.012547370739846287,0.14774529046169005,1.5,7850.000000000001,520.0,0.9,1.0340642372666333,-3.22872241912034,-0.8976829727496686,0.5668565803531227,-3.5165405883789065,-0.9487338256835938,0.22334432983398433,-2.690656005859375,-0.8189866027832031,1.1270043029785157,derived_from_NHTSA_Venza_FE,engineering_reference_prior
P2000997,2000997,46601_tailgate_hook,rear_body,steel,0.006943722889894819,0.05450822468567433,1.0,7850.000000000001,520.0,0.9,0.9550181476399929,-4.614292517495071,0.0006160123296478507,0.6685590422783986,-4.643974609375,-0.036488428115844726,0.6422681427001953,-4.585097900390625,0.0378680477142334,0.6760762939453125,derived_from_NHTSA_Venza_FE,engineering_reference_prior
P2001022,2001022,150924_rigid_patch_tunnel_1,underbody,steel,0.0002944226717829286,0.00231121797349599,1.0,7850.000000000001,520.0,0.9,0.6055509219559406,-2.4513154992172543,-0.12997377079744962,0.3006985965390675,-2.4576438802083334,-0.13252794392903647,0.29492732747395833,-2.445002278645833,-0.12743021392822265,0.30651522827148436,derived_from_NHTSA_Venza_FE,engineering_reference_prior
P2001024,2001024,150924_rigid_patch_tunnel_2,underbody,steel,0.0003285843006736758,0.002579386760288355,1.0,7850.000000000001,520.0,0.9,0.6054280328338221,-2.449933863262878,0.13006398223123175,0.30115218298444263,-2.45693896484375,0.127558479309082,0.29480131022135414,-2.443670166015625,0.13262254333496093,0.30698117065429686,derived_from_NHTSA_Venza_FE,engineering_reference_prior
P2001036,2001036,25608_Front_Body_Xmbr_no_pid_1,body_structure,steel,0.004432519327839228,0.0608917342661914,1.75,7850.000000000001,520.0,0.9,0.5746347644772112,-1.2503380898421506,0.3295203971542163,0.20359269103896685,-1.2900484924316407,0.2894693222045898,0.19918077596028644,-1.2105531005859376,0.37009497070312497,0.20868280792236332,derived_from_NHTSA_Venza_FE,engineering_reference_prior
P2001041,2001041,25658_Front_Body_Xmbr_no_pid_2,body_structure,steel,0.004436486334962722,0.06094623102655041,1.75,7850.000000000001,520.0,0.9,0.5746288381554123,-1.250343929371027,-0.3294987861166575,0.20358379169730798,-1.2900484924316409,-0.37009509277343755,0.19907875569661457,-1.2105531005859376,-0.28946944427490234,0.20868280792236327,derived_from_NHTSA_Venza_FE,engineering_reference_prior
P2001045,2001045,125755_Front_Fender_Apron_Front_Member_RH rigid patch,front_body,steel,0.00023289463338442513,0.0018282228720677377,1.0,7850.000000000001,520.0,0.9,0.9276035995963812,-0.8264412744996968,-0.48320320728563504,0.8756019702922525,-0.8316381072998047,-0.4868651123046875,0.8563656158447266,-0.8201057128906251,-0.47882829793294274,0.8975971272786458,derived_from_NHTSA_Venza_FE,engineering_reference_prior
P2001049,2001049,125901_Longitunidnal_patch_front_LH_xmem_to_body,body_structure,steel,0.0005185950320538726,0.004070971001622901,1.0,7850.000000000001,520.0,0.9,0.61875,-0.4671803378541764,0.5078062470049416,0.2472104674535908,-0.47355851236979163,0.5016235453287761,0.24507398478190104,-0.4609377034505208,0.5143761494954426,0.24992259724934895,derived_from_NHTSA_Venza_FE,engineering_reference_prior
P2001050,2001050,125901_Longitunidnal_patch_rear_LH_xmem_to_body,rear_body,steel,0.00311578284876562,0.02445889536281012,1.0,7850.000000000001,520.0,0.9,0.9102068227890334,-1.2512318594981393,0.32896052482965377,0.30729259243754814,-1.264254638671875,0.3156644999186198,0.20858106994628905,-1.2379296061197915,0.34200411987304685,0.3659316813151041,derived_from_NHTSA_Venza_FE,engineering_reference_prior
P2001051,2001051,125903_Longitunidnal_patch_front_RH_xmem_to_body,body_structure,steel,0.0004544805935024654,0.003567672658994354,1.0,7850.000000000001,520.0,0.9,0.61875,-0.468174113534062,-0.5046547268881106,0.24677880731461815,-0.4737684529622396,-0.5100372517903645,0.24525479125976563,-0.4625798543294271,-0.49927287801106773,0.24832373555501303,derived_from_NHTSA_Venza_FE,engineering_reference_prior
P2001052,2001052,125904_Longitunidnal_patch_rear_RH_xmem_to_body,rear_body,steel,0.0030441432639753555,0.023896524622206546,1.0,7850.000000000001,520.0,0.9,0.9102147632331081,-1.251556942562021,-0.32913694691927353,0.30717943454428376,-1.2642704264322915,-0.3420042419433593,0.20858106994628905,-1.2379296061197917,-0.3156646219889323,0.3659316813151042,derived_from_NHTSA_Venza_FE,engineering_reference_prior
P2001053,2001053,125905_Strut_patch_1_LH_to_body,body_structure,steel,0.00014555443012436432,0.00114260227647626,1.0,7850.000000000001,520.0,0.9,0.5856900901435157,-0.9281127387218251,0.6828075678755706,0.9653335929949645,-0.9325700276692708,0.678521016438802,0.9650791219075522,-0.9236539306640625,0.6870899047851562,0.9655791422526042,derived_from_NHTSA_Venza_FE,engineering_reference_prior
P2001054,2001054,125906_Strut_patch_2_LH_to_body,body_structure,steel,0.0005264551445003238,0.004132672884327542,1.0,7850.000000000001,520.0,0.9,0.5733990891042583,-0.9851188612090737,0.5827698908530534,0.9658310134701035,-0.990172119140625,0.5763206990559896,0.9597908528645833,-0.9797357991536458,0.5884308064778646,0.9690209554036457,derived_from_NHTSA_Venza_FE,engineering_reference_prior
P2001055,2001055,125907_Strut_patch_3_LH_to_body,body_structure,steel,0.00032277144213047727,0.002533755820724247,1.0,7850.000000000001,520.0,0.9,0.580250120792406,-0.8709271525353635,0.5827722951477136,0.9691099835881574,-0.8758619791666666,0.5772596842447917,0.9656854248046874,-0.8656434529622397,0.5879094645182291,0.9718243204752604,derived_from_NHTSA_Venza_FE,engineering_reference_prior
P2001056,2001056,125908_Strut_patch_1_RH_to_body,body_structure,steel,0.00031423040679032455,0.002466708693304048,1.0,7850.000000000001,520.0,0.9,0.5853521745914061,-0.9282869270553354,-0.6829174781249913,0.9619026878682008,-0.9332618611653645,-0.6875947672526042,0.9587344156901041,-0.9235433349609374,-0.6784181111653645,0.9655791422526041,derived_from_NHTSA_Venza_FE,engineering_reference_prior
P2001057,2001057,125909_Strut_patch_2_RH_to_body,body_structure,steel,0.000526549808344752,0.004133415995506304,1.0,7850.000000000001,520.0,0.9,0.5736961729649225,-0.9850992492377781,-0.5839047961627827,0.9678327200566806,-0.9901719970703124,-0.5893630167643229,0.9597908528645833,-0.9792824707031249,-0.5786621907552083,0.9718785807291666,derived_from_NHTSA_Venza_FE,engineering_reference_prior
P2001058,2001058,125910_Strut_patch_3_RH_to_body,body_structure,steel,0.0003072332680752519,0.0024117811543907276,1.0,7850.000000000001,520.0,0.9,0.5805614912622947,-0.8709840689907908,-0.5829541431526202,0.9721872942451389,-0.8758618570963541,-0.5879095865885416,0.9656854248046876,-0.86576220703125,-0.5779640909830729,0.9779848022460937,derived_from_NHTSA_Venza_FE,engineering_reference_prior
P2001059,2001059,126901_hood_hinge_brkt2_mdpln_patch,front_body,steel,8.050993500581526e-05,0.0006320029897956498,1.0,7850.000000000001,520.0,0.9,0.9773483848643781,-1.0963040564827935,0.764115484995719,1.0726391347085142,-1.0994922180175781,0.762498764038086,1.0721065673828125,-1.0930643310546875,0.7657580108642579,1.0731703491210938,derived_from_NHTSA_Venza_FE,engineering_reference_prior
P2001060,2001060,126902_hood_hinge_brkt2_mdpln_patch,front_body,steel,0.00019667856382631435,0.0015439267260365678,1.0,7850.000000000001,520.0,0.9,0.9707166598155772,-1.1253364550469087,0.8069826405976401,1.0106624376749689,-1.1295259602864582,0.8025660807291666,1.0090067138671874,-1.1211391194661458,0.811635030110677,1.0126186319986978,derived_from_NHTSA_Venza_FE,engineering_reference_prior
P2001061,2001061,126903_hood_hinge_brkt2_mdpln_patch,front_body,steel,0.00021042904258310362,0.0016518679842773636,1.0,7850.000000000001,520.0,0.9,0.9709962034690721,-1.0778185416291268,0.805492995420478,0.9928964085962556,-1.0819180908203125,0.8010915527343749,0.9916530761718749,-1.0733684895833333,0.8101033325195313,0.994821553548177,derived_from_NHTSA_Venza_FE,engineering_reference_prior
P2001062,2001062,126904_hood_hinge_brkt2_mdpln_patch,front_body,steel,8.046176598781362e-05,0.0006316248630043371,1.0,7850.000000000001,520.0,0.9,0.9771171384760596,-1.0964631959942504,-0.764138483333257,1.0716521471112228,-1.0996526794433594,-0.7657820892333984,1.0711192626953125,-1.093222106933594,-0.7625162200927735,1.07218359375,derived_from_NHTSA_Venza_FE,engineering_reference_prior
P2001063,2001063,126905_hood_hinge_brkt2_mdpln_patch,front_body,steel,0.00019667925304235568,0.0015439321363824924,1.0,7850.000000000001,520.0,0.9,0.9706942077287372,-1.12533635346397,-0.8069827621829936,1.0106624379757487,-1.1295259602864582,-0.8116351521809896,1.0090067138671874,-1.1211390380859374,-0.8025662027994791,1.0126186319986978,derived_from_NHTSA_Venza_FE,engineering_reference_prior
P2001064,2001064,126906_hood_hinge_brkt2_mdpln_patch,front_body,steel,0.00021042725239718611,0.001651853931317911,1.0,7850.000000000001,520.0,0.9,0.9709738140699474,-1.0778184466502005,-0.8054931092737747,0.9928964189656031,-1.0819178873697917,-0.8101034545898438,0.9916530761718749,-1.073368408203125,-0.8010916748046875,0.994821553548177,derived_from_NHTSA_Venza_FE,engineering_reference_prior
P2001065,2001065,133119_Front_door_latch_assembly_LH,side_and_closure,steel,0.00046378088529583437,0.0036406799495723,1.0,7850.000000000001,520.0,0.9,0.998620802784355,-2.460304045216769,0.8448274960393708,0.8444881400726509,-2.461547119140625,0.8387081909179688,0.8187882537841797,-2.459118347167969,0.850312728881836,0.8693735961914062,derived_from_NHTSA_Venza_FE,engineering_reference_prior
P2001066,2001066,133219_Front_door_latch_assembly_RH,side_and_closure,steel,0.0004637808852958349,0.0036406799495723044,1.0,7850.000000000001,520.0,0.9,0.9985863413195964,-2.4603040452167697,-0.8448278622503081,0.8444881400726509,-2.461547119140625,-0.8503130950927734,0.8187882537841797,-2.4591183471679687,-0.8387085571289062,0.8693735961914062,derived_from_NHTSA_Venza_FE,engineering_reference_prior
P2001067,2001067,133155_RIGID_PATCH_Bottom_Hinge_to_door,side_and_closure,steel,0.000276364219836447,0.002169459125716109,1.0,7850.000000000001,520.0,0.9,1.0519429159412306,-1.398106094378133,0.8575187924309162,0.915421910615379,-1.4155482177734375,0.8574542846679687,0.9109970499674479,-1.3810022786458331,0.8575987141927084,0.9197645467122395,derived_from_NHTSA_Venza_FE,engineering_reference_prior
P2001068,2001068,133156_RIGID_PATCH_Bottom_Hinge_to_door,side_and_closure,steel,0.0002583012830179773,0.002027665071691122,1.0,7850.000000000001,520.0,0.9,1.0465988644760582,-1.4173811134108005,0.8635650085616867,0.5147566876790032,-1.421136749267578,0.8631850738525391,0.4916421585083008,-1.41318115234375,0.863951187133789,0.5371339874267578,derived_from_NHTSA_Venza_FE,engineering_reference_prior
P2001069,2001069,133255_RIGID_PATCH_Bottom_Hinge_to_door,side_and_closure,steel,0.0002763632078764227,0.002169451181829918,1.0,7850.000000000001,520.0,0.9,1.0519140649649954,-1.3981059780611422,-0.8575189148253455,0.9154218950155588,-1.4155480550130208,-0.8575988362630208,0.910997049967448,-1.381002197265625,-0.8574544067382812,0.9197645467122395,derived_from_NHTSA_Venza_FE,engineering_reference_prior
P2001070,2001070,133904_RIGID_PATCH_Bottom_Hinge_to_door,side_and_closure,steel,0.00025830279987643643,0.0020276769790300263,1.0,7850.000000000001,520.0,0.9,1.0465692903051917,-1.4173809959477488,-0.8635651308526667,0.5147566749427017,-1.4211366577148437,-0.8639513092041016,0.4916421585083008,-1.4131810302734376,-0.8631851959228515,0.5371339874267578,derived_from_NHTSA_Venza_FE,engineering_reference_prior
P2001071,2001071,134901_RIGID_PATCH_Bottom_Hinge_to_door,side_and_closure,steel,0.0004608426004308425,0.003617614413382114,1.0,7850.000000000001,520.0,0.9,0.993941967595201,-2.4925888356125956,0.856351733744639,0.6411768844442579,-2.5129530436197918,0.8562152303059896,0.635165771484375,-2.4674803873697915,0.8564979451497395,0.6478098754882813,derived_from_NHTSA_Venza_FE,engineering_reference_prior
P2001072,2001072,134902_RIGID_PATCH_Bottom_Hinge_to_door,side_and_closure,steel,0.0003523401440447765,0.002765870130751496,1.0,7850.000000000001,520.0,0.9,1.0234240156780934,-2.5147569658324325,0.8550552239025522,0.9757347167192728,-2.5197604980468746,0.8547930297851563,0.9455806884765624,-2.5097374674479167,0.8553641560872396,1.0050543416341147,derived_from_NHTSA_Venza_FE,engineering_reference_prior
P2001073,2001073,134903_RIGID_PATCH_Bottom_Hinge_to_door,side_and_closure,steel,0.00018011593526457003,0.0014139100918268749,1.0,7850.000000000001,520.0,0.9,1.0480978509782282,-3.4635012508015537,0.8253561290369584,0.9464522073509773,-3.4648527018229163,0.8203386840820313,0.9418822224934895,-3.4621193847656246,0.830364013671875,0.9509372151692708,derived_from_NHTSA_Venza_FE,engineering_reference_prior
P2001074,2001074,134904_RIGID_PATCH_Bottom_Hinge_to_door,side_and_closure,steel,0.00046084260043084235,0.0036176144133821127,1.0,7850.000000000001,520.0,0.9,0.9939063659221776,-2.4925888356125956,-0.8563520999555766,0.6411768844442577,-2.5129530436197918,-0.8564983113606771,0.635165771484375,-2.4674803873697915,-0.856215596516927,0.6478098754882813,derived_from_NHTSA_Venza_FE,engineering_reference_prior
P2001123,2001123,150924_rigid_patch_tunnel_1,underbody,steel,0.0002936803802122354,0.0023053909846660484,1.0,7850.000000000001,520.0,0.9,0.6056308110177434,-2.451251987925444,-0.12907291087073233,0.3003032681268442,-2.4582581380208333,-0.13183451334635415,0.2940701395670573,-2.4442594401041666,-0.12630059560139972,0.30656046549479166,derived_from_NHTSA_Venza_FE,engineering_reference_prior
P2001125,2001125,150924_rigid_patch_tunnel_2,underbody,steel,0.0003286752205267139,0.0025801004811347047,1.0,7850.000000000001,520.0,0.9,0.6055137162158648,-2.4499129972676696,0.1291000284693877,0.3007282466811784,-2.457896077473958,0.1261870600382487,0.2927771301269531,-2.442472981770833,0.1323213399251302,0.3075487162272135,derived_from_NHTSA_Venza_FE,engineering_reference_prior
