from_node,to_node,distance_m,conductance_W_K,effective_contact_width_m,evidence_class
P2000006,P2000112,0.07062199520875966,0.05,0.008,geometry_derived_engineering_estimate
P2000006,P2000119,0.05317797031228675,0.05,0.008,geometry_derived_engineering_estimate
P2000006,P2000659,0.12540404079465814,0.05,0.008,geometry_derived_engineering_estimate
P2000006,P2000660,0.12615145440403924,0.05,0.008,geometry_derived_engineering_estimate
P2000006,P2001045,0.10830790407499928,0.05,0.008,geometry_derived_engineering_estimate
P2000032,P2000033,0.24296419777363396,0.05,0.008,geometry_derived_engineering_estimate
P2000032,P2000039,0.49016178915144787,0.05,0.008,geometry_derived_engineering_estimate
P2000032,P2000040,0.4927501601620279,0.05,0.008,geometry_derived_engineering_estimate
P2000032,P2000041,0.5065426719931749,0.05,0.008,geometry_derived_engineering_estimate
P2000032,P2000666,0.5166247167601802,0.05,0.008,geometry_derived_engineering_estimate
P2000033,P2000039,0.2487539641620156,0.05,0.008,geometry_derived_engineering_estimate
P2000033,P2000040,0.24992698283822354,0.05,0.008,geometry_derived_engineering_estimate
P2000033,P2000041,0.2638308864799347,0.05,0.008,geometry_derived_engineering_estimate
P2000033,P2000666,0.2740307573221302,0.05,0.008,geometry_derived_engineering_estimate
P2000039,P2000040,0.03,0.05,0.008,geometry_derived_engineering_estimate
P2000039,P2000041,0.03678738949287705,0.05,0.008,geometry_derived_engineering_estimate
P2000039,P2000665,0.11370947399617751,0.05,0.008,geometry_derived_engineering_estimate
P2000039,P2000666,0.033556031864811084,0.05,0.008,geometry_derived_engineering_estimate
P2000039,P2000667,0.16408130902207252,0.05,0.008,geometry_derived_engineering_estimate
P2000040,P2000041,0.03,0.05,0.008,geometry_derived_engineering_estimate
P2000040,P2000665,0.09507889370268474,0.05,0.008,geometry_derived_engineering_estimate
P2000040,P2000666,0.03,0.05,0.008,geometry_derived_engineering_estimate
P2000040,P2000667,0.1474837580577198,0.05,0.008,geometry_derived_engineering_estimate
P2000041,P2000665,0.08832929639890004,0.05,0.008,geometry_derived_engineering_estimate
P2000041,P2000666,0.03,0.05,0.008,geometry_derived_engineering_estimate
P2000041,P2000667,0.13894816390529086,0.05,0.008,geometry_derived_engineering_estimate
P2000045,P2000046,0.04111231587344279,0.05,0.020216248595247174,geometry_derived_engineering_estimate
P2000045,P2000047,0.13049756638101698,0.05,0.012276846152734147,geometry_derived_engineering_estimate
P2000045,P2000108,0.1541668792786183,0.05,0.008,geometry_derived_engineering_estimate
P2000045,P2000655,0.15680008878519033,0.05,0.008,geometry_derived_engineering_estimate
P2000045,P2000663,0.1332009311321813,0.05,0.011041600039733743,geometry_derived_engineering_estimate
P2000046,P2000047,0.10019727450819459,0.05,0.012276846152734147,geometry_derived_engineering_estimate
P2000046,P2000655,0.11888972442432315,0.05,0.008,geometry_derived_engineering_estimate
P2000046,P2000663,0.09414515952968266,0.05,0.011041600039733743,geometry_derived_engineering_estimate
P2000046,P2001053,0.12034934563942937,0.05,0.008,geometry_derived_engineering_estimate
P2000047,P2000108,0.058120701120925315,0.05,0.008,geometry_derived_engineering_estimate
P2000047,P2000655,0.06354485558410901,0.05,0.008,geometry_derived_engineering_estimate
P2000047,P2000663,0.10008178456879963,0.05,0.011041600039733743,geometry_derived_engineering_estimate
P2000047,P2000670,0.09588553024118823,0.05,0.008,geometry_derived_engineering_estimate
P2000047,P2001053,0.06503993826854693,0.05,0.008,geometry_derived_engineering_estimate
P2000048,P2000049,0.04111231249454408,0.05,0.020216249178983778,geometry_derived_engineering_estimate
P2000048,P2000050,0.1304975628321454,0.05,0.012276846733580316,geometry_derived_engineering_estimate
P2000048,P2000116,0.15416712949888434,0.05,0.008,geometry_derived_engineering_estimate
P2000048,P2000658,0.15680615678413523,0.05,0.008,geometry_derived_engineering_estimate
P2000048,P2000664,0.13320067924893683,0.05,0.01104153877751386,geometry_derived_engineering_estimate
P2000049,P2000050,0.10019728230017727,0.05,0.012276846733580316,geometry_derived_engineering_estimate
P2000049,P2000658,0.11889402909999673,0.05,0.008,geometry_derived_engineering_estimate
P2000049,P2000664,0.09414491941418486,0.05,0.01104153877751386,geometry_derived_engineering_estimate
P2000049,P2001056,0.11943544875827466,0.05,0.008,geometry_derived_engineering_estimate
P2000050,P2000116,0.05812087733417908,0.05,0.008,geometry_derived_engineering_estimate
P2000050,P2000658,0.0635624126076133,0.05,0.008,geometry_derived_engineering_estimate
P2000050,P2000664,0.100082166718344,0.05,0.01104153877751386,geometry_derived_engineering_estimate
P2000050,P2000668,0.09588958351901988,0.05,0.008,geometry_derived_engineering_estimate
P2000050,P2001056,0.06412368768000108,0.05,0.008,geometry_derived_engineering_estimate
P2000051,P2000052,0.0864551625020082,0.05,0.008,geometry_derived_engineering_estimate
P2000051,P2000053,0.04199583921738939,0.05,0.008,geometry_derived_engineering_estimate
P2000051,P2000109,0.23028582275163137,0.05,0.017270928685198854,geometry_derived_engineering_estimate
P2000051,P2000110,0.24195370603782038,0.05,0.008,geometry_derived_engineering_estimate
P2000051,P2000651,0.3121482819030775,0.05,0.008,geometry_derived_engineering_estimate
P2000052,P2000053,0.11598122897396905,0.05,0.008,geometry_derived_engineering_estimate
P2000052,P2000104,0.33476075847300774,0.05,0.008,geometry_derived_engineering_estimate
P2000052,P2000109,0.1740079363614482,0.05,0.008,geometry_derived_engineering_estimate
P2000052,P2000110,0.1811391731382295,0.05,0.008,geometry_derived_engineering_estimate
P2000053,P2000109,0.23055141733911394,0.05,0.008,geometry_derived_engineering_estimate
P2000053,P2000110,0.24453731437053855,0.05,0.008,geometry_derived_engineering_estimate
P2000053,P2000651,0.2716785531031001,0.05,0.008,geometry_derived_engineering_estimate
P2000054,P2000055,0.08606904082604597,0.05,0.008,geometry_derived_engineering_estimate
P2000054,P2000056,0.04262287704952678,0.05,0.008,geometry_derived_engineering_estimate
P2000054,P2000117,0.2315037528326872,0.05,0.01749558267541353,geometry_derived_engineering_estimate
P2000054,P2000118,0.24244424411311183,0.05,0.008,geometry_derived_engineering_estimate
P2000054,P2000653,0.312191745015661,0.05,0.008,geometry_derived_engineering_estimate
P2000055,P2000056,0.11635519403300429,0.05,0.008,geometry_derived_engineering_estimate
P2000055,P2000113,0.3336345286629499,0.05,0.008,geometry_derived_engineering_estimate
P2000055,P2000117,0.17439876093428114,0.05,0.008,geometry_derived_engineering_estimate
P2000055,P2000118,0.1811155159697855,0.05,0.008,geometry_derived_engineering_estimate
P2000056,P2000117,0.23261928756490424,0.05,0.008,geometry_derived_engineering_estimate
P2000056,P2000118,0.2457199264162708,0.05,0.008,geometry_derived_engineering_estimate
P2000056,P2000653,0.2713627314170543,0.05,0.008,geometry_derived_engineering_estimate
P2000095,P2000096,0.03559027969110225,0.05,0.008,geometry_derived_engineering_estimate
P2000095,P2000671,0.03737060774242733,0.05,0.008,geometry_derived_engineering_estimate
P2000095,P2000679,0.040632907029882544,0.05,0.008,geometry_derived_engineering_estimate
P2000095,P2001060,0.049217724814396846,0.05,0.008,geometry_derived_engineering_estimate
P2000095,P2001061,0.03975236895743454,0.05,0.008,geometry_derived_engineering_estimate
P2000096,P2000671,0.0319360828993336,0.05,0.008,geometry_derived_engineering_estimate
P2000096,P2000678,0.03,0.05,0.008,geometry_derived_engineering_estimate
P2000096,P2000679,0.03,0.05,0.008,geometry_derived_engineering_estimate
P2000096,P2001060,0.03,0.05,0.008,geometry_derived_engineering_estimate
P2000096,P2001061,0.03,0.05,0.008,geometry_derived_engineering_estimate
P2000097,P2000098,0.03559029675304712,0.05,0.008,geometry_derived_engineering_estimate
P2000097,P2000669,0.037371144398876996,0.05,0.008,geometry_derived_engineering_estimate
P2000097,P2000682,0.04063291827657458,0.05,0.008,geometry_derived_engineering_estimate
P2000097,P2001063,0.04921774251355843,0.05,0.008,geometry_derived_engineering_estimate
P2000097,P2001064,0.03975233213911801,0.05,0.008,geometry_derived_engineering_estimate
P2000098,P2000669,0.03192058800845122,0.05,0.008,geometry_derived_engineering_estimate
P2000098,P2000681,0.03,0.05,0.008,geometry_derived_engineering_estimate
P2000098,P2000682,0.03,0.05,0.008,geometry_derived_engineering_estimate
P2000098,P2001063,0.03,0.05,0.008,geometry_derived_engineering_estimate
P2000098,P2001064,0.03,0.05,0.008,geometry_derived_engineering_estimate
P2000099,P2000095,0.0864116868974331,0.05,0.01259982422478379,geometry_derived_engineering_estimate
P2000099,P2000096,0.09248494644842843,0.05,0.008,geometry_derived_engineering_estimate
P2000099,P2000679,0.09683964212130643,0.05,0.008,geometry_derived_engineering_estimate
P2000099,P2001060,0.10279630163296907,0.05,0.008,geometry_derived_engineering_estimate
P2000099,P2001061,0.09353911485194986,0.05,0.008,geometry_derived_engineering_estimate
P2000100,P2000096,0.07621018797572655,0.05,0.008,geometry_derived_engineering_estimate
P2000100,P2000125,0.08563330273692797,0.05,0.008,geometry_derived_engineering_estimate
P2000100,P2000675,0.08657906422643859,0.05,0.008,geometry_derived_engineering_estimate
P2000100,P2000678,0.05318312689022817,0.05,0.008,geometry_derived_engineering_estimate
P2000100,P2001060,0.05251635793872747,0.05,0.008,geometry_derived_engineering_estimate
P2000101,P2000097,0.0864819434972072,0.05,0.01259982433776918,geometry_derived_engineering_estimate
P2000101,P2000098,0.09257534574849714,0.05,0.008,geometry_derived_engineering_estimate
P2000101,P2000682,0.09690745060711764,0.05,0.008,geometry_derived_engineering_estimate
P2000101,P2001063,0.10290038516011644,0.05,0.008,geometry_derived_engineering_estimate
P2000101,P2001064,0.0936064965361788,0.05,0.008,geometry_derived_engineering_estimate
P2000102,P2000098,0.07620097145025205,0.05,0.008,geometry_derived_engineering_estimate
P2000102,P2000138,0.08566685761483918,0.05,0.008,geometry_derived_engineering_estimate
P2000102,P2000674,0.08672026473984856,0.05,0.008,geometry_derived_engineering_estimate
P2000102,P2000681,0.053138666634982026,0.05,0.008,geometry_derived_engineering_estimate
P2000102,P2001063,0.05253117408268934,0.05,0.008,geometry_derived_engineering_estimate
P2000104,P2000045,0.3041718070328381,0.05,0.020216248595247174,geometry_derived_engineering_estimate
P2000104,P2000046,0.3242417019410475,0.05,0.023662743692425537,geometry_derived_engineering_estimate
P2000104,P2000109,0.19013520040885598,0.05,0.017536523307616476,geometry_derived_engineering_estimate
P2000104,P2000110,0.17643140589492343,0.05,0.008,geometry_derived_engineering_estimate
P2000105,P2000106,0.16623405408475522,0.05,0.010580265607779048,geometry_derived_engineering_estimate
P2000105,P2000107,0.1625473982370106,0.05,0.016383847643381633,geometry_derived_engineering_estimate
P2000105,P2000656,0.14342330168970768,0.05,0.008,geometry_derived_engineering_estimate
P2000105,P2000657,0.17522658809993216,0.05,0.008,geometry_derived_engineering_estimate
P2000105,P2001054,0.15397988014007402,0.05,0.008,geometry_derived_engineering_estimate
P2000106,P2000107,0.1270491783466,0.05,0.010580265607779048,geometry_derived_engineering_estimate
P2000106,P2000655,0.12640744069432483,0.05,0.008,geometry_derived_engineering_estimate
P2000106,P2000656,0.10822274131424531,0.05,0.008,geometry_derived_engineering_estimate
P2000106,P2001053,0.12792614681606534,0.05,0.008,geometry_derived_engineering_estimate
P2000106,P2001054,0.11117910830258627,0.05,0.008,geometry_derived_engineering_estimate
P2000107,P2000655,0.037373544687848974,0.05,0.008,geometry_derived_engineering_estimate
P2000107,P2000656,0.08316575925861962,0.05,0.008,geometry_derived_engineering_estimate
P2000107,P2000657,0.08428000176435325,0.05,0.008,geometry_derived_engineering_estimate
P2000107,P2001053,0.03733266753427203,0.05,0.008,geometry_derived_engineering_estimate
P2000107,P2001054,0.08489546180114639,0.05,0.008,geometry_derived_engineering_estimate
P2000108,P2000655,0.11014803525495151,0.05,0.008,geometry_derived_engineering_estimate
P2000108,P2000663,0.1158395979146507,0.05,0.008,geometry_derived_engineering_estimate
P2000108,P2000670,0.0701383637939972,0.05,0.008,geometry_derived_engineering_estimate
P2000108,P2001053,0.1093850542718083,0.05,0.008,geometry_derived_engineering_estimate
P2000109,P2000110,0.03,0.05,0.008,geometry_derived_engineering_estimate
P2000111,P2000006,0.15614225635401047,0.05,0.008,geometry_derived_engineering_estimate
P2000111,P2000112,0.13160757069531862,0.05,0.009066251883517864,geometry_derived_engineering_estimate
P2000111,P2000119,0.16207652192010788,0.05,0.013777333685041472,geometry_derived_engineering_estimate
P2000111,P2000659,0.14312865133840422,0.05,0.008,geometry_derived_engineering_estimate
P2000111,P2001057,0.1556155505173042,0.05,0.008,geometry_derived_engineering_estimate
P2000112,P2000119,0.07627175216121215,0.05,0.009066251883517864,geometry_derived_engineering_estimate
P2000112,P2000660,0.13774430866217602,0.05,0.008,geometry_derived_engineering_estimate
P2000112,P2001045,0.06343386539032435,0.05,0.008,geometry_derived_engineering_estimate
P2000113,P2000048,0.30554585661921146,0.05,0.020216249178983778,geometry_derived_engineering_estimate
P2000113,P2000049,0.3250394132277446,0.05,0.02366274378982526,geometry_derived_engineering_estimate
P2000113,P2000117,0.18933982422707163,0.05,0.017706550896810697,geometry_derived_engineering_estimate
P2000113,P2000118,0.176901869787306,0.05,0.008,geometry_derived_engineering_estimate
P2000113,P2001045,0.3071581292862316,0.05,0.008,geometry_derived_engineering_estimate
P2000114,P2000115,0.1263587778061763,0.05,0.01068090069726543,geometry_derived_engineering_estimate
P2000114,P2000658,0.12573286995625985,0.05,0.008,geometry_derived_engineering_estimate
P2000114,P2000659,0.10768993236475675,0.05,0.008,geometry_derived_engineering_estimate
P2000114,P2001056,0.12622333608885597,0.05,0.008,geometry_derived_engineering_estimate
P2000114,P2001057,0.11031002990885011,0.05,0.008,geometry_derived_engineering_estimate
P2000115,P2000658,0.03735805894779137,0.05,0.008,geometry_derived_engineering_estimate
P2000115,P2000659,0.08317590184536353,0.05,0.008,geometry_derived_engineering_estimate
P2000115,P2000660,0.08425154745370415,0.05,0.008,geometry_derived_engineering_estimate
P2000115,P2001056,0.037178517719571896,0.05,0.008,geometry_derived_engineering_estimate
P2000115,P2001057,0.08418812757673125,0.05,0.008,geometry_derived_engineering_estimate
P2000116,P2000658,0.11016215196509559,0.05,0.008,geometry_derived_engineering_estimate
P2000116,P2000664,0.11584027016088196,0.05,0.008,geometry_derived_engineering_estimate
P2000116,P2000668,0.07014278159838341,0.05,0.008,geometry_derived_engineering_estimate
P2000116,P2001056,0.10993393443584676,0.05,0.008,geometry_derived_engineering_estimate
P2000117,P2000118,0.03,0.05,0.008,geometry_derived_engineering_estimate
P2000119,P2000660,0.07873568984670691,0.05,0.008,geometry_derived_engineering_estimate
P2000119,P2001045,0.08919940368282378,0.05,0.008,geometry_derived_engineering_estimate
P2000119,P2001058,0.08146657999579728,0.05,0.008,geometry_derived_engineering_estimate
P2000120,P2000780,0.19851218751950397,0.05,0.020269285270791908,geometry_derived_engineering_estimate
P2000120,P2000784,0.12633164310832642,0.05,0.012799974209359813,geometry_derived_engineering_estimate
P2000120,P2000794,0.19183961795061608,0.05,0.02279674567060733,geometry_derived_engineering_estimate
P2000120,P2000798,0.20354481215901296,0.05,0.008283741309630593,geometry_derived_engineering_estimate
P2000120,P2000803,0.20321626874306412,0.05,0.008,geometry_derived_engineering_estimate
P2000124,P2000125,0.19998785750193726,0.05,0.008,geometry_derived_engineering_estimate
P2000124,P2000126,0.16257706163114477,0.05,0.008,geometry_derived_engineering_estimate
P2000124,P2000132,0.11745811545531744,0.05,0.010264322969693415,geometry_derived_engineering_estimate
P2000124,P2000133,0.06063176632235172,0.05,0.013571840318142611,geometry_derived_engineering_estimate
P2000124,P2000713,0.19974168001605766,0.05,0.009966092558589889,geometry_derived_engineering_estimate
P2000125,P2000127,0.1376887780999753,0.05,0.008,geometry_derived_engineering_estimate
P2000125,P2000675,0.1526999121448476,0.05,0.008,geometry_derived_engineering_estimate
P2000125,P2000678,0.13375399578451608,0.05,0.008,geometry_derived_engineering_estimate
P2000125,P2001060,0.13410839896666274,0.05,0.008,geometry_derived_engineering_estimate
P2000126,P2000695,0.06784047533857512,0.05,0.008,geometry_derived_engineering_estimate
P2000126,P2000696,0.09821470662854298,0.05,0.008,geometry_derived_engineering_estimate
P2000126,P2000698,0.051914832830750025,0.05,0.008,geometry_derived_engineering_estimate
P2000126,P2000709,0.10938960981488384,0.05,0.008,geometry_derived_engineering_estimate
P2000126,P2000713,0.09327331045932892,0.05,0.008,geometry_derived_engineering_estimate
P2000127,P2000099,0.1253170059278119,0.05,0.008639730222649925,geometry_derived_engineering_estimate
P2000127,P2000100,0.10809957625777177,0.05,0.008,geometry_derived_engineering_estimate
P2000127,P2000678,0.14352598715295173,0.05,0.008,geometry_derived_engineering_estimate
P2000127,P2001060,0.1409781225129852,0.05,0.008,geometry_derived_engineering_estimate
P2000128,P2000129,0.10444186531898893,0.05,0.008,geometry_derived_engineering_estimate
P2000128,P2000134,0.0792309006782376,0.05,0.008,geometry_derived_engineering_estimate
P2000128,P2000688,0.1712007169601148,0.05,0.008,geometry_derived_engineering_estimate
P2000128,P2000697,0.13641551427936738,0.05,0.008,geometry_derived_engineering_estimate
P2000128,P2001067,0.18746101661323025,0.05,0.008,geometry_derived_engineering_estimate
P2000129,P2000134,0.05632736000679973,0.05,0.03991964641070743,geometry_derived_engineering_estimate
P2000129,P2000688,0.09950055993737437,0.05,0.03624250389288773,geometry_derived_engineering_estimate
P2000129,P2000697,0.09710954700176268,0.05,0.008,geometry_derived_engineering_estimate
P2000129,P2000724,0.1295748410376291,0.05,0.008,geometry_derived_engineering_estimate
P2000130,P2000710,0.07127987389017562,0.05,0.008,geometry_derived_engineering_estimate
P2000130,P2000711,0.09549561485470663,0.05,0.008,geometry_derived_engineering_estimate
P2000130,P2000723,0.09293979720060315,0.05,0.008,geometry_derived_engineering_estimate
P2000130,P2000766,0.07574831520251742,0.05,0.008,geometry_derived_engineering_estimate
P2000130,P2001068,0.07323078904668581,0.05,0.008,geometry_derived_engineering_estimate
P2000131,P2000124,0.2371705279118594,0.05,0.025605367243640022,geometry_derived_engineering_estimate
P2000131,P2000126,0.32360254733472094,0.05,0.008,geometry_derived_engineering_estimate
P2000131,P2000132,0.16888192696359175,0.05,0.010264322969693415,geometry_derived_engineering_estimate
P2000131,P2000133,0.2327252632036886,0.05,0.013571840318142611,geometry_derived_engineering_estimate
P2000131,P2000698,0.3295060492257431,0.05,0.018954082165659844,geometry_derived_engineering_estimate
P2000132,P2000126,0.15622103539146823,0.05,0.008,geometry_derived_engineering_estimate
P2000132,P2000133,0.15682498954861884,0.05,0.010264322969693415,geometry_derived_engineering_estimate
P2000132,P2000698,0.16541623399823355,0.05,0.010264322969693415,geometry_derived_engineering_estimate
P2000133,P2000125,0.19086391400946298,0.05,0.008,geometry_derived_engineering_estimate
P2000133,P2000126,0.22118812709874194,0.05,0.008,geometry_derived_engineering_estimate
P2000134,P2000688,0.1356880595107725,0.05,0.03624250389288773,geometry_derived_engineering_estimate
P2000134,P2000697,0.1212948190504645,0.05,0.008,geometry_derived_engineering_estimate
P2000134,P2000724,0.18360451421351223,0.05,0.008,geometry_derived_engineering_estimate
P2000136,P2000816,0.1968649881195165,0.05,0.020269285259932386,geometry_derived_engineering_estimate
P2000136,P2000820,0.12572901613812126,0.05,0.01279997422332537,geometry_derived_engineering_estimate
P2000136,P2000830,0.19050515811490967,0.05,0.022796745653064318,geometry_derived_engineering_estimate
P2000136,P2000834,0.20217805153643056,0.05,0.008283741287340598,geometry_derived_engineering_estimate
P2000136,P2000839,0.2018981520928587,0.05,0.008,geometry_derived_engineering_estimate
P2000137,P2000139,0.16253058434786988,0.05,0.008,geometry_derived_engineering_estimate
P2000137,P2000146,0.11740887955229026,0.05,0.01026412048685488,geometry_derived_engineering_estimate
P2000137,P2000147,0.06068311324293929,0.05,0.013572043992283352,geometry_derived_engineering_estimate
P2000137,P2000737,0.19998782525097447,0.05,0.018954082165659837,geometry_derived_engineering_estimate
P2000137,P2000752,0.19968869479536974,0.05,0.009966092558589887,geometry_derived_engineering_estimate
P2000138,P2000140,0.13789757935528954,0.05,0.008,geometry_derived_engineering_estimate
P2000138,P2000674,0.1525446640851599,0.05,0.008,geometry_derived_engineering_estimate
P2000138,P2000681,0.13354869211214304,0.05,0.008,geometry_derived_engineering_estimate
P2000138,P2001063,0.13398079632534526,0.05,0.008,geometry_derived_engineering_estimate
P2000139,P2000734,0.06784087743348369,0.05,0.008,geometry_derived_engineering_estimate
P2000139,P2000735,0.09821437346973882,0.05,0.008,geometry_derived_engineering_estimate
P2000139,P2000737,0.05191696550280476,0.05,0.008,geometry_derived_engineering_estimate
P2000139,P2000748,0.10938896858814533,0.05,0.008,geometry_derived_engineering_estimate
P2000139,P2000752,0.09327495887738095,0.05,0.008,geometry_derived_engineering_estimate
P2000140,P2000101,0.12543139454836089,0.05,0.008640245774818785,geometry_derived_engineering_estimate
P2000140,P2000102,0.1079120705672366,0.05,0.008,geometry_derived_engineering_estimate
P2000140,P2000681,0.14352014826543924,0.05,0.008,geometry_derived_engineering_estimate
P2000140,P2001063,0.14101957075001606,0.05,0.008,geometry_derived_engineering_estimate
P2000141,P2000142,0.10430743233055934,0.05,0.008,geometry_derived_engineering_estimate
P2000141,P2000148,0.07921163371049972,0.05,0.008,geometry_derived_engineering_estimate
P2000141,P2000727,0.1712007159140356,0.05,0.008,geometry_derived_engineering_estimate
P2000141,P2000736,0.1364156547253716,0.05,0.008,geometry_derived_engineering_estimate
P2000141,P2001069,0.18746209649802417,0.05,0.008,geometry_derived_engineering_estimate
P2000142,P2000148,0.05629182736649891,0.05,0.03992924693023446,geometry_derived_engineering_estimate
P2000142,P2000727,0.09951884008713106,0.05,0.0362424996382562,geometry_derived_engineering_estimate
P2000142,P2000736,0.097056249262735,0.05,0.008,geometry_derived_engineering_estimate
P2000142,P2000763,0.12966227701915048,0.05,0.008,geometry_derived_engineering_estimate
P2000143,P2000749,0.07127072316301082,0.05,0.008,geometry_derived_engineering_estimate
P2000143,P2000750,0.0954874592747921,0.05,0.008,geometry_derived_engineering_estimate
P2000143,P2000762,0.09293192731644646,0.05,0.008,geometry_derived_engineering_estimate
P2000143,P2000768,0.07574382659516625,0.05,0.008,geometry_derived_engineering_estimate
P2000143,P2001070,0.07322228987024124,0.05,0.008,geometry_derived_engineering_estimate
P2000144,P2000362,0.6380876595102964,0.05,0.020789721845297607,geometry_derived_engineering_estimate
P2000144,P2000363,0.6410983199511928,0.05,0.020789721845297607,geometry_derived_engineering_estimate
P2000144,P2000364,0.04135169775254673,0.05,0.020789721845297607,geometry_derived_engineering_estimate
P2000144,P2000365,0.055576018234213424,0.05,0.020789721845297607,geometry_derived_engineering_estimate
P2000144,P2000366,0.09265900449805801,0.05,0.018706470136022044,geometry_derived_engineering_estimate
P2000145,P2000137,0.23714337287913906,0.05,0.025604534556111967,geometry_derived_engineering_estimate
P2000145,P2000139,0.32359553324794976,0.05,0.008,geometry_derived_engineering_estimate
P2000145,P2000146,0.16887157256810267,0.05,0.01026412048685488,geometry_derived_engineering_estimate
P2000145,P2000147,0.2326954161410822,0.05,0.013572043992283352,geometry_derived_engineering_estimate
P2000145,P2000737,0.32949945083111093,0.05,0.018954082165659837,geometry_derived_engineering_estimate
P2000146,P2000139,0.15622443436827907,0.05,0.008,geometry_derived_engineering_estimate
P2000146,P2000147,0.15681166435784785,0.05,0.01026412048685488,geometry_derived_engineering_estimate
P2000146,P2000737,0.165418720798995,0.05,0.01026412048685488,geometry_derived_engineering_estimate
P2000147,P2000138,0.1910796987770469,0.05,0.008,geometry_derived_engineering_estimate
P2000147,P2000139,0.22118761631044073,0.05,0.008,geometry_derived_engineering_estimate
P2000148,P2000727,0.13570366408497322,0.05,0.0362424996382562,geometry_derived_engineering_estimate
P2000148,P2000736,0.12130468852656409,0.05,0.008,geometry_derived_engineering_estimate
P2000148,P2000763,0.18361955250464665,0.05,0.008,geometry_derived_engineering_estimate
P2000150,P2000047,0.2027087788854005,0.05,0.012276846152734147,geometry_derived_engineering_estimate
P2000150,P2000099,0.16548692817219676,0.05,0.015369647087818062,geometry_derived_engineering_estimate
P2000150,P2000108,0.19618007014479344,0.05,0.008,geometry_derived_engineering_estimate
P2000150,P2000679,0.2028443097550453,0.05,0.008,geometry_derived_engineering_estimate
P2000150,P2001061,0.20040248025793056,0.05,0.008,geometry_derived_engineering_estimate
P2000151,P2000050,0.20269852676608296,0.05,0.012276846733580316,geometry_derived_engineering_estimate
P2000151,P2000101,0.16538260561394985,0.05,0.015362939712610492,geometry_derived_engineering_estimate
P2000151,P2000116,0.19616559753070043,0.05,0.008,geometry_derived_engineering_estimate
P2000151,P2000682,0.2028135288675312,0.05,0.008,geometry_derived_engineering_estimate
P2000151,P2001064,0.20037168235445177,0.05,0.008,geometry_derived_engineering_estimate
P2000191,P2000200,0.07156914256479799,0.05,0.008,geometry_derived_engineering_estimate
P2000191,P2000703,0.15197704642882637,0.05,0.014735406883863475,geometry_derived_engineering_estimate
P2000191,P2000705,0.14230014366811267,0.05,0.017112093796235107,geometry_derived_engineering_estimate
P2000191,P2000706,0.17857341427269072,0.05,0.008,geometry_derived_engineering_estimate
P2000191,P2001065,0.10952705506083517,0.05,0.008,geometry_derived_engineering_estimate
P2000192,P2000193,0.11465400244162878,0.05,0.008,geometry_derived_engineering_estimate
P2000192,P2000427,0.1128425090525129,0.05,0.008,geometry_derived_engineering_estimate
P2000192,P2000438,0.12919778203186266,0.05,0.008,geometry_derived_engineering_estimate
P2000192,P2000439,0.17531168821824955,0.05,0.008,geometry_derived_engineering_estimate
P2000192,P2000450,0.1736235013412177,0.05,0.008,geometry_derived_engineering_estimate
P2000193,P2000197,0.18854201824621014,0.05,0.008070156649102166,geometry_derived_engineering_estimate
P2000193,P2000694,0.12826022893821662,0.05,0.012734585284965417,geometry_derived_engineering_estimate
P2000193,P2000804,0.18306584385858785,0.05,0.008,geometry_derived_engineering_estimate
P2000193,P2001071,0.19561641628932816,0.05,0.008,geometry_derived_engineering_estimate
P2000194,P2000196,0.11076253758107059,0.05,0.008303012197894097,geometry_derived_engineering_estimate
P2000194,P2000198,0.03,0.08775011696576757,0.027857179989132556,geometry_derived_engineering_estimate
P2000194,P2000199,0.06531418095183672,0.05,0.0165365662897896,geometry_derived_engineering_estimate
P2000194,P2000700,0.08571511638429266,0.05,0.02224122726542801,geometry_derived_engineering_estimate
P2000194,P2000777,0.11579009140318994,0.05,0.0168168949409325,geometry_derived_engineering_estimate
P2000195,P2000367,0.1078106517774465,0.05,0.008,geometry_derived_engineering_estimate
P2000195,P2000368,0.13997218198603842,0.05,0.008,geometry_derived_engineering_estimate
P2000195,P2000369,0.16158905380746785,0.05,0.008,geometry_derived_engineering_estimate
P2000195,P2000373,0.1542072770149696,0.05,0.008,geometry_derived_engineering_estimate
P2000195,P2000776,0.15830383515988652,0.05,0.008,geometry_derived_engineering_estimate
P2000196,P2000198,0.1063793668446791,0.05,0.008303012197894097,geometry_derived_engineering_estimate
P2000196,P2000199,0.05084761119708939,0.05,0.008303012197894097,geometry_derived_engineering_estimate
P2000196,P2000701,0.09861249623482468,0.05,0.008303012197894097,geometry_derived_engineering_estimate
P2000196,P2000776,0.10518097337726302,0.05,0.008303012197894097,geometry_derived_engineering_estimate
P2000196,P2000777,0.08239949088418033,0.05,0.008303012197894097,geometry_derived_engineering_estimate
P2000197,P2000792,0.049330743471397896,0.05,0.008,geometry_derived_engineering_estimate
P2000197,P2000793,0.08834150373512017,0.05,0.008,geometry_derived_engineering_estimate
P2000197,P2000796,0.1028512732237388,0.05,0.008,geometry_derived_engineering_estimate
P2000197,P2000804,0.08434461596824354,0.05,0.008,geometry_derived_engineering_estimate
P2000197,P2001071,0.03,0.05,0.008,geometry_derived_engineering_estimate
P2000198,P2000199,0.06459437535837431,0.05,0.0165365662897896,geometry_derived_engineering_estimate
P2000198,P2000700,0.08575546857363617,0.05,0.02224122726542801,geometry_derived_engineering_estimate
P2000198,P2000777,0.11814809868539525,0.05,0.0168168949409325,geometry_derived_engineering_estimate
P2000199,P2000700,0.1036351059558952,0.05,0.0165365662897896,geometry_derived_engineering_estimate
P2000199,P2000777,0.07430610976483426,0.05,0.0165365662897896,geometry_derived_engineering_estimate
P2000200,P2000197,0.15853939744452425,0.05,0.008,geometry_derived_engineering_estimate
P2000200,P2000705,0.11906987076009284,0.05,0.008,geometry_derived_engineering_estimate
P2000200,P2000706,0.11963897451053973,0.05,0.008,geometry_derived_engineering_estimate
P2000200,P2001065,0.11853459184440576,0.05,0.008,geometry_derived_engineering_estimate
P2000201,P2000210,0.07156928026954693,0.05,0.008,geometry_derived_engineering_estimate
P2000201,P2000742,0.15197706692737845,0.05,0.014735417166558176,geometry_derived_engineering_estimate
P2000201,P2000744,0.1423001953458238,0.05,0.017112100237399,geometry_derived_engineering_estimate
P2000201,P2000745,0.17857350850595122,0.05,0.008,geometry_derived_engineering_estimate
P2000201,P2001066,0.10952701992167126,0.05,0.008,geometry_derived_engineering_estimate
P2000202,P2000203,0.11465487509472333,0.05,0.008,geometry_derived_engineering_estimate
P2000202,P2000432,0.11284246947265913,0.05,0.008,geometry_derived_engineering_estimate
P2000202,P2000444,0.12919744654170257,0.05,0.008,geometry_derived_engineering_estimate
P2000202,P2000445,0.17531255733261067,0.05,0.008,geometry_derived_engineering_estimate
P2000202,P2000464,0.17359134470629495,0.05,0.008,geometry_derived_engineering_estimate
P2000203,P2000207,0.1885406325437454,0.05,0.008070151544953549,geometry_derived_engineering_estimate
P2000203,P2000733,0.12825963919151206,0.05,0.012734584756334846,geometry_derived_engineering_estimate
P2000203,P2000840,0.18306529228637416,0.05,0.008,geometry_derived_engineering_estimate
P2000203,P2001074,0.1956157236604014,0.05,0.008,geometry_derived_engineering_estimate
P2000204,P2000206,0.11073321076009705,0.05,0.008303012197894094,geometry_derived_engineering_estimate
P2000204,P2000208,0.03,0.08774520352150067,0.02785562016555576,geometry_derived_engineering_estimate
P2000204,P2000209,0.06528370012915533,0.05,0.016536566289789608,geometry_derived_engineering_estimate
P2000204,P2000739,0.08571068449815966,0.05,0.02224123847863446,geometry_derived_engineering_estimate
P2000204,P2000813,0.11576684225964358,0.05,0.016816894940932477,geometry_derived_engineering_estimate
P2000205,P2000370,0.10782663655930848,0.05,0.008,geometry_derived_engineering_estimate
P2000205,P2000371,0.13997095833817952,0.05,0.008,geometry_derived_engineering_estimate
P2000205,P2000372,0.16128187540686267,0.05,0.008,geometry_derived_engineering_estimate
P2000205,P2000374,0.15420851815490963,0.05,0.008,geometry_derived_engineering_estimate
P2000205,P2000812,0.1583023981666493,0.05,0.008,geometry_derived_engineering_estimate
P2000206,P2000208,0.10637939780428278,0.05,0.008303012197894094,geometry_derived_engineering_estimate
P2000206,P2000209,0.050847611197089394,0.05,0.008303012197894094,geometry_derived_engineering_estimate
P2000206,P2000740,0.0986124818741257,0.05,0.008303012197894094,geometry_derived_engineering_estimate
P2000206,P2000812,0.105181692679841,0.05,0.008303012197894094,geometry_derived_engineering_estimate
P2000206,P2000813,0.08239949088418393,0.05,0.008303012197894094,geometry_derived_engineering_estimate
P2000207,P2000828,0.04933128262114656,0.05,0.008,geometry_derived_engineering_estimate
P2000207,P2000829,0.0883181001531379,0.05,0.008,geometry_derived_engineering_estimate
P2000207,P2000832,0.10285185108437943,0.05,0.008,geometry_derived_engineering_estimate
P2000207,P2000840,0.08434467672657962,0.05,0.008,geometry_derived_engineering_estimate
P2000207,P2001074,0.03,0.05,0.008,geometry_derived_engineering_estimate
P2000208,P2000209,0.06459440616726976,0.05,0.016536566289789608,geometry_derived_engineering_estimate
P2000208,P2000739,0.08575556111434392,0.05,0.02224123847863446,geometry_derived_engineering_estimate
P2000208,P2000813,0.11814814793604463,0.05,0.016816894940932477,geometry_derived_engineering_estimate
P2000209,P2000739,0.10363521082387955,0.05,0.016536566289789608,geometry_derived_engineering_estimate
P2000209,P2000813,0.07430610976484256,0.05,0.016536566289789608,geometry_derived_engineering_estimate
P2000210,P2000207,0.15853968631162482,0.05,0.008,geometry_derived_engineering_estimate
P2000210,P2000744,0.11906984886979784,0.05,0.008,geometry_derived_engineering_estimate
P2000210,P2000745,0.11963897714353301,0.05,0.008,geometry_derived_engineering_estimate
P2000210,P2001066,0.11853466755136513,0.05,0.008,geometry_derived_engineering_estimate
P2000211,P2000218,0.2765388351166106,0.05,0.014196930390066722,geometry_derived_engineering_estimate
P2000211,P2000309,0.26851736516842883,0.05,0.016284928001624916,geometry_derived_engineering_estimate
P2000211,P2000319,0.28789790221078027,0.05,0.02870619441363993,geometry_derived_engineering_estimate
P2000211,P2000322,0.3119849028208466,0.05,0.029930059628320984,geometry_derived_engineering_estimate
P2000211,P2000325,0.2129808454792676,0.05,0.011752081894758203,geometry_derived_engineering_estimate
P2000212,P2000219,0.2839496517082176,0.05,0.010068429331325155,geometry_derived_engineering_estimate
P2000212,P2000220,0.2771340433141559,0.05,0.008,geometry_derived_engineering_estimate
P2000212,P2000305,0.2239806308167518,0.05,0.023153018057697785,geometry_derived_engineering_estimate
P2000212,P2000310,0.2801312051030011,0.05,0.022100980947857823,geometry_derived_engineering_estimate
P2000212,P2001073,0.2679590866047895,0.05,0.008,geometry_derived_engineering_estimate
P2000213,P2000218,0.20941321593495457,0.05,0.012870963877521105,geometry_derived_engineering_estimate
P2000213,P2000301,0.24140383032803725,0.05,0.012870963877521105,geometry_derived_engineering_estimate
P2000213,P2000319,0.2973109925642626,0.05,0.012870963877521105,geometry_derived_engineering_estimate
P2000213,P2000320,0.2653163410066895,0.05,0.012870963877521105,geometry_derived_engineering_estimate
P2000213,P2000322,0.2479478939554936,0.05,0.012870963877521105,geometry_derived_engineering_estimate
P2000214,P2000223,0.22081843323057218,0.05,0.01416676266864346,geometry_derived_engineering_estimate
P2000214,P2000316,0.27339909200895063,0.05,0.016331435280464292,geometry_derived_engineering_estimate
P2000214,P2000326,0.2451081478457727,0.05,0.028705642348051983,geometry_derived_engineering_estimate
P2000214,P2000329,0.26382574106985024,0.05,0.0299300618925383,geometry_derived_engineering_estimate
P2000214,P2000332,0.17248722985890882,0.05,0.011752081894758196,geometry_derived_engineering_estimate
P2000215,P2000224,0.2764618223693514,0.05,0.010082806126875496,geometry_derived_engineering_estimate
P2000215,P2000225,0.27488050678912035,0.05,0.008,geometry_derived_engineering_estimate
P2000215,P2000312,0.2527810147287722,0.05,0.023151542385224384,geometry_derived_engineering_estimate
P2000215,P2000317,0.30564724290194173,0.05,0.02211025972374051,geometry_derived_engineering_estimate
P2000215,P2000351,0.27603497085904766,0.05,0.023151333976625787,geometry_derived_engineering_estimate
P2000216,P2000217,0.09749064681926531,0.05,0.012090823547905761,geometry_derived_engineering_estimate
P2000216,P2000252,0.16669484129131584,0.05,0.01062777268412536,geometry_derived_engineering_estimate
P2000216,P2000253,0.10157362837051144,0.05,0.027720909075903345,geometry_derived_engineering_estimate
P2000216,P2000254,0.09580848919126232,0.05,0.019354965589259185,geometry_derived_engineering_estimate
P2000216,P2000775,0.1258467805330222,0.05,0.008,geometry_derived_engineering_estimate
P2000217,P2000252,0.10859122392077832,0.05,0.01062777268412536,geometry_derived_engineering_estimate
P2000217,P2000253,0.13960269989542495,0.05,0.012090823547905761,geometry_derived_engineering_estimate
P2000217,P2000254,0.07247843747521478,0.05,0.012090823547905761,geometry_derived_engineering_estimate
P2000217,P2000380,0.16267204998245094,0.05,0.012090823547905761,geometry_derived_engineering_estimate
P2000218,P2000302,0.2620383717246718,0.05,0.00824445477989377,geometry_derived_engineering_estimate
P2000218,P2000319,0.2245946484841984,0.05,0.014196930390066722,geometry_derived_engineering_estimate
P2000218,P2000322,0.20010410276894053,0.05,0.014196930390066722,geometry_derived_engineering_estimate
P2000218,P2000325,0.20919935598563888,0.05,0.011752081894758203,geometry_derived_engineering_estimate
P2000219,P2000220,0.04702494365329531,0.05,0.008,geometry_derived_engineering_estimate
P2000219,P2000309,0.23766761782096157,0.05,0.010068429331325155,geometry_derived_engineering_estimate
P2000219,P2000781,0.08765637490069683,0.05,0.010068429331325155,geometry_derived_engineering_estimate
P2000219,P2001073,0.04255027814058778,0.05,0.008,geometry_derived_engineering_estimate
P2000220,P2000309,0.20136961563947958,0.05,0.008,geometry_derived_engineering_estimate
P2000220,P2000310,0.2533359485908448,0.05,0.008,geometry_derived_engineering_estimate
P2000220,P2000781,0.06183425186303078,0.05,0.008,geometry_derived_engineering_estimate
P2000220,P2001073,0.03,0.05,0.008,geometry_derived_engineering_estimate
P2000221,P2000222,0.09749057639883861,0.05,0.012090792897682015,geometry_derived_engineering_estimate
P2000221,P2000279,0.16677648669762465,0.05,0.010637678856612761,geometry_derived_engineering_estimate
P2000221,P2000280,0.10156182864980162,0.05,0.027720909279879927,geometry_derived_engineering_estimate
P2000221,P2000281,0.09580847123340885,0.05,0.019354370012352358,geometry_derived_engineering_estimate
P2000221,P2000811,0.12584678801489568,0.05,0.008,geometry_derived_engineering_estimate
P2000222,P2000279,0.10861080661833104,0.05,0.010637678856612761,geometry_derived_engineering_estimate
P2000222,P2000280,0.13958426124667406,0.05,0.012090792897682015,geometry_derived_engineering_estimate
P2000222,P2000281,0.07248156368322695,0.05,0.012090792897682015,geometry_derived_engineering_estimate
P2000222,P2000400,0.16267203339151395,0.05,0.012090792897682015,geometry_derived_engineering_estimate
P2000223,P2000304,0.2621079364747589,0.05,0.008244537298924121,geometry_derived_engineering_estimate
P2000223,P2000326,0.22465212629946985,0.05,0.01416676266864346,geometry_derived_engineering_estimate
P2000223,P2000329,0.20018994790314074,0.05,0.01416676266864346,geometry_derived_engineering_estimate
P2000223,P2000332,0.2092624821087318,0.05,0.011752081894758196,geometry_derived_engineering_estimate
P2000224,P2000225,0.04728945018669118,0.05,0.008,geometry_derived_engineering_estimate
P2000224,P2000312,0.29412671824686054,0.05,0.010082806126875496,geometry_derived_engineering_estimate
P2000224,P2000316,0.23767118730006578,0.05,0.010082806126875496,geometry_derived_engineering_estimate
P2000224,P2000817,0.08784470228251261,0.05,0.010082806126875496,geometry_derived_engineering_estimate
P2000225,P2000312,0.2571498218879927,0.05,0.008,geometry_derived_engineering_estimate
P2000225,P2000316,0.20113341883080804,0.05,0.008,geometry_derived_engineering_estimate
P2000225,P2000317,0.252986357143167,0.05,0.008,geometry_derived_engineering_estimate
P2000225,P2000817,0.061815083273767356,0.05,0.008,geometry_derived_engineering_estimate
P2000226,P2000227,0.12755371104377436,0.05,0.00987269011654091,geometry_derived_engineering_estimate
P2000226,P2000229,0.14885102083659899,0.05,0.028268290748323183,geometry_derived_engineering_estimate
P2000226,P2000232,0.1844356981900832,0.05,0.013552534082846292,geometry_derived_engineering_estimate
P2000226,P2000282,0.18151844735791953,0.05,0.008,geometry_derived_engineering_estimate
P2000226,P2000416,0.1825051188460954,0.05,0.022896547722105948,geometry_derived_engineering_estimate
P2000227,P2000229,0.2606038706863083,0.05,0.00987269011654091,geometry_derived_engineering_estimate
P2000227,P2000230,0.2655118254455134,0.05,0.00987269011654091,geometry_derived_engineering_estimate
P2000227,P2000232,0.2827656958079018,0.05,0.00987269011654091,geometry_derived_engineering_estimate
P2000227,P2000282,0.25160042644794217,0.05,0.008,geometry_derived_engineering_estimate
P2000228,P2000255,0.1464696394343733,0.05,0.02807377477762466,geometry_derived_engineering_estimate
P2000228,P2000257,0.18429406463301637,0.05,0.008,geometry_derived_engineering_estimate
P2000228,P2000258,0.1817468019020667,0.05,0.008,geometry_derived_engineering_estimate
P2000228,P2000259,0.1713912745465744,0.05,0.008,geometry_derived_engineering_estimate
P2000228,P2000417,0.17991775315787595,0.05,0.02287531850690582,geometry_derived_engineering_estimate
P2000229,P2000231,0.0417122603252794,0.05,0.008,geometry_derived_engineering_estimate
P2000229,P2000232,0.06708977353469285,0.05,0.013552534082846292,geometry_derived_engineering_estimate
P2000229,P2000282,0.19709685214195824,0.05,0.008,geometry_derived_engineering_estimate
P2000229,P2000416,0.06862194832592747,0.05,0.022896547722105948,geometry_derived_engineering_estimate
P2000230,P2000226,0.19090005804902205,0.05,0.014891087812717349,geometry_derived_engineering_estimate
P2000230,P2000229,0.20724528404208925,0.05,0.014891087812717349,geometry_derived_engineering_estimate
P2000230,P2000231,0.23697470349446373,0.05,0.008,geometry_derived_engineering_estimate
P2000230,P2000282,0.03,0.05,0.008,geometry_derived_engineering_estimate
P2000230,P2000416,0.24974429931844697,0.05,0.014891087812717349,geometry_derived_engineering_estimate
P2000231,P2000226,0.18961194070546972,0.05,0.008,geometry_derived_engineering_estimate
P2000231,P2000232,0.05505152838111414,0.05,0.008,geometry_derived_engineering_estimate
P2000231,P2000282,0.22727455609996428,0.05,0.008,geometry_derived_engineering_estimate
P2000231,P2000416,0.06409350487981341,0.05,0.008,geometry_derived_engineering_estimate
P2000232,P2000282,0.26100479288511974,0.05,0.008,geometry_derived_engineering_estimate
P2000232,P2000416,0.07980455542396211,0.05,0.013552534082846292,geometry_derived_engineering_estimate
P2000233,P2000238,0.08593823549235816,0.05,0.009661434865589994,geometry_derived_engineering_estimate
P2000233,P2000239,0.04615187050384314,0.05,0.008,geometry_derived_engineering_estimate
P2000233,P2000244,0.07543842089300097,0.05,0.023605313901701758,geometry_derived_engineering_estimate
P2000233,P2000246,0.09019745989783486,0.05,0.010063704205802819,geometry_derived_engineering_estimate
P2000233,P2000248,0.06654207972995413,0.05,0.008,geometry_derived_engineering_estimate
P2000234,P2000235,0.13226637157654578,0.05,0.008,geometry_derived_engineering_estimate
P2000234,P2000236,0.13855085722011182,0.05,0.008,geometry_derived_engineering_estimate
P2000234,P2000237,0.20925007706205212,0.05,0.008,geometry_derived_engineering_estimate
P2000234,P2000245,0.03670366862693996,0.05,0.008,geometry_derived_engineering_estimate
P2000234,P2000247,0.24024234083829135,0.05,0.008,geometry_derived_engineering_estimate
P2000235,P2000236,0.03,0.05,0.008,geometry_derived_engineering_estimate
P2000235,P2000237,0.07948229579129656,0.05,0.008,geometry_derived_engineering_estimate
P2000235,P2000245,0.12501122846394952,0.05,0.008,geometry_derived_engineering_estimate
P2000235,P2000247,0.12186789740944788,0.05,0.008,geometry_derived_engineering_estimate
P2000236,P2000237,0.07178997556115985,0.05,0.008,geometry_derived_engineering_estimate
P2000236,P2000245,0.13656250960203548,0.05,0.008,geometry_derived_engineering_estimate
P2000236,P2000247,0.11330050572931014,0.05,0.008,geometry_derived_engineering_estimate
P2000237,P2000238,0.10324333850836029,0.05,0.008,geometry_derived_engineering_estimate
P2000237,P2000246,0.1008057316227195,0.05,0.008,geometry_derived_engineering_estimate
P2000237,P2000247,0.06021638354142574,0.05,0.008,geometry_derived_engineering_estimate
P2000238,P2000246,0.041708233067848086,0.05,0.009661434865589994,geometry_derived_engineering_estimate
P2000238,P2000247,0.08871890234383223,0.05,0.008,geometry_derived_engineering_estimate
P2000238,P2000248,0.061644518027734053,0.05,0.008,geometry_derived_engineering_estimate
P2000239,P2000240,0.09676121549295358,0.05,0.008,geometry_derived_engineering_estimate
P2000239,P2000244,0.044508455686476156,0.05,0.008,geometry_derived_engineering_estimate
P2000239,P2000248,0.10739080478852137,0.05,0.008,geometry_derived_engineering_estimate
P2000239,P2000249,0.09509895139454495,0.05,0.008,geometry_derived_engineering_estimate
P2000240,P2000233,0.12898090076427934,0.05,0.008627032485859852,geometry_derived_engineering_estimate
P2000240,P2000241,0.12264219150258264,0.05,0.008,geometry_derived_engineering_estimate
P2000240,P2000244,0.054837358260472806,0.05,0.008627032485859852,geometry_derived_engineering_estimate
P2000240,P2000249,0.0658093741912004,0.05,0.008,geometry_derived_engineering_estimate
P2000241,P2000242,0.15143466229551317,0.05,0.008,geometry_derived_engineering_estimate
P2000241,P2000243,0.17406479559288326,0.05,0.008,geometry_derived_engineering_estimate
P2000241,P2000249,0.17231646746902238,0.05,0.008,geometry_derived_engineering_estimate
P2000241,P2000251,0.1098113854500492,0.05,0.008,geometry_derived_engineering_estimate
P2000242,P2000243,0.032622965266789726,0.05,0.008,geometry_derived_engineering_estimate
P2000242,P2000251,0.10053200695409545,0.05,0.010656050905780428,geometry_derived_engineering_estimate
P2000242,P2000253,0.07208543488408967,0.05,0.010656050905780428,geometry_derived_engineering_estimate
P2000242,P2000254,0.13828849025446258,0.05,0.010656050905780428,geometry_derived_engineering_estimate
P2000243,P2000251,0.10586848595816896,0.05,0.008,geometry_derived_engineering_estimate
P2000243,P2000252,0.14010132404170586,0.05,0.008,geometry_derived_engineering_estimate
P2000243,P2000253,0.06735947269628571,0.05,0.008,geometry_derived_engineering_estimate
P2000243,P2000254,0.11852757348797945,0.05,0.008,geometry_derived_engineering_estimate
P2000244,P2000248,0.1349554346167044,0.05,0.008,geometry_derived_engineering_estimate
P2000244,P2000249,0.059036964602754545,0.05,0.008,geometry_derived_engineering_estimate
P2000245,P2000237,0.204452856542357,0.05,0.008,geometry_derived_engineering_estimate
P2000245,P2000247,0.2400060266631855,0.05,0.008,geometry_derived_engineering_estimate
P2000246,P2000247,0.10206753235117837,0.05,0.008,geometry_derived_engineering_estimate
P2000246,P2000248,0.07807699990132491,0.05,0.008,geometry_derived_engineering_estimate
P2000247,P2000248,0.10971010913760171,0.05,0.008,geometry_derived_engineering_estimate
P2000249,P2000233,0.10247475298069166,0.05,0.008,geometry_derived_engineering_estimate
P2000249,P2000248,0.1479468359575663,0.05,0.008,geometry_derived_engineering_estimate
P2000251,P2000240,0.21699944957962622,0.05,0.008627032485859852,geometry_derived_engineering_estimate
P2000251,P2000253,0.1696659237434223,0.05,0.014672244186614882,geometry_derived_engineering_estimate
P2000252,P2000253,0.13041506577636186,0.05,0.01062777268412536,geometry_derived_engineering_estimate
P2000252,P2000254,0.07241560831185674,0.05,0.01062777268412536,geometry_derived_engineering_estimate
P2000252,P2000380,0.13432606573823916,0.05,0.01062777268412536,geometry_derived_engineering_estimate
P2000253,P2000254,0.07607264289673024,0.05,0.019354965589259185,geometry_derived_engineering_estimate
P2000255,P2000257,0.038272119828577984,0.05,0.008,geometry_derived_engineering_estimate
P2000255,P2000258,0.20021057427932137,0.05,0.008,geometry_derived_engineering_estimate
P2000255,P2000259,0.05525850556972296,0.05,0.008,geometry_derived_engineering_estimate
P2000255,P2000417,0.0675959220435285,0.05,0.02287531850690582,geometry_derived_engineering_estimate
P2000256,P2000228,0.1853959317663879,0.05,0.01452714705327518,geometry_derived_engineering_estimate
P2000256,P2000255,0.2082729829795977,0.05,0.01452714705327518,geometry_derived_engineering_estimate
P2000256,P2000257,0.23126532152690066,0.05,0.008,geometry_derived_engineering_estimate
P2000256,P2000258,0.03,0.05,0.008,geometry_derived_engineering_estimate
P2000256,P2000417,0.24941441273034484,0.05,0.01452714705327518,geometry_derived_engineering_estimate
P2000257,P2000258,0.22215088429769314,0.05,0.008,geometry_derived_engineering_estimate
P2000257,P2000259,0.05226436466200288,0.05,0.008,geometry_derived_engineering_estimate
P2000257,P2000417,0.07067590707718846,0.05,0.008,geometry_derived_engineering_estimate
P2000258,P2000259,0.24639672632462226,0.05,0.008,geometry_derived_engineering_estimate
P2000259,P2000417,0.08714555438136605,0.05,0.008,geometry_derived_engineering_estimate
P2000260,P2000265,0.08629578433790011,0.05,0.009661434652528073,geometry_derived_engineering_estimate
P2000260,P2000266,0.04586139886247528,0.05,0.008,geometry_derived_engineering_estimate
P2000260,P2000271,0.07506522950234665,0.05,0.023605312160779594,geometry_derived_engineering_estimate
P2000260,P2000273,0.09055727110011295,0.05,0.010063704594174541,geometry_derived_engineering_estimate
P2000260,P2000275,0.06683917822321087,0.05,0.008,geometry_derived_engineering_estimate
P2000261,P2000262,0.13226575917926503,0.05,0.008,geometry_derived_engineering_estimate
P2000261,P2000263,0.1385502232956586,0.05,0.008,geometry_derived_engineering_estimate
P2000261,P2000264,0.20924961513025425,0.05,0.008,geometry_derived_engineering_estimate
P2000261,P2000272,0.03670011380154869,0.05,0.008,geometry_derived_engineering_estimate
P2000261,P2000274,0.24021041578273908,0.05,0.008,geometry_derived_engineering_estimate
P2000262,P2000263,0.03,0.05,0.008,geometry_derived_engineering_estimate
P2000262,P2000264,0.07948228076329997,0.05,0.008,geometry_derived_engineering_estimate
P2000262,P2000272,0.12502118505176701,0.05,0.008,geometry_derived_engineering_estimate
P2000262,P2000274,0.12184929480861839,0.05,0.008,geometry_derived_engineering_estimate
P2000263,P2000264,0.0717899750364924,0.05,0.008,geometry_derived_engineering_estimate
P2000263,P2000272,0.13657204538297812,0.05,0.008,geometry_derived_engineering_estimate
P2000263,P2000274,0.11328644632556933,0.05,0.008,geometry_derived_engineering_estimate
P2000264,P2000265,0.10324332217301074,0.05,0.008,geometry_derived_engineering_estimate
P2000264,P2000273,0.10080571683461535,0.05,0.008,geometry_derived_engineering_estimate
P2000264,P2000274,0.06023210196284075,0.05,0.008,geometry_derived_engineering_estimate
P2000265,P2000273,0.04170823186040472,0.05,0.009661434652528073,geometry_derived_engineering_estimate
P2000265,P2000274,0.08876066125629326,0.05,0.008,geometry_derived_engineering_estimate
P2000265,P2000275,0.06164325865681277,0.05,0.008,geometry_derived_engineering_estimate
P2000266,P2000267,0.09676159665015516,0.05,0.008,geometry_derived_engineering_estimate
P2000266,P2000271,0.04450826556165461,0.05,0.008,geometry_derived_engineering_estimate
P2000266,P2000275,0.10740006054780628,0.05,0.008,geometry_derived_engineering_estimate
P2000266,P2000276,0.09509758075766327,0.05,0.008,geometry_derived_engineering_estimate
P2000267,P2000260,0.1285889704554086,0.05,0.0086047234154673,geometry_derived_engineering_estimate
P2000267,P2000268,0.12270218563463443,0.05,0.008,geometry_derived_engineering_estimate
P2000267,P2000271,0.054799497966618774,0.05,0.0086047234154673,geometry_derived_engineering_estimate
P2000267,P2000276,0.06571437740011907,0.05,0.008,geometry_derived_engineering_estimate
P2000268,P2000269,0.15143466229551344,0.05,0.008,geometry_derived_engineering_estimate
P2000268,P2000270,0.17406504245838567,0.05,0.008,geometry_derived_engineering_estimate
P2000268,P2000276,0.17231646746902682,0.05,0.008,geometry_derived_engineering_estimate
P2000268,P2000278,0.10650157641065337,0.05,0.008,geometry_derived_engineering_estimate
P2000269,P2000270,0.032623005783987837,0.05,0.008,geometry_derived_engineering_estimate
P2000269,P2000278,0.09855162363771416,0.05,0.010656050905780435,geometry_derived_engineering_estimate
P2000269,P2000280,0.07209779602601138,0.05,0.010656050905780435,geometry_derived_engineering_estimate
P2000269,P2000281,0.1382851178737353,0.05,0.010656050905780435,geometry_derived_engineering_estimate
P2000270,P2000278,0.1045256770121849,0.05,0.008,geometry_derived_engineering_estimate
P2000270,P2000279,0.14020605373958683,0.05,0.008,geometry_derived_engineering_estimate
P2000270,P2000280,0.06736443627801007,0.05,0.008,geometry_derived_engineering_estimate
P2000270,P2000281,0.11852389046725018,0.05,0.008,geometry_derived_engineering_estimate
P2000271,P2000275,0.1349663368436374,0.05,0.008,geometry_derived_engineering_estimate
P2000271,P2000276,0.05903694405785112,0.05,0.008,geometry_derived_engineering_estimate
P2000272,P2000264,0.2044627815271216,0.05,0.008,geometry_derived_engineering_estimate
P2000272,P2000274,0.23998467274538424,0.05,0.008,geometry_derived_engineering_estimate
P2000273,P2000274,0.10209498532229852,0.05,0.008,geometry_derived_engineering_estimate
P2000273,P2000275,0.07808356729776045,0.05,0.008,geometry_derived_engineering_estimate
P2000274,P2000275,0.10971667591608607,0.05,0.008,geometry_derived_engineering_estimate
P2000276,P2000260,0.1021423043151179,0.05,0.008,geometry_derived_engineering_estimate
P2000276,P2000275,0.14795906257226962,0.05,0.008,geometry_derived_engineering_estimate
P2000278,P2000267,0.2151472632965656,0.05,0.0086047234154673,geometry_derived_engineering_estimate
P2000278,P2000280,0.1680582244017388,0.05,0.014076147822291241,geometry_derived_engineering_estimate
P2000279,P2000280,0.13050380816699036,0.05,0.010637678856612761,geometry_derived_engineering_estimate
P2000279,P2000281,0.0725015481968622,0.05,0.010637678856612761,geometry_derived_engineering_estimate
P2000279,P2000400,0.13428722244321353,0.05,0.010637678856612761,geometry_derived_engineering_estimate
P2000280,P2000281,0.07605009316414173,0.05,0.019354370012352358,geometry_derived_engineering_estimate
P2000282,P2000416,0.245383619814573,0.05,0.008,geometry_derived_engineering_estimate
P2000283,P2000284,0.1529401665380918,0.05,0.009633644350989385,geometry_derived_engineering_estimate
P2000283,P2000285,0.24753141146125962,0.05,0.008717006012235363,geometry_derived_engineering_estimate
P2000283,P2000291,0.38904223365330093,0.05,0.052115573482039,geometry_derived_engineering_estimate
P2000283,P2000292,0.39585021883534144,0.05,0.041330957303530175,geometry_derived_engineering_estimate
P2000283,P2000415,0.45759545159162424,0.05,0.038682266886946655,geometry_derived_engineering_estimate
P2000284,P2000231,0.38071904556173836,0.05,0.008,geometry_derived_engineering_estimate
P2000284,P2000232,0.40707641732794664,0.05,0.009633644350989385,geometry_derived_engineering_estimate
P2000284,P2000285,0.3625774919283153,0.05,0.008717006012235363,geometry_derived_engineering_estimate
P2000284,P2000416,0.4153271890423444,0.05,0.009633644350989385,geometry_derived_engineering_estimate
P2000285,P2000255,0.3444894158902872,0.05,0.008717006012235363,geometry_derived_engineering_estimate
P2000285,P2000257,0.3063859386131583,0.05,0.008,geometry_derived_engineering_estimate
P2000285,P2000259,0.32913023866219493,0.05,0.008,geometry_derived_engineering_estimate
P2000285,P2000417,0.34010789788764156,0.05,0.008717006012235363,geometry_derived_engineering_estimate
P2000288,P2000283,0.4719167273416887,0.05,0.008549895517540526,geometry_derived_engineering_estimate
P2000288,P2000284,0.5543048485029924,0.05,0.008549895517540526,geometry_derived_engineering_estimate
P2000288,P2000291,0.09171867113953588,0.05,0.008549895517540526,geometry_derived_engineering_estimate
P2000288,P2000292,0.0830682965399707,0.05,0.008549895517540526,geometry_derived_engineering_estimate
P2000288,P2000997,0.042739869865334415,0.05,0.008,geometry_derived_engineering_estimate
P2000291,P2000284,0.47232256334979444,0.05,0.009633644350989385,geometry_derived_engineering_estimate
P2000291,P2000292,0.06655855538786148,0.05,0.041330957303530175,geometry_derived_engineering_estimate
P2000291,P2000997,0.11891125169593905,0.05,0.008,geometry_derived_engineering_estimate
P2000292,P2000284,0.48303305742598,0.05,0.009633644350989385,geometry_derived_engineering_estimate
P2000292,P2000997,0.08331695931650765,0.05,0.008,geometry_derived_engineering_estimate
P2000297,P2000230,0.39384618226357904,0.05,0.014891087812717349,geometry_derived_engineering_estimate
P2000297,P2000298,0.12089058279046737,0.05,0.01718918956203244,geometry_derived_engineering_estimate
P2000297,P2000320,0.1343878023837739,0.05,0.01718918956203244,geometry_derived_engineering_estimate
P2000297,P2000323,0.08464498631192333,0.05,0.01718918956203244,geometry_derived_engineering_estimate
P2000297,P2000324,0.18002974849823783,0.05,0.008,geometry_derived_engineering_estimate
P2000298,P2000213,0.32136769949929,0.05,0.012870963877521105,geometry_derived_engineering_estimate
P2000298,P2000320,0.08416738085773762,0.05,0.02072422127023487,geometry_derived_engineering_estimate
P2000298,P2000323,0.08873217930107472,0.05,0.02072422127023487,geometry_derived_engineering_estimate
P2000298,P2000324,0.16929607570045704,0.05,0.008,geometry_derived_engineering_estimate
P2000299,P2000256,0.3912434868203549,0.05,0.01452714705327518,geometry_derived_engineering_estimate
P2000299,P2000300,0.1208817177542999,0.05,0.01720145793267385,geometry_derived_engineering_estimate
P2000299,P2000327,0.13451080791365508,0.05,0.01720145793267385,geometry_derived_engineering_estimate
P2000299,P2000330,0.08458911052158205,0.05,0.01720145793267385,geometry_derived_engineering_estimate
P2000299,P2000331,0.17989746842036727,0.05,0.008,geometry_derived_engineering_estimate
P2000300,P2000228,0.39906733827981966,0.05,0.020724243221305647,geometry_derived_engineering_estimate
P2000300,P2000327,0.08416737409932303,0.05,0.020724243221305647,geometry_derived_engineering_estimate
P2000300,P2000330,0.08861967885033321,0.05,0.020724243221305647,geometry_derived_engineering_estimate
P2000300,P2000331,0.16934846335724502,0.05,0.008,geometry_derived_engineering_estimate
P2000301,P2000302,0.12894361934345533,0.05,0.00824445477989377,geometry_derived_engineering_estimate
P2000301,P2000319,0.1380493053544141,0.05,0.023725071082472866,geometry_derived_engineering_estimate
P2000301,P2000322,0.110868591088212,0.05,0.023725071082472866,geometry_derived_engineering_estimate
P2000301,P2000325,0.21121071274072895,0.05,0.011752081894758203,geometry_derived_engineering_estimate
P2000302,P2000319,0.03996935370199678,0.05,0.00824445477989377,geometry_derived_engineering_estimate
P2000302,P2000321,0.2393215746885411,0.05,0.00824445477989377,geometry_derived_engineering_estimate
P2000302,P2000322,0.07646446045515704,0.05,0.00824445477989377,geometry_derived_engineering_estimate
P2000302,P2000325,0.10162619056688804,0.05,0.00824445477989377,geometry_derived_engineering_estimate
P2000303,P2000223,0.27931596383927226,0.05,0.01416676266864346,geometry_derived_engineering_estimate
P2000303,P2000304,0.12897653511410198,0.05,0.008244537298924121,geometry_derived_engineering_estimate
P2000303,P2000326,0.13807668124372952,0.05,0.023722917712716975,geometry_derived_engineering_estimate
P2000303,P2000329,0.11089070339526229,0.05,0.023722917712716975,geometry_derived_engineering_estimate
P2000303,P2000332,0.21123744800159008,0.05,0.011752081894758196,geometry_derived_engineering_estimate
P2000304,P2000326,0.0399745368369156,0.05,0.008244537298924121,geometry_derived_engineering_estimate
P2000304,P2000328,0.23935311220712752,0.05,0.008244537298924121,geometry_derived_engineering_estimate
P2000304,P2000329,0.07646375817548749,0.05,0.008244537298924121,geometry_derived_engineering_estimate
P2000304,P2000332,0.10162695113956335,0.05,0.008244537298924121,geometry_derived_engineering_estimate
P2000305,P2000220,0.25714333985845245,0.05,0.008,geometry_derived_engineering_estimate
P2000305,P2000309,0.2323636977466611,0.05,0.016284928001624916,geometry_derived_engineering_estimate
P2000305,P2000310,0.06308323935507028,0.05,0.022100980947857823,geometry_derived_engineering_estimate
P2000305,P2001073,0.265700642974572,0.05,0.008,geometry_derived_engineering_estimate
P2000306,P2000307,0.03,0.05,0.008,geometry_derived_engineering_estimate
P2000306,P2000308,0.03958856583108304,0.05,0.008,geometry_derived_engineering_estimate
P2000306,P2000309,0.2803092515984865,0.05,0.008,geometry_derived_engineering_estimate
P2000306,P2000311,0.03,0.05,0.008,geometry_derived_engineering_estimate
P2000306,P2000779,0.08153460192061418,0.05,0.008,geometry_derived_engineering_estimate
P2000307,P2000308,0.043086874110047586,0.05,0.010442383296889186,geometry_derived_engineering_estimate
P2000307,P2000309,0.2809552014580706,0.05,0.010442383296889186,geometry_derived_engineering_estimate
P2000307,P2000311,0.03,0.05,0.010442383296889186,geometry_derived_engineering_estimate
P2000307,P2000779,0.07881932112792478,0.05,0.010442383296889186,geometry_derived_engineering_estimate
P2000308,P2000309,0.3165791336687193,0.05,0.016284928001624916,geometry_derived_engineering_estimate
P2000308,P2000311,0.04302277947394749,0.05,0.022228203310957796,geometry_derived_engineering_estimate
P2000308,P2000779,0.10897255629846386,0.05,0.013844038393706681,geometry_derived_engineering_estimate
P2000309,P2000310,0.18451189080509084,0.05,0.016284928001624916,geometry_derived_engineering_estimate
P2000309,P2000781,0.17807649128010888,0.05,0.01161732415580156,geometry_derived_engineering_estimate
P2000309,P2001073,0.2256335868326801,0.05,0.008,geometry_derived_engineering_estimate
P2000310,P2000218,0.2621446203723093,0.05,0.014196930390066722,geometry_derived_engineering_estimate
P2000310,P2001073,0.2664124544000814,0.05,0.008,geometry_derived_engineering_estimate
P2000311,P2000309,0.27750975608900436,0.05,0.016284928001624916,geometry_derived_engineering_estimate
P2000311,P2000779,0.07695120238563968,0.05,0.013844038393706681,geometry_derived_engineering_estimate
P2000312,P2000316,0.23167560955091854,0.05,0.016331435280464292,geometry_derived_engineering_estimate
P2000312,P2000317,0.06238438983463387,0.05,0.02211025972374051,geometry_derived_engineering_estimate
P2000312,P2000817,0.2861442240219187,0.05,0.011617324155801561,geometry_derived_engineering_estimate
P2000313,P2000314,0.03,0.05,0.008,geometry_derived_engineering_estimate
P2000313,P2000315,0.039342859566137665,0.05,0.008,geometry_derived_engineering_estimate
P2000313,P2000316,0.2810659919082612,0.05,0.008,geometry_derived_engineering_estimate
P2000313,P2000318,0.03,0.05,0.008,geometry_derived_engineering_estimate
P2000313,P2000815,0.08153460192061415,0.05,0.008,geometry_derived_engineering_estimate
P2000314,P2000315,0.04227920270912725,0.05,0.01050438478142404,geometry_derived_engineering_estimate
P2000314,P2000316,0.2824504487311106,0.05,0.01050438478142404,geometry_derived_engineering_estimate
P2000314,P2000318,0.03,0.05,0.01050438478142404,geometry_derived_engineering_estimate
P2000314,P2000815,0.07847863284839939,0.05,0.01050438478142404,geometry_derived_engineering_estimate
P2000315,P2000316,0.3171370866085795,0.05,0.016331435280464292,geometry_derived_engineering_estimate
P2000315,P2000318,0.042860800352105745,0.05,0.02227886101068486,geometry_derived_engineering_estimate
P2000315,P2000815,0.1086551678480754,0.05,0.013844038393706683,geometry_derived_engineering_estimate
P2000316,P2000317,0.183636006784449,0.05,0.016331435280464292,geometry_derived_engineering_estimate
P2000316,P2000817,0.17817422417594142,0.05,0.011617324155801561,geometry_derived_engineering_estimate
P2000317,P2000223,0.2621444863405794,0.05,0.01416676266864346,geometry_derived_engineering_estimate
P2000317,P2000817,0.26896285437020495,0.05,0.011617324155801561,geometry_derived_engineering_estimate
P2000318,P2000316,0.27814766768644156,0.05,0.016331435280464292,geometry_derived_engineering_estimate
P2000318,P2000815,0.0769289925388181,0.05,0.013844038393706683,geometry_derived_engineering_estimate
P2000319,P2000322,0.058362847606861966,0.05,0.02870619441363993,geometry_derived_engineering_estimate
P2000319,P2000325,0.07526681681421124,0.05,0.011752081894758203,geometry_derived_engineering_estimate
P2000320,P2000323,0.12043656172158967,0.05,0.030724778842639147,geometry_derived_engineering_estimate
P2000320,P2000324,0.22750804063854696,0.05,0.008,geometry_derived_engineering_estimate
P2000321,P2000211,0.316574577498131,0.05,0.020902375280218873,geometry_derived_engineering_estimate
P2000321,P2000319,0.2600505261098723,0.05,0.020902375280218873,geometry_derived_engineering_estimate
P2000321,P2000322,0.2944395126028618,0.05,0.020902375280218873,geometry_derived_engineering_estimate
P2000321,P2000325,0.239225535707763,0.05,0.011752081894758203,geometry_derived_engineering_estimate
P2000322,P2000325,0.11136729624940707,0.05,0.011752081894758203,geometry_derived_engineering_estimate
P2000323,P2000226,0.35533968542180305,0.05,0.028763647737338825,geometry_derived_engineering_estimate
P2000323,P2000324,0.11668815279343847,0.05,0.008,geometry_derived_engineering_estimate
P2000324,P2000226,0.24415961226770164,0.05,0.008,geometry_derived_engineering_estimate
P2000326,P2000329,0.05836172928369363,0.05,0.028705642348051983,geometry_derived_engineering_estimate
P2000326,P2000332,0.0752667716554975,0.05,0.011752081894758196,geometry_derived_engineering_estimate
P2000327,P2000303,0.3786706917329407,0.05,0.023722917712716975,geometry_derived_engineering_estimate
P2000327,P2000330,0.12029020165442915,0.05,0.030724778892475022,geometry_derived_engineering_estimate
P2000327,P2000331,0.22756474534662427,0.05,0.008,geometry_derived_engineering_estimate
P2000328,P2000214,0.3161354816277334,0.05,0.020899672668022905,geometry_derived_engineering_estimate
P2000328,P2000326,0.2600850066256389,0.05,0.020899672668022905,geometry_derived_engineering_estimate
P2000328,P2000329,0.29446954739788433,0.05,0.020899672668022905,geometry_derived_engineering_estimate
P2000328,P2000332,0.23924940700082586,0.05,0.011752081894758196,geometry_derived_engineering_estimate
P2000329,P2000332,0.11136740623069295,0.05,0.011752081894758196,geometry_derived_engineering_estimate
P2000330,P2000256,0.35508712141831084,0.05,0.01452714705327518,geometry_derived_engineering_estimate
P2000330,P2000331,0.11684198107063601,0.05,0.008,geometry_derived_engineering_estimate
P2000331,P2000228,0.24420700143521223,0.05,0.008,geometry_derived_engineering_estimate
P2000340,P2000233,0.2744289973718392,0.05,0.02255052990450041,geometry_derived_engineering_estimate
P2000340,P2000238,0.27814956099112276,0.05,0.009661434865589994,geometry_derived_engineering_estimate
P2000340,P2000239,0.2766121857862991,0.05,0.008,geometry_derived_engineering_estimate
P2000340,P2000244,0.2834847736412923,0.05,0.02255052990450041,geometry_derived_engineering_estimate
P2000340,P2000248,0.24687727679896196,0.05,0.008,geometry_derived_engineering_estimate
P2000351,P2000260,0.28024053746606226,0.05,0.023151333976625787,geometry_derived_engineering_estimate
P2000351,P2000265,0.28189453891023025,0.05,0.009661434652528073,geometry_derived_engineering_estimate
P2000351,P2000266,0.2831022972603663,0.05,0.008,geometry_derived_engineering_estimate
P2000351,P2000275,0.25129977610493165,0.05,0.008,geometry_derived_engineering_estimate
P2000355,P2000358,0.1897159411046883,0.05,0.02140107937724697,geometry_derived_engineering_estimate
P2000355,P2000359,0.4137800259763878,0.05,0.02305114100813556,geometry_derived_engineering_estimate
P2000355,P2000361,0.049374498349720075,0.05,0.022759260048425146,geometry_derived_engineering_estimate
P2000355,P2000362,0.36455634075675186,0.05,0.036947474600501254,geometry_derived_engineering_estimate
P2000355,P2000363,0.36491653732625773,0.05,0.03403905729777724,geometry_derived_engineering_estimate
P2000356,P2000321,0.4454936633397272,0.05,0.020902375280218873,geometry_derived_engineering_estimate
P2000356,P2000328,0.4418339564875905,0.05,0.020899672668022905,geometry_derived_engineering_estimate
P2000356,P2000357,0.033980147827711124,0.05,0.027031718528196042,geometry_derived_engineering_estimate
P2000356,P2000359,0.5668666103579838,0.05,0.02305114100813556,geometry_derived_engineering_estimate
P2000356,P2000360,0.28298668485139106,0.05,0.021176434465639344,geometry_derived_engineering_estimate
P2000357,P2000321,0.4409187016040681,0.05,0.020902375280218873,geometry_derived_engineering_estimate
P2000357,P2000328,0.44150728287760277,0.05,0.020899672668022905,geometry_derived_engineering_estimate
P2000357,P2000359,0.5808490340185192,0.05,0.02305114100813556,geometry_derived_engineering_estimate
P2000357,P2000360,0.29885329095304125,0.05,0.021176434465639344,geometry_derived_engineering_estimate
P2000358,P2000359,0.224760340829299,0.05,0.02140107937724697,geometry_derived_engineering_estimate
P2000358,P2000360,0.5090188039074985,0.05,0.021176434465639344,geometry_derived_engineering_estimate
P2000358,P2000361,0.2360023847955407,0.05,0.02140107937724697,geometry_derived_engineering_estimate
P2000358,P2000363,0.5536061538386009,0.05,0.02140107937724697,geometry_derived_engineering_estimate
P2000359,P2000360,0.2842653512262036,0.05,0.021176434465639344,geometry_derived_engineering_estimate
P2000359,P2000361,0.4606916595833157,0.05,0.022759260048425146,geometry_derived_engineering_estimate
P2000360,P2000328,0.5349110726006084,0.05,0.020899672668022905,geometry_derived_engineering_estimate
P2000361,P2000362,0.31788950219247564,0.05,0.022759260048425146,geometry_derived_engineering_estimate
P2000361,P2000363,0.3176082025830318,0.05,0.022759260048425146,geometry_derived_engineering_estimate
P2000362,P2000358,0.5537800597797591,0.05,0.02140107937724697,geometry_derived_engineering_estimate
P2000362,P2000363,0.03,0.07658787891999878,0.03403905729777724,geometry_derived_engineering_estimate
P2000362,P2000366,0.5594104827030197,0.05,0.018706470136022044,geometry_derived_engineering_estimate
P2000363,P2000366,0.5612812051734624,0.05,0.018706470136022044,geometry_derived_engineering_estimate
P2000364,P2000362,0.6711977841548611,0.05,0.0304397335143728,geometry_derived_engineering_estimate
P2000364,P2000363,0.6736659738843815,0.05,0.0304397335143728,geometry_derived_engineering_estimate
P2000364,P2000365,0.03,0.05,0.028988948071792336,geometry_derived_engineering_estimate
P2000364,P2000366,0.11500534085984544,0.05,0.018706470136022044,geometry_derived_engineering_estimate
P2000365,P2000362,0.6677820805270952,0.05,0.028988948071792336,geometry_derived_engineering_estimate
P2000365,P2000363,0.669765550888928,0.05,0.028988948071792336,geometry_derived_engineering_estimate
P2000365,P2000366,0.10854270667249963,0.05,0.018706470136022044,geometry_derived_engineering_estimate
P2000367,P2000368,0.047605872852153945,0.05,0.014905329208276571,geometry_derived_engineering_estimate
P2000367,P2000369,0.13460055131525467,0.05,0.030068713308174386,geometry_derived_engineering_estimate
P2000367,P2000373,0.06886517173934026,0.05,0.008,geometry_derived_engineering_estimate
P2000367,P2000701,0.2602899942238497,0.05,0.014699781071332487,geometry_derived_engineering_estimate
P2000368,P2000369,0.17845134183916456,0.05,0.014905329208276571,geometry_derived_engineering_estimate
P2000368,P2000373,0.09749057825798856,0.05,0.008,geometry_derived_engineering_estimate
P2000368,P2000701,0.27443704099429156,0.05,0.014699781071332487,geometry_derived_engineering_estimate
P2000369,P2000373,0.09779356000701654,0.05,0.008,geometry_derived_engineering_estimate
P2000369,P2000776,0.28883980594592085,0.05,0.012305817724350607,geometry_derived_engineering_estimate
P2000370,P2000371,0.04752126739135585,0.05,0.014905643600888432,geometry_derived_engineering_estimate
P2000370,P2000372,0.13425851371908246,0.05,0.03007461125923132,geometry_derived_engineering_estimate
P2000370,P2000374,0.06892214446467711,0.05,0.008,geometry_derived_engineering_estimate
P2000370,P2000740,0.2602761269101591,0.05,0.014699781991150134,geometry_derived_engineering_estimate
P2000371,P2000372,0.17801724650620437,0.05,0.014905643600888432,geometry_derived_engineering_estimate
P2000371,P2000374,0.09748820415222366,0.05,0.008,geometry_derived_engineering_estimate
P2000371,P2000740,0.27443750778052267,0.05,0.014699781991150134,geometry_derived_engineering_estimate
P2000372,P2000374,0.09739901990931225,0.05,0.008,geometry_derived_engineering_estimate
P2000372,P2000812,0.2886807346989554,0.05,0.012305854867454176,geometry_derived_engineering_estimate
P2000373,P2000776,0.30903476963985355,0.05,0.008,geometry_derived_engineering_estimate
P2000374,P2000812,0.3090343728947058,0.05,0.008,geometry_derived_engineering_estimate
P2000375,P2000376,0.08637454787873665,0.05,0.028445986883191842,geometry_derived_engineering_estimate
P2000375,P2000377,0.20570380932702959,0.05,0.008,geometry_derived_engineering_estimate
P2000375,P2000378,0.20002914754468187,0.05,0.008,geometry_derived_engineering_estimate
P2000375,P2000393,0.34169765939203967,0.05,0.010837812013220316,geometry_derived_engineering_estimate
P2000375,P2000394,0.34694416371824455,0.05,0.008,geometry_derived_engineering_estimate
P2000376,P2000377,0.21025531564597888,0.05,0.008,geometry_derived_engineering_estimate
P2000376,P2000378,0.21115680528212222,0.05,0.008,geometry_derived_engineering_estimate
P2000376,P2000394,0.2724640928924664,0.05,0.008,geometry_derived_engineering_estimate
P2000376,P2000415,0.2676161101411516,0.05,0.028445986883191842,geometry_derived_engineering_estimate
P2000377,P2000239,0.3299000272759118,0.05,0.008,geometry_derived_engineering_estimate
P2000377,P2000244,0.3508288389711496,0.05,0.008,geometry_derived_engineering_estimate
P2000377,P2000393,0.24591589111468082,0.05,0.008,geometry_derived_engineering_estimate
P2000378,P2000266,0.3234937720007688,0.05,0.008,geometry_derived_engineering_estimate
P2000378,P2000271,0.3444793925171959,0.05,0.008,geometry_derived_engineering_estimate
P2000378,P2000396,0.2974840210321607,0.05,0.008,geometry_derived_engineering_estimate
P2000379,P2000381,0.1693037213089513,0.05,0.008,geometry_derived_engineering_estimate
P2000379,P2000383,0.03708320655398201,0.05,0.013780519266201708,geometry_derived_engineering_estimate
P2000379,P2000401,0.1713963967907924,0.05,0.008,geometry_derived_engineering_estimate
P2000379,P2000407,0.09329350337267413,0.05,0.03905016334643068,geometry_derived_engineering_estimate
P2000379,P2000456,0.3583026658799766,0.05,0.034876743515360284,geometry_derived_engineering_estimate
P2000380,P2000253,0.1431752997835734,0.05,0.013802434897929507,geometry_derived_engineering_estimate
P2000380,P2000254,0.1291363461163405,0.05,0.013802434897929507,geometry_derived_engineering_estimate
P2000380,P2000786,0.12008539965348528,0.05,0.011680312844368672,geometry_derived_engineering_estimate
P2000380,P2000787,0.12528614530177448,0.05,0.011073584881662709,geometry_derived_engineering_estimate
P2000381,P2000383,0.17474259535224876,0.05,0.008,geometry_derived_engineering_estimate
P2000381,P2000407,0.19414333574608422,0.05,0.008,geometry_derived_engineering_estimate
P2000381,P2000408,0.32478897394611456,0.05,0.008,geometry_derived_engineering_estimate
P2000381,P2000409,0.22037631452814824,0.05,0.008,geometry_derived_engineering_estimate
P2000382,P2000252,0.2020085974420601,0.05,0.008,geometry_derived_engineering_estimate
P2000382,P2000380,0.14855639026287595,0.05,0.008,geometry_derived_engineering_estimate
P2000382,P2000408,0.15510252444260852,0.05,0.008,geometry_derived_engineering_estimate
P2000382,P2000409,0.23965999525989845,0.05,0.008,geometry_derived_engineering_estimate
P2000382,P2000786,0.24058551443432535,0.05,0.008,geometry_derived_engineering_estimate
P2000383,P2000401,0.17409102140306995,0.05,0.008,geometry_derived_engineering_estimate
P2000383,P2000407,0.12776677911128625,0.05,0.013780519266201708,geometry_derived_engineering_estimate
P2000383,P2000456,0.36198936709329793,0.05,0.013780519266201708,geometry_derived_engineering_estimate
P2000392,P2000235,0.2349818247111671,0.05,0.008,geometry_derived_engineering_estimate
P2000392,P2000236,0.21675899954838085,0.05,0.008,geometry_derived_engineering_estimate
P2000392,P2000237,0.2192988070992254,0.05,0.008,geometry_derived_engineering_estimate
P2000392,P2000247,0.2518855521238579,0.05,0.008,geometry_derived_engineering_estimate
P2000392,P2000393,0.1476900168112199,0.05,0.008,geometry_derived_engineering_estimate
P2000393,P2000394,0.25833496510501136,0.05,0.008,geometry_derived_engineering_estimate
P2000393,P2000397,0.26418258949089013,0.05,0.010837812013220316,geometry_derived_engineering_estimate
P2000393,P2000415,0.26027848976397927,0.05,0.010837812013220316,geometry_derived_engineering_estimate
P2000394,P2000395,0.3239736452540083,0.05,0.008,geometry_derived_engineering_estimate
P2000394,P2000397,0.055363280962024065,0.05,0.008,geometry_derived_engineering_estimate
P2000394,P2000415,0.1383456518231274,0.05,0.008,geometry_derived_engineering_estimate
P2000395,P2000262,0.23317735934437345,0.05,0.008,geometry_derived_engineering_estimate
P2000395,P2000263,0.214910354169321,0.05,0.008,geometry_derived_engineering_estimate
P2000395,P2000264,0.21583891706678027,0.05,0.008,geometry_derived_engineering_estimate
P2000395,P2000274,0.24814690356401595,0.05,0.008,geometry_derived_engineering_estimate
P2000395,P2000396,0.12736816546387292,0.05,0.008,geometry_derived_engineering_estimate
P2000396,P2000263,0.16257471879884333,0.05,0.008,geometry_derived_engineering_estimate
P2000396,P2000264,0.12743200239672212,0.05,0.008,geometry_derived_engineering_estimate
P2000396,P2000265,0.15515918933090744,0.05,0.008,geometry_derived_engineering_estimate
P2000396,P2000274,0.16340455506458682,0.05,0.008,geometry_derived_engineering_estimate
P2000397,P2000376,0.2914675847684006,0.05,0.028445986883191842,geometry_derived_engineering_estimate
P2000397,P2000395,0.32878281206665755,0.05,0.008,geometry_derived_engineering_estimate
P2000397,P2000415,0.09562714114110123,0.05,0.038682266886946655,geometry_derived_engineering_estimate
P2000400,P2000280,0.14318432052131255,0.05,0.013802434897929507,geometry_derived_engineering_estimate
P2000400,P2000281,0.12913793695002218,0.05,0.013802434897929507,geometry_derived_engineering_estimate
P2000400,P2000822,0.1200853996534843,0.05,0.011680312844368669,geometry_derived_engineering_estimate
P2000400,P2000823,0.12528614530177443,0.05,0.011073584881662709,geometry_derived_engineering_estimate
P2000401,P2000407,0.18794118891303596,0.05,0.008,geometry_derived_engineering_estimate
P2000401,P2000412,0.3227246119217931,0.05,0.008,geometry_derived_engineering_estimate
P2000401,P2000413,0.22223016874816343,0.05,0.008,geometry_derived_engineering_estimate
P2000402,P2000270,0.24175530663012545,0.05,0.008,geometry_derived_engineering_estimate
P2000402,P2000279,0.2019214462153557,0.05,0.008,geometry_derived_engineering_estimate
P2000402,P2000400,0.14855768944449085,0.05,0.008,geometry_derived_engineering_estimate
P2000402,P2000412,0.15590981074705224,0.05,0.008,geometry_derived_engineering_estimate
P2000402,P2000822,0.24058671646771906,0.05,0.008,geometry_derived_engineering_estimate
P2000407,P2000456,0.3256097274266696,0.05,0.034876743515360284,geometry_derived_engineering_estimate
P2000408,P2000252,0.2110241853477643,0.05,0.01062777268412536,geometry_derived_engineering_estimate
P2000408,P2000254,0.27922547944102283,0.05,0.010638170610576828,geometry_derived_engineering_estimate
P2000408,P2000380,0.25283910712419977,0.05,0.010638170610576828,geometry_derived_engineering_estimate
P2000408,P2000409,0.13076636401132655,0.05,0.010638170610576828,geometry_derived_engineering_estimate
P2000409,P2000252,0.33722795204858064,0.05,0.01062777268412536,geometry_derived_engineering_estimate
P2000409,P2000407,0.33628172937640755,0.05,0.013762043041080887,geometry_derived_engineering_estimate
P2000410,P2000448,0.19281368695879414,0.05,0.02351572624783062,geometry_derived_engineering_estimate
P2000410,P2000453,0.1913679063176122,0.05,0.008,geometry_derived_engineering_estimate
P2000410,P2000461,0.2853491468121588,0.05,0.02351572624783062,geometry_derived_engineering_estimate
P2000410,P2000462,0.24914402612583073,0.05,0.02351572624783062,geometry_derived_engineering_estimate
P2000410,P2000467,0.18190965566948436,0.05,0.008,geometry_derived_engineering_estimate
P2000411,P2000192,0.3334312598636143,0.05,0.008,geometry_derived_engineering_estimate
P2000411,P2000427,0.2615383632051158,0.05,0.016750908697810853,geometry_derived_engineering_estimate
P2000411,P2000430,0.3203254646918647,0.05,0.008,geometry_derived_engineering_estimate
P2000411,P2000449,0.09481796240352466,0.05,0.026529808716833636,geometry_derived_engineering_estimate
P2000411,P2000450,0.17903525565751902,0.05,0.016039989180208387,geometry_derived_engineering_estimate
P2000412,P2000279,0.2129338573504022,0.05,0.010637678856612761,geometry_derived_engineering_estimate
P2000412,P2000281,0.28116573884913265,0.05,0.010738524163669024,geometry_derived_engineering_estimate
P2000412,P2000400,0.25449353120426577,0.05,0.010738524163669024,geometry_derived_engineering_estimate
P2000412,P2000413,0.13110173113324128,0.05,0.010738524163669024,geometry_derived_engineering_estimate
P2000413,P2000279,0.3395188365656509,0.05,0.010637678856612761,geometry_derived_engineering_estimate
P2000413,P2000402,0.24456509656840472,0.05,0.008,geometry_derived_engineering_estimate
P2000413,P2000407,0.32859822289261825,0.05,0.01571450241991252,geometry_derived_engineering_estimate
P2000414,P2000202,0.33352933106437427,0.05,0.008,geometry_derived_engineering_estimate
P2000414,P2000432,0.26160676658082227,0.05,0.016750913369151407,geometry_derived_engineering_estimate
P2000414,P2000435,0.3203569594370533,0.05,0.008,geometry_derived_engineering_estimate
P2000414,P2000463,0.09730674569969369,0.05,0.026427868045266797,geometry_derived_engineering_estimate
P2000414,P2000464,0.17925375873388444,0.05,0.016027540680061778,geometry_derived_engineering_estimate
P2000415,P2000392,0.35360972891319403,0.05,0.008,geometry_derived_engineering_estimate
P2000417,P2000258,0.247185493386715,0.05,0.008,geometry_derived_engineering_estimate
P2000426,P2000427,0.20108542968218837,0.05,0.016750908697810853,geometry_derived_engineering_estimate
P2000426,P2000429,0.04336560242321864,0.05,0.021741334343310728,geometry_derived_engineering_estimate
P2000426,P2000436,0.09749081939748921,0.05,0.04533285272526532,geometry_derived_engineering_estimate
P2000426,P2000439,0.13542651941145253,0.05,0.008,geometry_derived_engineering_estimate
P2000426,P2000441,0.09604785773222843,0.05,0.020489427417816133,geometry_derived_engineering_estimate
P2000427,P2000438,0.17712641087831293,0.05,0.008,geometry_derived_engineering_estimate
P2000427,P2000439,0.12751301406996904,0.05,0.008,geometry_derived_engineering_estimate
P2000427,P2000450,0.09180306008368287,0.05,0.016039989180208387,geometry_derived_engineering_estimate
P2000428,P2000426,0.22752807691174598,0.05,0.010872802610769281,geometry_derived_engineering_estimate
P2000428,P2000429,0.2327915323983123,0.05,0.010872802610769281,geometry_derived_engineering_estimate
P2000428,P2000436,0.18816745498396553,0.05,0.010872802610769281,geometry_derived_engineering_estimate
P2000428,P2000441,0.24591127827592324,0.05,0.010872802610769281,geometry_derived_engineering_estimate
P2000428,P2000452,0.08065385561718645,0.05,0.010872802610769281,geometry_derived_engineering_estimate
P2000429,P2000427,0.20381652549500176,0.05,0.016750908697810853,geometry_derived_engineering_estimate
P2000429,P2000436,0.11799338200357108,0.05,0.021741334343310728,geometry_derived_engineering_estimate
P2000429,P2000439,0.1513368684402285,0.05,0.008,geometry_derived_engineering_estimate
P2000429,P2000441,0.10441979105870504,0.05,0.020489427417816133,geometry_derived_engineering_estimate
P2000430,P2000192,0.19122338330752414,0.05,0.008,geometry_derived_engineering_estimate
P2000430,P2000427,0.22819256722775128,0.05,0.008,geometry_derived_engineering_estimate
P2000430,P2000438,0.10456344835457113,0.05,0.008,geometry_derived_engineering_estimate
P2000430,P2000440,0.08664392061225226,0.05,0.008,geometry_derived_engineering_estimate
P2000430,P2000450,0.2515666242779575,0.05,0.008,geometry_derived_engineering_estimate
P2000431,P2000432,0.2010321981103372,0.05,0.016750913369151407,geometry_derived_engineering_estimate
P2000431,P2000434,0.043368106220711765,0.05,0.02174186523571992,geometry_derived_engineering_estimate
P2000431,P2000442,0.09753042309676316,0.05,0.045332847594710436,geometry_derived_engineering_estimate
P2000431,P2000445,0.13538954192272298,0.05,0.008,geometry_derived_engineering_estimate
P2000431,P2000447,0.0960600692933027,0.05,0.020488490787008748,geometry_derived_engineering_estimate
P2000432,P2000444,0.17712672086779777,0.05,0.008,geometry_derived_engineering_estimate
P2000432,P2000445,0.12751333428514106,0.05,0.008,geometry_derived_engineering_estimate
P2000432,P2000464,0.09172762961616292,0.05,0.016027540680061778,geometry_derived_engineering_estimate
P2000433,P2000431,0.22758120292169728,0.05,0.010872802357629576,geometry_derived_engineering_estimate
P2000433,P2000434,0.23275628480585528,0.05,0.010872802357629576,geometry_derived_engineering_estimate
P2000433,P2000442,0.188167418524088,0.05,0.010872802357629576,geometry_derived_engineering_estimate
P2000433,P2000447,0.24583899844097878,0.05,0.010872802357629576,geometry_derived_engineering_estimate
P2000433,P2000466,0.08093183191261984,0.05,0.010872802357629576,geometry_derived_engineering_estimate
P2000434,P2000432,0.20385177991964323,0.05,0.016750913369151407,geometry_derived_engineering_estimate
P2000434,P2000442,0.11797632024462995,0.05,0.02174186523571992,geometry_derived_engineering_estimate
P2000434,P2000445,0.1513623579727662,0.05,0.008,geometry_derived_engineering_estimate
P2000434,P2000447,0.10441977439890997,0.05,0.020488490787008748,geometry_derived_engineering_estimate
P2000435,P2000202,0.19122345799965385,0.05,0.008,geometry_derived_engineering_estimate
P2000435,P2000432,0.22819264501817677,0.05,0.008,geometry_derived_engineering_estimate
P2000435,P2000444,0.1045640759931327,0.05,0.008,geometry_derived_engineering_estimate
P2000435,P2000446,0.08664413145892105,0.05,0.008,geometry_derived_engineering_estimate
P2000435,P2000464,0.25165503081384766,0.05,0.008,geometry_derived_engineering_estimate
P2000436,P2000439,0.16503547702003038,0.05,0.008,geometry_derived_engineering_estimate
P2000436,P2000441,0.06694650651390845,0.05,0.020489427417816133,geometry_derived_engineering_estimate
P2000437,P2000130,0.2174805427864159,0.05,0.010473353522158535,geometry_derived_engineering_estimate
P2000437,P2000479,0.23908239029603306,0.05,0.008,geometry_derived_engineering_estimate
P2000437,P2000710,0.28268594115006734,0.05,0.008,geometry_derived_engineering_estimate
P2000437,P2000766,0.2835518701296429,0.05,0.008,geometry_derived_engineering_estimate
P2000437,P2001068,0.28300541195209256,0.05,0.008,geometry_derived_engineering_estimate
P2000438,P2000193,0.2084199558398768,0.05,0.008,geometry_derived_engineering_estimate
P2000438,P2000440,0.09414265056235877,0.05,0.008,geometry_derived_engineering_estimate
P2000439,P2000441,0.1171308365293852,0.05,0.008,geometry_derived_engineering_estimate
P2000440,P2000192,0.21770574481217506,0.05,0.008,geometry_derived_engineering_estimate
P2000440,P2000193,0.28183685277802145,0.05,0.008551234889575711,geometry_derived_engineering_estimate
P2000440,P2000427,0.2630738059292756,0.05,0.008551234889575711,geometry_derived_engineering_estimate
P2000441,P2000725,0.1417044553146131,0.05,0.00861046156485063,geometry_derived_engineering_estimate
P2000442,P2000445,0.16503501939775936,0.05,0.008,geometry_derived_engineering_estimate
P2000442,P2000447,0.06688058571578376,0.05,0.020488490787008748,geometry_derived_engineering_estimate
P2000443,P2000143,0.21749062758118518,0.05,0.010473347424957417,geometry_derived_engineering_estimate
P2000443,P2000490,0.23904706975615114,0.05,0.008,geometry_derived_engineering_estimate
P2000443,P2000749,0.28268562524611884,0.05,0.008,geometry_derived_engineering_estimate
P2000443,P2000768,0.2835574413034076,0.05,0.008,geometry_derived_engineering_estimate
P2000443,P2001070,0.2830053880445964,0.05,0.008,geometry_derived_engineering_estimate
P2000444,P2000203,0.20842006482087025,0.05,0.008,geometry_derived_engineering_estimate
P2000444,P2000446,0.09414292560260233,0.05,0.008,geometry_derived_engineering_estimate
P2000445,P2000447,0.11720185696739667,0.05,0.008,geometry_derived_engineering_estimate
P2000446,P2000202,0.21770586088895894,0.05,0.008,geometry_derived_engineering_estimate
P2000446,P2000203,0.2818377919415234,0.05,0.008551234889575711,geometry_derived_engineering_estimate
P2000446,P2000432,0.2630738774386684,0.05,0.008551234889575711,geometry_derived_engineering_estimate
P2000447,P2000764,0.1417449187804087,0.05,0.008610462202522073,geometry_derived_engineering_estimate
P2000448,P2000455,0.279086511181595,0.05,0.02726351325428216,geometry_derived_engineering_estimate
P2000448,P2000457,0.26403794091830335,0.05,0.020204423862337763,geometry_derived_engineering_estimate
P2000448,P2000462,0.11955151010759474,0.05,0.02544452831472545,geometry_derived_engineering_estimate
P2000448,P2000467,0.2792807064635047,0.05,0.008,geometry_derived_engineering_estimate
P2000449,P2000450,0.21423979083682915,0.05,0.016039989180208387,geometry_derived_engineering_estimate
P2000449,P2000459,0.2823738128789246,0.05,0.008,geometry_derived_engineering_estimate
P2000449,P2001024,0.2785210081986612,0.05,0.008,geometry_derived_engineering_estimate
P2000449,P2001125,0.2794027716282678,0.05,0.008,geometry_derived_engineering_estimate
P2000450,P2000439,0.20262561864962056,0.05,0.008,geometry_derived_engineering_estimate
P2000451,P2000428,0.3048621605858624,0.05,0.010872802610769281,geometry_derived_engineering_estimate
P2000451,P2000452,0.25096313096476563,0.05,0.011756238197495248,geometry_derived_engineering_estimate
P2000451,P2000453,0.23236246436316713,0.05,0.008,geometry_derived_engineering_estimate
P2000451,P2000458,0.29694644478450866,0.05,0.019391563374361837,geometry_derived_engineering_estimate
P2000451,P2000459,0.1617460679215465,0.05,0.008,geometry_derived_engineering_estimate
P2000452,P2000426,0.22495677605061157,0.05,0.011756238197495248,geometry_derived_engineering_estimate
P2000452,P2000429,0.21590307995727376,0.05,0.011756238197495248,geometry_derived_engineering_estimate
P2000452,P2000436,0.2108830976405543,0.05,0.011756238197495248,geometry_derived_engineering_estimate
P2000453,P2000448,0.2796662960063118,0.05,0.008,geometry_derived_engineering_estimate
P2000453,P2000459,0.3240261191388404,0.05,0.008,geometry_derived_engineering_estimate
P2000453,P2000462,0.31431609898156865,0.05,0.008,geometry_derived_engineering_estimate
P2000454,P2000455,0.03,0.05,0.025427538429907,geometry_derived_engineering_estimate
P2000454,P2000457,0.12965415611989975,0.05,0.020204423862337763,geometry_derived_engineering_estimate
P2000454,P2000460,0.08898860548291182,0.05,0.008,geometry_derived_engineering_estimate
P2000454,P2000462,0.18349281670201412,0.05,0.025427538429907,geometry_derived_engineering_estimate
P2000454,P2001123,0.22968996598429595,0.05,0.008,geometry_derived_engineering_estimate
P2000455,P2000457,0.11938586408542416,0.05,0.020204423862337763,geometry_derived_engineering_estimate
P2000455,P2000460,0.0822616616723009,0.05,0.008,geometry_derived_engineering_estimate
P2000455,P2000462,0.17967713463686624,0.05,0.02544452831472545,geometry_derived_engineering_estimate
P2000455,P2001123,0.2220189131192485,0.05,0.008,geometry_derived_engineering_estimate
P2000456,P2000457,0.16823377675762347,0.05,0.020204423862337763,geometry_derived_engineering_estimate
P2000456,P2000460,0.15735671642084348,0.05,0.008,geometry_derived_engineering_estimate
P2000456,P2001024,0.1820829806539541,0.05,0.008,geometry_derived_engineering_estimate
P2000456,P2001123,0.1869536104197942,0.05,0.008,geometry_derived_engineering_estimate
P2000456,P2001125,0.18153572269837678,0.05,0.008,geometry_derived_engineering_estimate
P2000457,P2000460,0.07334878974685244,0.05,0.008,geometry_derived_engineering_estimate
P2000457,P2001022,0.14406123665417478,0.05,0.008,geometry_derived_engineering_estimate
P2000457,P2001123,0.1433674616921352,0.05,0.008,geometry_derived_engineering_estimate
P2000458,P2000428,0.3924406814720051,0.05,0.010872802610769281,geometry_derived_engineering_estimate
P2000458,P2000452,0.3754000716844019,0.05,0.011756238197495248,geometry_derived_engineering_estimate
P2000458,P2000471,0.29429033134986216,0.05,0.012092382164489835,geometry_derived_engineering_estimate
P2000458,P2000479,0.3118582099907029,0.05,0.008,geometry_derived_engineering_estimate
P2000459,P2000426,0.2717790379087354,0.05,0.008,geometry_derived_engineering_estimate
P2000459,P2000429,0.2635394639071564,0.05,0.008,geometry_derived_engineering_estimate
P2000459,P2000452,0.2627793701191377,0.05,0.008,geometry_derived_engineering_estimate
P2000460,P2001125,0.17284810778772547,0.05,0.008,geometry_derived_engineering_estimate
P2000461,P2000453,0.32502926701874923,0.05,0.008,geometry_derived_engineering_estimate
P2000461,P2000467,0.32432799052701444,0.05,0.008,geometry_derived_engineering_estimate
P2000461,P2000475,0.41543889372713333,0.05,0.0245556901113246,geometry_derived_engineering_estimate
P2000461,P2000476,0.3314217754957527,0.05,0.012632593276664437,geometry_derived_engineering_estimate
P2000462,P2000457,0.21114437908456457,0.05,0.020204423862337763,geometry_derived_engineering_estimate
P2000462,P2000460,0.2362743685441101,0.05,0.008,geometry_derived_engineering_estimate
P2000463,P2000464,0.21811717621429225,0.05,0.016027540680061778,geometry_derived_engineering_estimate
P2000463,P2000468,0.2828009320984585,0.05,0.008,geometry_derived_engineering_estimate
P2000463,P2001022,0.275331315993903,0.05,0.008,geometry_derived_engineering_estimate
P2000463,P2001123,0.27614236277602894,0.05,0.008,geometry_derived_engineering_estimate
P2000464,P2000445,0.20249816884708471,0.05,0.008,geometry_derived_engineering_estimate
P2000465,P2000433,0.29735264339888434,0.05,0.010872802357629576,geometry_derived_engineering_estimate
P2000465,P2000434,0.3561283303905398,0.05,0.02174186523571992,geometry_derived_engineering_estimate
P2000465,P2000466,0.24338689388703103,0.05,0.011778637193584993,geometry_derived_engineering_estimate
P2000465,P2000467,0.23977553732385504,0.05,0.008,geometry_derived_engineering_estimate
P2000465,P2000468,0.16113373135596487,0.05,0.008,geometry_derived_engineering_estimate
P2000466,P2000431,0.22531824118909938,0.05,0.011778637193584993,geometry_derived_engineering_estimate
P2000466,P2000434,0.21613408505909854,0.05,0.011778637193584993,geometry_derived_engineering_estimate
P2000466,P2000442,0.21124777213306573,0.05,0.011778637193584993,geometry_derived_engineering_estimate
P2000467,P2000462,0.31458354082657664,0.05,0.008,geometry_derived_engineering_estimate
P2000467,P2000468,0.32400932816156236,0.05,0.008,geometry_derived_engineering_estimate
P2000468,P2000431,0.27180870639415133,0.05,0.008,geometry_derived_engineering_estimate
P2000468,P2000434,0.26355562089247336,0.05,0.008,geometry_derived_engineering_estimate
P2000468,P2000466,0.26280236214575414,0.05,0.008,geometry_derived_engineering_estimate
P2000469,P2000472,0.1990560507946272,0.05,0.0090477437289363,geometry_derived_engineering_estimate
P2000469,P2000475,0.0828591515081217,0.05,0.0245556901113246,geometry_derived_engineering_estimate
P2000469,P2000476,0.17625178173069161,0.05,0.012632593276664437,geometry_derived_engineering_estimate
P2000469,P2000477,0.19164159071650338,0.05,0.021695436680950225,geometry_derived_engineering_estimate
P2000469,P2000492,0.27660063737870216,0.05,0.023849947857541305,geometry_derived_engineering_estimate
P2000470,P2000469,0.3555335153013029,0.05,0.027351805975107463,geometry_derived_engineering_estimate
P2000470,P2000472,0.38725656844018325,0.05,0.0090477437289363,geometry_derived_engineering_estimate
P2000470,P2000474,0.3628697363646785,0.05,0.022272864548090153,geometry_derived_engineering_estimate
P2000470,P2000477,0.1720954857081643,0.05,0.021695436680950225,geometry_derived_engineering_estimate
P2000470,P2000480,0.09100851460272404,0.05,0.027351805975107463,geometry_derived_engineering_estimate
P2000471,P2000479,0.12907340710293408,0.05,0.008,geometry_derived_engineering_estimate
P2000471,P2000494,0.16559307487693786,0.05,0.008,geometry_derived_engineering_estimate
P2000471,P2000495,0.1602295025390058,0.05,0.008,geometry_derived_engineering_estimate
P2000471,P2000652,0.19353692290606575,0.05,0.008,geometry_derived_engineering_estimate
P2000471,P2001050,0.1726381436373421,0.05,0.008,geometry_derived_engineering_estimate
P2000472,P2000473,0.26268977337690397,0.05,0.0090477437289363,geometry_derived_engineering_estimate
P2000472,P2000475,0.2409839332631063,0.05,0.0090477437289363,geometry_derived_engineering_estimate
P2000472,P2000477,0.23492450412838528,0.05,0.0090477437289363,geometry_derived_engineering_estimate
P2000472,P2000492,0.2704180651318936,0.05,0.0090477437289363,geometry_derived_engineering_estimate
P2000473,P2000105,0.2806566585053435,0.05,0.02517077402376502,geometry_derived_engineering_estimate
P2000473,P2000481,0.20827879520335318,0.05,0.00880472740634501,geometry_derived_engineering_estimate
P2000473,P2000656,0.3235919113699225,0.05,0.008,geometry_derived_engineering_estimate
P2000473,P2001054,0.32851661973220764,0.05,0.008,geometry_derived_engineering_estimate
P2000474,P2000111,0.3535559077612746,0.05,0.022272864548090153,geometry_derived_engineering_estimate
P2000474,P2000469,0.3424310828296501,0.05,0.022272864548090153,geometry_derived_engineering_estimate
P2000474,P2000477,0.32291840959774526,0.05,0.021695436680950225,geometry_derived_engineering_estimate
P2000474,P2000497,0.34323477879532205,0.05,0.008,geometry_derived_engineering_estimate
P2000474,P2000499,0.3449839608472187,0.05,0.008,geometry_derived_engineering_estimate
P2000475,P2000476,0.0941877768131104,0.05,0.012632593276664437,geometry_derived_engineering_estimate
P2000475,P2000491,0.22725941827151216,0.05,0.02418311007928117,geometry_derived_engineering_estimate
P2000475,P2000492,0.22484427497586534,0.05,0.023849947857541305,geometry_derived_engineering_estimate
P2000475,P2000493,0.23186545715508608,0.05,0.012515329174544476,geometry_derived_engineering_estimate
P2000476,P2000491,0.20339057558674936,0.05,0.012632593276664437,geometry_derived_engineering_estimate
P2000476,P2000492,0.2056871086712505,0.05,0.012632593276664437,geometry_derived_engineering_estimate
P2000476,P2000493,0.21032744623485253,0.05,0.012515329174544476,geometry_derived_engineering_estimate
P2000477,P2000475,0.2718249367990707,0.05,0.021695436680950225,geometry_derived_engineering_estimate
P2000477,P2000480,0.23727047089758638,0.05,0.021695436680950225,geometry_derived_engineering_estimate
P2000479,P2000494,0.2616616807811545,0.05,0.008,geometry_derived_engineering_estimate
P2000479,P2000495,0.27191908729279457,0.05,0.008,geometry_derived_engineering_estimate
P2000479,P2001050,0.277621310643194,0.05,0.008,geometry_derived_engineering_estimate
P2000480,P2000469,0.42399274588072344,0.05,0.04075320422074663,geometry_derived_engineering_estimate
P2000480,P2000472,0.4200799825147264,0.05,0.0090477437289363,geometry_derived_engineering_estimate
P2000480,P2000481,0.35497300206371113,0.05,0.00880472740634501,geometry_derived_engineering_estimate
P2000481,P2000105,0.3124255397826576,0.05,0.00880472740634501,geometry_derived_engineering_estimate
P2000481,P2000106,0.3044779822146809,0.05,0.00880472740634501,geometry_derived_engineering_estimate
P2000481,P2000656,0.25605882388409096,0.05,0.008,geometry_derived_engineering_estimate
P2000481,P2001054,0.25392484305805,0.05,0.008,geometry_derived_engineering_estimate
P2000490,P2000497,0.2614507777391389,0.05,0.008,geometry_derived_engineering_estimate
P2000490,P2000498,0.2720478101223807,0.05,0.008,geometry_derived_engineering_estimate
P2000490,P2000654,0.28588372139462687,0.05,0.008,geometry_derived_engineering_estimate
P2000490,P2001052,0.2773516144978049,0.05,0.008,geometry_derived_engineering_estimate
P2000491,P2000497,0.1909311293712094,0.05,0.008,geometry_derived_engineering_estimate
P2000491,P2000498,0.1549378085561748,0.05,0.008,geometry_derived_engineering_estimate
P2000491,P2000499,0.13165034616604684,0.05,0.008,geometry_derived_engineering_estimate
P2000491,P2001052,0.17104283389014704,0.05,0.008,geometry_derived_engineering_estimate
P2000492,P2000493,0.03,0.05,0.012515329174544476,geometry_derived_engineering_estimate
P2000492,P2000494,0.1977642817487742,0.05,0.008,geometry_derived_engineering_estimate
P2000492,P2000495,0.16123583531474267,0.05,0.008,geometry_derived_engineering_estimate
P2000492,P2000496,0.13800377570202058,0.05,0.008,geometry_derived_engineering_estimate
P2000492,P2001050,0.1756445514021349,0.05,0.008,geometry_derived_engineering_estimate
P2000493,P2000494,0.20173895452156904,0.05,0.008,geometry_derived_engineering_estimate
P2000493,P2000495,0.165008516945288,0.05,0.008,geometry_derived_engineering_estimate
P2000493,P2000496,0.14045145268007247,0.05,0.008,geometry_derived_engineering_estimate
P2000493,P2001050,0.1739358091743385,0.05,0.008,geometry_derived_engineering_estimate
P2000494,P2000495,0.0440212028185521,0.05,0.008,geometry_derived_engineering_estimate
P2000494,P2000496,0.0625746815806449,0.05,0.008,geometry_derived_engineering_estimate
P2000494,P2000652,0.12736582675944527,0.05,0.008,geometry_derived_engineering_estimate
P2000494,P2001036,0.15511599856217695,0.05,0.008,geometry_derived_engineering_estimate
P2000494,P2001050,0.05872532468114288,0.05,0.008,geometry_derived_engineering_estimate
P2000495,P2000496,0.03906525005833204,0.05,0.008,geometry_derived_engineering_estimate
P2000495,P2000652,0.11564179230418309,0.05,0.008,geometry_derived_engineering_estimate
P2000495,P2001036,0.14398353988364584,0.05,0.008,geometry_derived_engineering_estimate
P2000495,P2001050,0.04313011049067974,0.05,0.008,geometry_derived_engineering_estimate
P2000496,P2000652,0.1243367211884052,0.05,0.008,geometry_derived_engineering_estimate
P2000496,P2001050,0.054537839115333206,0.05,0.008,geometry_derived_engineering_estimate
P2000497,P2000498,0.0436974899160333,0.05,0.008,geometry_derived_engineering_estimate
P2000497,P2000499,0.06266573552738777,0.05,0.008,geometry_derived_engineering_estimate
P2000497,P2000654,0.1278065868179242,0.05,0.008,geometry_derived_engineering_estimate
P2000497,P2001041,0.15558138090755866,0.05,0.008,geometry_derived_engineering_estimate
P2000497,P2001052,0.05911902277561081,0.05,0.008,geometry_derived_engineering_estimate
P2000498,P2000499,0.03878809902340597,0.05,0.008,geometry_derived_engineering_estimate
P2000498,P2000654,0.1158876751638265,0.05,0.008,geometry_derived_engineering_estimate
P2000498,P2001041,0.14423705783123453,0.05,0.008,geometry_derived_engineering_estimate
P2000498,P2001052,0.04328635827624526,0.05,0.008,geometry_derived_engineering_estimate
P2000499,P2000654,0.12448385497063412,0.05,0.008,geometry_derived_engineering_estimate
P2000499,P2001052,0.05486613936052715,0.05,0.008,geometry_derived_engineering_estimate
P2000651,P2000052,0.35779879860570735,0.05,0.008,geometry_derived_engineering_estimate
P2000651,P2000109,0.3428863601563643,0.05,0.008,geometry_derived_engineering_estimate
P2000651,P2001049,0.03,0.05,0.008,geometry_derived_engineering_estimate
P2000652,P2001036,0.03,0.05,0.008,geometry_derived_engineering_estimate
P2000652,P2001050,0.07511520062500107,0.05,0.008,geometry_derived_engineering_estimate
P2000653,P2000055,0.3575359433105082,0.05,0.008,geometry_derived_engineering_estimate
P2000653,P2000117,0.3441910403128697,0.05,0.008,geometry_derived_engineering_estimate
P2000653,P2001051,0.03,0.05,0.008,geometry_derived_engineering_estimate
P2000654,P2001041,0.03,0.05,0.008,geometry_derived_engineering_estimate
P2000654,P2001052,0.07500513218241396,0.05,0.008,geometry_derived_engineering_estimate
P2000655,P2000663,0.08763799441890914,0.05,0.008,geometry_derived_engineering_estimate
P2000655,P2001053,0.03,0.05,0.008,geometry_derived_engineering_estimate
P2000656,P2000655,0.11366466356155112,0.05,0.008,geometry_derived_engineering_estimate
P2000656,P2000657,0.1137159219056713,0.05,0.008,geometry_derived_engineering_estimate
P2000656,P2001054,0.03,0.05,0.008,geometry_derived_engineering_estimate
P2000657,P2000655,0.114283150773625,0.05,0.008,geometry_derived_engineering_estimate
P2000657,P2001053,0.11394623846972188,0.05,0.008,geometry_derived_engineering_estimate
P2000657,P2001055,0.03,0.05,0.008,geometry_derived_engineering_estimate
P2000658,P2000664,0.0876311845912007,0.05,0.008,geometry_derived_engineering_estimate
P2000658,P2001056,0.03,0.05,0.008,geometry_derived_engineering_estimate
P2000659,P2000658,0.11366565448178276,0.05,0.008,geometry_derived_engineering_estimate
P2000659,P2001056,0.11364351744250743,0.05,0.008,geometry_derived_engineering_estimate
P2000659,P2001057,0.03,0.05,0.008,geometry_derived_engineering_estimate
P2000660,P2000659,0.11377040778567948,0.05,0.008,geometry_derived_engineering_estimate
P2000660,P2001056,0.1140029084775245,0.05,0.008,geometry_derived_engineering_estimate
P2000660,P2001058,0.03,0.05,0.008,geometry_derived_engineering_estimate
P2000661,P2000662,0.0318077603522214,0.08205544719585144,0.08,geometry_derived_engineering_estimate
P2000661,P2000665,0.34859369964323156,0.05,0.023216614555944814,geometry_derived_engineering_estimate
P2000661,P2000666,0.4282942425870695,0.05,0.008,geometry_derived_engineering_estimate
P2000661,P2000667,0.31509696671736825,0.05,0.030230795370032214,geometry_derived_engineering_estimate
P2000661,P2000672,0.07278291062789144,0.05,0.011621290286468395,geometry_derived_engineering_estimate
P2000662,P2000665,0.34726644417513575,0.05,0.023216614555944814,geometry_derived_engineering_estimate
P2000662,P2000666,0.42473371267516186,0.05,0.008,geometry_derived_engineering_estimate
P2000662,P2000667,0.31792846466443847,0.05,0.030230795370032214,geometry_derived_engineering_estimate
P2000662,P2000672,0.06322160430973531,0.05,0.011621290286468395,geometry_derived_engineering_estimate
P2000663,P2000107,0.10587118063674805,0.05,0.011041600039733743,geometry_derived_engineering_estimate
P2000663,P2001053,0.08456028581229624,0.05,0.008,geometry_derived_engineering_estimate
P2000664,P2000115,0.1058712455467325,0.05,0.01104153877751386,geometry_derived_engineering_estimate
P2000664,P2001056,0.08653330085276187,0.05,0.008,geometry_derived_engineering_estimate
P2000665,P2000666,0.08320003106190536,0.05,0.008,geometry_derived_engineering_estimate
P2000665,P2000667,0.05359982242188636,0.05,0.023216614555944814,geometry_derived_engineering_estimate
P2000666,P2000667,0.13257437306822156,0.05,0.008,geometry_derived_engineering_estimate
P2000668,P2000669,0.08445257210267978,0.05,0.008,geometry_derived_engineering_estimate
P2000668,P2000682,0.08670610841268882,0.05,0.008,geometry_derived_engineering_estimate
P2000668,P2001064,0.08830139225523395,0.05,0.008,geometry_derived_engineering_estimate
P2000669,P2000673,0.03,0.05,0.008,geometry_derived_engineering_estimate
P2000669,P2000674,0.030651870107860534,0.05,0.008,geometry_derived_engineering_estimate
P2000669,P2000682,0.03,0.05,0.008,geometry_derived_engineering_estimate
P2000669,P2001064,0.0315711437233546,0.05,0.008,geometry_derived_engineering_estimate
P2000670,P2000671,0.08439833302128028,0.05,0.008,geometry_derived_engineering_estimate
P2000670,P2000679,0.08671095305839752,0.05,0.008,geometry_derived_engineering_estimate
P2000670,P2001061,0.08830610892820552,0.05,0.008,geometry_derived_engineering_estimate
P2000671,P2000675,0.030708466832006436,0.05,0.008,geometry_derived_engineering_estimate
P2000671,P2000676,0.03,0.05,0.008,geometry_derived_engineering_estimate
P2000671,P2000679,0.03,0.05,0.008,geometry_derived_engineering_estimate
P2000671,P2001061,0.03152948804361606,0.05,0.008,geometry_derived_engineering_estimate
P2000672,P2000665,0.4103649692691224,0.05,0.011621290286468395,geometry_derived_engineering_estimate
P2000672,P2000666,0.48736231881964237,0.05,0.008,geometry_derived_engineering_estimate
P2000672,P2000667,0.38103079423803793,0.05,0.011621290286468395,geometry_derived_engineering_estimate
P2000673,P2000674,0.03,0.05,0.008,geometry_derived_engineering_estimate
P2000673,P2000680,0.030777640329687467,0.05,0.008,geometry_derived_engineering_estimate
P2000673,P2000681,0.047649674493077894,0.05,0.008,geometry_derived_engineering_estimate
P2000673,P2001062,0.032695690102569445,0.05,0.008,geometry_derived_engineering_estimate
P2000674,P2000680,0.03146738316665194,0.05,0.008,geometry_derived_engineering_estimate
P2000674,P2000681,0.04702085024648145,0.05,0.008,geometry_derived_engineering_estimate
P2000674,P2001062,0.033191710141891394,0.05,0.008,geometry_derived_engineering_estimate
P2000675,P2000676,0.03,0.05,0.008,geometry_derived_engineering_estimate
P2000675,P2000677,0.0314673910488986,0.05,0.008,geometry_derived_engineering_estimate
P2000675,P2000678,0.0470430214649962,0.05,0.008,geometry_derived_engineering_estimate
P2000675,P2001059,0.034010283374787925,0.05,0.008,geometry_derived_engineering_estimate
P2000676,P2000677,0.03077763629895995,0.05,0.008,geometry_derived_engineering_estimate
P2000676,P2000678,0.04767628908923645,0.05,0.008,geometry_derived_engineering_estimate
P2000676,P2001059,0.03356310704783558,0.05,0.008,geometry_derived_engineering_estimate
P2000677,P2000671,0.058024306098307284,0.05,0.008,geometry_derived_engineering_estimate
P2000677,P2000678,0.07532931714099737,0.05,0.008,geometry_derived_engineering_estimate
P2000677,P2001059,0.03,0.05,0.008,geometry_derived_engineering_estimate
P2000678,P2000671,0.044637696729785355,0.05,0.008,geometry_derived_engineering_estimate
P2000678,P2001060,0.03,0.05,0.008,geometry_derived_engineering_estimate
P2000679,P2001060,0.050588359162855735,0.05,0.008,geometry_derived_engineering_estimate
P2000679,P2001061,0.03,0.05,0.008,geometry_derived_engineering_estimate
P2000680,P2000669,0.0579798386348106,0.05,0.008,geometry_derived_engineering_estimate
P2000680,P2000681,0.07528378304088512,0.05,0.008,geometry_derived_engineering_estimate
P2000680,P2001062,0.03,0.05,0.008,geometry_derived_engineering_estimate
P2000681,P2000669,0.04460485156064142,0.05,0.008,geometry_derived_engineering_estimate
P2000681,P2001063,0.03,0.05,0.008,geometry_derived_engineering_estimate
P2000682,P2001063,0.050588499781292866,0.05,0.008,geometry_derived_engineering_estimate
P2000682,P2001064,0.03,0.05,0.008,geometry_derived_engineering_estimate
P2000687,P2000691,0.1252068654142375,0.05,0.02270048074780089,geometry_derived_engineering_estimate
P2000687,P2000716,0.1258167430893599,0.05,0.018729384480019092,geometry_derived_engineering_estimate
P2000687,P2000717,0.10649837876682548,0.05,0.015272877382503396,geometry_derived_engineering_estimate
P2000687,P2000718,0.10660730277408213,0.05,0.0110881311415661,geometry_derived_engineering_estimate
P2000687,P2000719,0.06219605507001945,0.05,0.008,geometry_derived_engineering_estimate
P2000688,P2000693,0.08999179320558254,0.05,0.0103084691547759,geometry_derived_engineering_estimate
P2000688,P2000697,0.0494540417105823,0.05,0.008,geometry_derived_engineering_estimate
P2000688,P2000704,0.12951518699944004,0.05,0.008,geometry_derived_engineering_estimate
P2000688,P2000724,0.11096892597119826,0.05,0.008,geometry_derived_engineering_estimate
P2000689,P2000687,0.16129428315380803,0.05,0.06694456886115348,geometry_derived_engineering_estimate
P2000689,P2000691,0.18733283481619978,0.05,0.02270048074780089,geometry_derived_engineering_estimate
P2000689,P2000692,0.12663221889887855,0.05,0.009458568411398152,geometry_derived_engineering_estimate
P2000689,P2000707,0.14582181527537602,0.05,0.008,geometry_derived_engineering_estimate
P2000689,P2000719,0.13855660559464947,0.05,0.008,geometry_derived_engineering_estimate
P2000690,P2000687,0.18879947767692154,0.05,0.008,geometry_derived_engineering_estimate
P2000690,P2000691,0.15098661806037256,0.05,0.008,geometry_derived_engineering_estimate
P2000690,P2000717,0.2252587386459954,0.05,0.008,geometry_derived_engineering_estimate
P2000690,P2000718,0.10694040758534352,0.05,0.008,geometry_derived_engineering_estimate
P2000690,P2000719,0.21294726057220395,0.05,0.008,geometry_derived_engineering_estimate
P2000691,P2000692,0.15412360275155834,0.05,0.009458568411398152,geometry_derived_engineering_estimate
P2000691,P2000718,0.07025157887332571,0.05,0.0110881311415661,geometry_derived_engineering_estimate
P2000691,P2000719,0.15189272256422656,0.05,0.008,geometry_derived_engineering_estimate
P2000692,P2000687,0.18855724898348222,0.05,0.009458568411398152,geometry_derived_engineering_estimate
P2000692,P2000719,0.20548137826215876,0.05,0.008,geometry_derived_engineering_estimate
P2000692,P2000725,0.18672709062964107,0.05,0.00861046156485063,geometry_derived_engineering_estimate
P2000693,P2000704,0.06811716388467176,0.05,0.008,geometry_derived_engineering_estimate
P2000693,P2000711,0.07745132928152,0.05,0.008,geometry_derived_engineering_estimate
P2000693,P2000723,0.08561982459514869,0.05,0.008,geometry_derived_engineering_estimate
P2000693,P2000724,0.06589537883422938,0.05,0.008,geometry_derived_engineering_estimate
P2000694,P2000192,0.20859683011525537,0.05,0.008,geometry_derived_engineering_estimate
P2000694,P2000197,0.2042881746511642,0.05,0.008070156649102166,geometry_derived_engineering_estimate
P2000694,P2000706,0.20424196815536846,0.05,0.008,geometry_derived_engineering_estimate
P2000694,P2000725,0.11220280621590942,0.05,0.00861046156485063,geometry_derived_engineering_estimate
P2000695,P2000696,0.04958471722751105,0.05,0.008,geometry_derived_engineering_estimate
P2000695,P2000698,0.059045343858348,0.05,0.012688657602084047,geometry_derived_engineering_estimate
P2000695,P2000709,0.06522094846577405,0.05,0.008,geometry_derived_engineering_estimate
P2000695,P2000721,0.07445151885634033,0.05,0.008,geometry_derived_engineering_estimate
P2000696,P2000708,0.06333362371923561,0.05,0.008,geometry_derived_engineering_estimate
P2000696,P2000709,0.03,0.05,0.008,geometry_derived_engineering_estimate
P2000696,P2000721,0.03,0.05,0.008,geometry_derived_engineering_estimate
P2000696,P2000765,0.08803299074448694,0.05,0.008,geometry_derived_engineering_estimate
P2000697,P2000693,0.13341614293253218,0.05,0.008,geometry_derived_engineering_estimate
P2000698,P2000696,0.1035927201512736,0.05,0.008,geometry_derived_engineering_estimate
P2000698,P2000709,0.11956708000452868,0.05,0.008,geometry_derived_engineering_estimate
P2000698,P2000713,0.07034233478557106,0.05,0.009966092558589889,geometry_derived_engineering_estimate
P2000699,P2000131,0.44578107512999327,0.05,0.02321532184800926,geometry_derived_engineering_estimate
P2000699,P2000368,0.470503305141815,0.05,0.014905329208276571,geometry_derived_engineering_estimate
P2000699,P2000701,0.48429462947359114,0.05,0.014699781071332487,geometry_derived_engineering_estimate
P2000699,P2000702,0.41814172717524223,0.05,0.02321532184800926,geometry_derived_engineering_estimate
P2000699,P2000712,0.4269399964184435,0.05,0.02321532184800926,geometry_derived_engineering_estimate
P2000700,P2000714,0.11821020782582523,0.05,0.008,geometry_derived_engineering_estimate
P2000700,P2000715,0.09792013106792481,0.05,0.008,geometry_derived_engineering_estimate
P2000701,P2000195,0.1667489517408371,0.05,0.008,geometry_derived_engineering_estimate
P2000701,P2000199,0.12542549947476328,0.05,0.014699781071332487,geometry_derived_engineering_estimate
P2000701,P2000776,0.07312883771956968,0.05,0.012305817724350607,geometry_derived_engineering_estimate
P2000701,P2000777,0.13872626343333683,0.05,0.014699781071332487,geometry_derived_engineering_estimate
P2000702,P2000707,0.25771748008783385,0.05,0.008,geometry_derived_engineering_estimate
P2000702,P2000712,0.06704047318094607,0.05,0.02354526511255699,geometry_derived_engineering_estimate
P2000702,P2000716,0.24684671445291126,0.05,0.018729384480019092,geometry_derived_engineering_estimate
P2000702,P2000717,0.270427140436,0.05,0.015272877382503396,geometry_derived_engineering_estimate
P2000702,P2000719,0.32029545942446636,0.05,0.008,geometry_derived_engineering_estimate
P2000703,P2000705,0.07469514635047651,0.05,0.014735406883863475,geometry_derived_engineering_estimate
P2000703,P2000790,0.12043655163714494,0.05,0.008,geometry_derived_engineering_estimate
P2000703,P2000791,0.13157412663175977,0.05,0.008,geometry_derived_engineering_estimate
P2000703,P2001065,0.06926477336887228,0.05,0.008,geometry_derived_engineering_estimate
P2000703,P2001072,0.10531578194959239,0.05,0.008,geometry_derived_engineering_estimate
P2000704,P2000710,0.05643431292606315,0.05,0.008,geometry_derived_engineering_estimate
P2000704,P2000711,0.03,0.05,0.008,geometry_derived_engineering_estimate
P2000704,P2000723,0.03,0.05,0.008,geometry_derived_engineering_estimate
P2000704,P2000724,0.0586089677412661,0.05,0.008,geometry_derived_engineering_estimate
P2000705,P2000706,0.15586978113066,0.05,0.008,geometry_derived_engineering_estimate
P2000705,P2001065,0.07333654176901981,0.05,0.008,geometry_derived_engineering_estimate
P2000706,P2000197,0.10581914736850637,0.05,0.008,geometry_derived_engineering_estimate
P2000706,P2000792,0.1439713944682168,0.05,0.008,geometry_derived_engineering_estimate
P2000706,P2001071,0.11911960293752355,0.05,0.008,geometry_derived_engineering_estimate
P2000707,P2000687,0.20786194205994032,0.05,0.008,geometry_derived_engineering_estimate
P2000707,P2000716,0.1810210098694859,0.05,0.008,geometry_derived_engineering_estimate
P2000707,P2000717,0.1952876581305539,0.05,0.008,geometry_derived_engineering_estimate
P2000707,P2000719,0.17769634442423912,0.05,0.008,geometry_derived_engineering_estimate
P2000708,P2000709,0.051078862881239445,0.05,0.008,geometry_derived_engineering_estimate
P2000708,P2000721,0.045567310217306874,0.05,0.008,geometry_derived_engineering_estimate
P2000708,P2000765,0.03,0.05,0.008,geometry_derived_engineering_estimate
P2000708,P2001067,0.03,0.05,0.008,geometry_derived_engineering_estimate
P2000709,P2000721,0.03,0.05,0.008,geometry_derived_engineering_estimate
P2000709,P2000765,0.07495442325538738,0.05,0.008,geometry_derived_engineering_estimate
P2000710,P2000711,0.04533757477494134,0.05,0.008,geometry_derived_engineering_estimate
P2000710,P2000723,0.04077626544381239,0.05,0.008,geometry_derived_engineering_estimate
P2000710,P2000766,0.03,0.05,0.008,geometry_derived_engineering_estimate
P2000710,P2001068,0.03,0.05,0.008,geometry_derived_engineering_estimate
P2000711,P2000723,0.03,0.05,0.008,geometry_derived_engineering_estimate
P2000711,P2000724,0.052478825841571444,0.05,0.008,geometry_derived_engineering_estimate
P2000711,P2001068,0.06103973419160395,0.05,0.008,geometry_derived_engineering_estimate
P2000712,P2000707,0.273837237449671,0.05,0.008,geometry_derived_engineering_estimate
P2000712,P2000716,0.24047467082457388,0.05,0.018729384480019092,geometry_derived_engineering_estimate
P2000712,P2000717,0.288481087247828,0.05,0.015272877382503396,geometry_derived_engineering_estimate
P2000712,P2000719,0.33703627737812863,0.05,0.008,geometry_derived_engineering_estimate
P2000713,P2000695,0.07679156028918183,0.05,0.009966092558589889,geometry_derived_engineering_estimate
P2000713,P2000696,0.09134765273311668,0.05,0.008,geometry_derived_engineering_estimate
P2000713,P2000709,0.1063286586119565,0.05,0.008,geometry_derived_engineering_estimate
P2000714,P2000703,0.13739355145752524,0.05,0.008,geometry_derived_engineering_estimate
P2000714,P2000715,0.06167059891460395,0.05,0.008,geometry_derived_engineering_estimate
P2000714,P2000790,0.14870691816920656,0.05,0.008,geometry_derived_engineering_estimate
P2000714,P2001072,0.13992295277415887,0.05,0.008,geometry_derived_engineering_estimate
P2000715,P2000790,0.10478635375949102,0.05,0.008,geometry_derived_engineering_estimate
P2000715,P2000791,0.11348080703629554,0.05,0.008,geometry_derived_engineering_estimate
P2000715,P2001072,0.1010038115604887,0.05,0.008,geometry_derived_engineering_estimate
P2000716,P2000717,0.1060713838020262,0.05,0.015272877382503396,geometry_derived_engineering_estimate
P2000716,P2000718,0.22115840353581434,0.05,0.0110881311415661,geometry_derived_engineering_estimate
P2000716,P2000719,0.13093205019565748,0.05,0.008,geometry_derived_engineering_estimate
P2000717,P2000718,0.16067316395315376,0.05,0.0110881311415661,geometry_derived_engineering_estimate
P2000717,P2000719,0.0703475365592338,0.05,0.008,geometry_derived_engineering_estimate
P2000718,P2000719,0.12226234237360376,0.05,0.008,geometry_derived_engineering_estimate
P2000721,P2000765,0.06829100588224858,0.05,0.008,geometry_derived_engineering_estimate
P2000721,P2001067,0.06956566283008009,0.05,0.008,geometry_derived_engineering_estimate
P2000723,P2000724,0.05397351893681246,0.05,0.008,geometry_derived_engineering_estimate
P2000723,P2001068,0.05583517938043693,0.05,0.008,geometry_derived_engineering_estimate
P2000724,P2000710,0.067535955050373,0.05,0.008,geometry_derived_engineering_estimate
P2000725,P2000193,0.19956175964203163,0.05,0.00861046156485063,geometry_derived_engineering_estimate
P2000725,P2000439,0.16770605868433824,0.05,0.008,geometry_derived_engineering_estimate
P2000726,P2000730,0.1252068667853261,0.05,0.02270048050964432,geometry_derived_engineering_estimate
P2000726,P2000755,0.12581674792209707,0.05,0.018729385690725207,geometry_derived_engineering_estimate
P2000726,P2000756,0.10649845536813143,0.05,0.015272877262782567,geometry_derived_engineering_estimate
P2000726,P2000757,0.10660737916807811,0.05,0.01108813166987593,geometry_derived_engineering_estimate
P2000726,P2000758,0.06219608263845317,0.05,0.008,geometry_derived_engineering_estimate
P2000727,P2000732,0.08999204709045772,0.05,0.010308469154775898,geometry_derived_engineering_estimate
P2000727,P2000736,0.04945389369852607,0.05,0.008,geometry_derived_engineering_estimate
P2000727,P2000743,0.1295153687180169,0.05,0.008,geometry_derived_engineering_estimate
P2000727,P2000763,0.1109691083827711,0.05,0.008,geometry_derived_engineering_estimate
P2000728,P2000726,0.16129424310139828,0.05,0.06694457736574819,geometry_derived_engineering_estimate
P2000728,P2000730,0.18733290937041763,0.05,0.02270048050964432,geometry_derived_engineering_estimate
P2000728,P2000731,0.1266321943754304,0.05,0.009458569118122187,geometry_derived_engineering_estimate
P2000728,P2000746,0.14582180747780624,0.05,0.008,geometry_derived_engineering_estimate
P2000728,P2000758,0.13855670053809183,0.05,0.008,geometry_derived_engineering_estimate
P2000729,P2000726,0.18879959518427417,0.05,0.008,geometry_derived_engineering_estimate
P2000729,P2000730,0.1509866073554393,0.05,0.008,geometry_derived_engineering_estimate
P2000729,P2000756,0.2252587286982622,0.05,0.008,geometry_derived_engineering_estimate
P2000729,P2000757,0.10694042604251495,0.05,0.008,geometry_derived_engineering_estimate
P2000729,P2000758,0.21294726057220237,0.05,0.008,geometry_derived_engineering_estimate
P2000730,P2000731,0.1541236240510631,0.05,0.009458569118122187,geometry_derived_engineering_estimate
P2000730,P2000757,0.07025156664866214,0.05,0.01108813166987593,geometry_derived_engineering_estimate
P2000730,P2000758,0.1518927330921152,0.05,0.008,geometry_derived_engineering_estimate
P2000731,P2000726,0.18855715719965513,0.05,0.009458569118122187,geometry_derived_engineering_estimate
P2000731,P2000758,0.20548141214601534,0.05,0.008,geometry_derived_engineering_estimate
P2000731,P2000764,0.18672717868728034,0.05,0.008610462202522073,geometry_derived_engineering_estimate
P2000732,P2000743,0.06811716388467136,0.05,0.008,geometry_derived_engineering_estimate
P2000732,P2000750,0.07745133674617379,0.05,0.008,geometry_derived_engineering_estimate
P2000732,P2000762,0.0856198257336053,0.05,0.008,geometry_derived_engineering_estimate
P2000732,P2000763,0.06589530418771063,0.05,0.008,geometry_derived_engineering_estimate
P2000733,P2000202,0.20859688267009727,0.05,0.008,geometry_derived_engineering_estimate
P2000733,P2000207,0.20428747798067864,0.05,0.008070151544953549,geometry_derived_engineering_estimate
P2000733,P2000745,0.20424200191778588,0.05,0.008,geometry_derived_engineering_estimate
P2000733,P2000764,0.11220270500509334,0.05,0.008610462202522073,geometry_derived_engineering_estimate
P2000734,P2000735,0.04958471722751134,0.05,0.008,geometry_derived_engineering_estimate
P2000734,P2000737,0.05904534385835003,0.05,0.012688657602084047,geometry_derived_engineering_estimate
P2000734,P2000748,0.06522093635059875,0.05,0.008,geometry_derived_engineering_estimate
P2000734,P2000760,0.07445149646064193,0.05,0.008,geometry_derived_engineering_estimate
P2000735,P2000747,0.06333365918122402,0.05,0.008,geometry_derived_engineering_estimate
P2000735,P2000748,0.03,0.05,0.008,geometry_derived_engineering_estimate
P2000735,P2000760,0.03,0.05,0.008,geometry_derived_engineering_estimate
P2000735,P2000767,0.08803649873532084,0.05,0.008,geometry_derived_engineering_estimate
P2000736,P2000732,0.13341614293253193,0.05,0.008,geometry_derived_engineering_estimate
P2000737,P2000735,0.10359272015127545,0.05,0.008,geometry_derived_engineering_estimate
P2000737,P2000748,0.11956706789491707,0.05,0.008,geometry_derived_engineering_estimate
P2000737,P2000752,0.07034233478557012,0.05,0.009966092558589887,geometry_derived_engineering_estimate
P2000738,P2000145,0.44579274845296357,0.05,0.02321532451249901,geometry_derived_engineering_estimate
P2000738,P2000371,0.4705072721974248,0.05,0.014905643600888432,geometry_derived_engineering_estimate
P2000738,P2000740,0.4842947520180854,0.05,0.014699781991150134,geometry_derived_engineering_estimate
P2000738,P2000741,0.41814172196790905,0.05,0.02321532451249901,geometry_derived_engineering_estimate
P2000738,P2000751,0.4269399807106675,0.05,0.02321532451249901,geometry_derived_engineering_estimate
P2000739,P2000753,0.11821027720769657,0.05,0.008,geometry_derived_engineering_estimate
P2000739,P2000754,0.0979201368636155,0.05,0.008,geometry_derived_engineering_estimate
P2000740,P2000205,0.16674897347830303,0.05,0.008,geometry_derived_engineering_estimate
P2000740,P2000209,0.12542548001099713,0.05,0.014699781991150134,geometry_derived_engineering_estimate
P2000740,P2000812,0.07312910153780498,0.05,0.012305854867454176,geometry_derived_engineering_estimate
P2000740,P2000813,0.1387262532716026,0.05,0.014699781991150134,geometry_derived_engineering_estimate
P2000741,P2000746,0.25771746123990913,0.05,0.008,geometry_derived_engineering_estimate
P2000741,P2000751,0.06704048209320866,0.05,0.023545266206178563,geometry_derived_engineering_estimate
P2000741,P2000755,0.2468467166045837,0.05,0.018729385690725207,geometry_derived_engineering_estimate
P2000741,P2000756,0.2704271580525459,0.05,0.015272877262782567,geometry_derived_engineering_estimate
P2000741,P2000758,0.320295460588312,0.05,0.008,geometry_derived_engineering_estimate
P2000742,P2000744,0.07469516166576293,0.05,0.014735417166558176,geometry_derived_engineering_estimate
P2000742,P2000753,0.1373935888676879,0.05,0.008,geometry_derived_engineering_estimate
P2000742,P2000826,0.12043795519918755,0.05,0.008,geometry_derived_engineering_estimate
P2000742,P2000827,0.13157423623324574,0.05,0.008,geometry_derived_engineering_estimate
P2000742,P2001066,0.06926480579036572,0.05,0.008,geometry_derived_engineering_estimate
P2000743,P2000749,0.056434737314421585,0.05,0.008,geometry_derived_engineering_estimate
P2000743,P2000750,0.03,0.05,0.008,geometry_derived_engineering_estimate
P2000743,P2000762,0.03,0.05,0.008,geometry_derived_engineering_estimate
P2000743,P2000763,0.05860867115476214,0.05,0.008,geometry_derived_engineering_estimate
P2000744,P2000745,0.15586974245143087,0.05,0.008,geometry_derived_engineering_estimate
P2000744,P2001066,0.0733367253143279,0.05,0.008,geometry_derived_engineering_estimate
P2000745,P2000207,0.10581902896325401,0.05,0.008,geometry_derived_engineering_estimate
P2000745,P2000828,0.1439716035318042,0.05,0.008,geometry_derived_engineering_estimate
P2000745,P2001074,0.1191198110472963,0.05,0.008,geometry_derived_engineering_estimate
P2000746,P2000726,0.20786183728763355,0.05,0.008,geometry_derived_engineering_estimate
P2000746,P2000755,0.18102094949760406,0.05,0.008,geometry_derived_engineering_estimate
P2000746,P2000756,0.1952876598462888,0.05,0.008,geometry_derived_engineering_estimate
P2000746,P2000758,0.17769633805534005,0.05,0.008,geometry_derived_engineering_estimate
P2000747,P2000748,0.051078896744241875,0.05,0.008,geometry_derived_engineering_estimate
P2000747,P2000760,0.04556735804628725,0.05,0.008,geometry_derived_engineering_estimate
P2000747,P2000767,0.03,0.05,0.008,geometry_derived_engineering_estimate
P2000747,P2001069,0.03,0.05,0.008,geometry_derived_engineering_estimate
P2000748,P2000760,0.03,0.05,0.008,geometry_derived_engineering_estimate
P2000748,P2000767,0.0749576895680476,0.05,0.008,geometry_derived_engineering_estimate
P2000749,P2000750,0.0453379518174179,0.05,0.008,geometry_derived_engineering_estimate
P2000749,P2000762,0.04077657818055509,0.05,0.008,geometry_derived_engineering_estimate
P2000749,P2000768,0.03,0.05,0.008,geometry_derived_engineering_estimate
P2000749,P2001070,0.03,0.05,0.008,geometry_derived_engineering_estimate
P2000750,P2000762,0.03,0.05,0.008,geometry_derived_engineering_estimate
P2000750,P2000763,0.05247854370422346,0.05,0.008,geometry_derived_engineering_estimate
P2000750,P2001070,0.0610396949403167,0.05,0.008,geometry_derived_engineering_estimate
P2000751,P2000746,0.2738371841708447,0.05,0.008,geometry_derived_engineering_estimate
P2000751,P2000755,0.24047467504273282,0.05,0.018729385690725207,geometry_derived_engineering_estimate
P2000751,P2000756,0.28848112440241397,0.05,0.015272877262782567,geometry_derived_engineering_estimate
P2000751,P2000758,0.3370362862535942,0.05,0.008,geometry_derived_engineering_estimate
P2000752,P2000734,0.07679156028918449,0.05,0.009966092558589887,geometry_derived_engineering_estimate
P2000752,P2000735,0.09134765273311961,0.05,0.008,geometry_derived_engineering_estimate
P2000752,P2000748,0.1063286596248316,0.05,0.008,geometry_derived_engineering_estimate
P2000753,P2000754,0.061670798643504415,0.05,0.008,geometry_derived_engineering_estimate
P2000753,P2000826,0.14870667704729204,0.05,0.008,geometry_derived_engineering_estimate
P2000753,P2000827,0.15615279576619942,0.05,0.008,geometry_derived_engineering_estimate
P2000754,P2000204,0.12639135803755935,0.05,0.008,geometry_derived_engineering_estimate
P2000754,P2000826,0.10478535399700346,0.05,0.008,geometry_derived_engineering_estimate
P2000754,P2000827,0.11348085227898529,0.05,0.008,geometry_derived_engineering_estimate
P2000755,P2000756,0.1060714380915615,0.05,0.015272877262782567,geometry_derived_engineering_estimate
P2000755,P2000757,0.22115842279789863,0.05,0.01108813166987593,geometry_derived_engineering_estimate
P2000755,P2000758,0.13093206690568043,0.05,0.008,geometry_derived_engineering_estimate
P2000756,P2000757,0.16067315394506135,0.05,0.01108813166987593,geometry_derived_engineering_estimate
P2000756,P2000758,0.07034753261040258,0.05,0.008,geometry_derived_engineering_estimate
P2000757,P2000758,0.1222623329545762,0.05,0.008,geometry_derived_engineering_estimate
P2000760,P2000767,0.06829398942846819,0.05,0.008,geometry_derived_engineering_estimate
P2000760,P2001069,0.06956562272374779,0.05,0.008,geometry_derived_engineering_estimate
P2000762,P2000763,0.05397325089125476,0.05,0.008,geometry_derived_engineering_estimate
P2000762,P2001070,0.05583515529635071,0.05,0.008,geometry_derived_engineering_estimate
P2000763,P2000749,0.06753612874138343,0.05,0.008,geometry_derived_engineering_estimate
P2000764,P2000203,0.19956144972987716,0.05,0.008610462202522073,geometry_derived_engineering_estimate
P2000764,P2000445,0.16770674694597631,0.05,0.008,geometry_derived_engineering_estimate
P2000765,P2001067,0.03,0.05,0.008,geometry_derived_engineering_estimate
P2000766,P2000704,0.07410551217148498,0.05,0.008,geometry_derived_engineering_estimate
P2000766,P2000711,0.061732489974910286,0.05,0.008,geometry_derived_engineering_estimate
P2000766,P2000723,0.0558798029429226,0.05,0.008,geometry_derived_engineering_estimate
P2000766,P2001068,0.03,0.05,0.008,geometry_derived_engineering_estimate
P2000767,P2001069,0.03,0.05,0.008,geometry_derived_engineering_estimate
P2000768,P2000743,0.07410300445799511,0.05,0.008,geometry_derived_engineering_estimate
P2000768,P2000750,0.06173030990668843,0.05,0.008,geometry_derived_engineering_estimate
P2000768,P2000762,0.05587821785530893,0.05,0.008,geometry_derived_engineering_estimate
P2000768,P2001070,0.03,0.05,0.008,geometry_derived_engineering_estimate
P2000770,P2000784,0.1273376020259428,0.05,0.012799974209359813,geometry_derived_engineering_estimate
P2000770,P2000785,0.07981899578694333,0.05,0.016145691347657906,geometry_derived_engineering_estimate
P2000770,P2000795,0.04290778997172854,0.05,0.01044058021233981,geometry_derived_engineering_estimate
P2000770,P2000798,0.09031106658967518,0.05,0.008283741309630593,geometry_derived_engineering_estimate
P2000770,P2000803,0.08623434721379948,0.05,0.008,geometry_derived_engineering_estimate
P2000771,P2000773,0.07426120272727378,0.05,0.009702320586373794,geometry_derived_engineering_estimate
P2000771,P2000792,0.07809864032818217,0.05,0.008,geometry_derived_engineering_estimate
P2000771,P2000793,0.08335348377074953,0.05,0.008,geometry_derived_engineering_estimate
P2000771,P2000796,0.06369694772771216,0.05,0.008,geometry_derived_engineering_estimate
P2000771,P2001071,0.09661077167473857,0.05,0.008,geometry_derived_engineering_estimate
P2000772,P2000770,0.15704959973950677,0.05,0.059994750025244,geometry_derived_engineering_estimate
P2000772,P2000795,0.1694025928567221,0.05,0.01044058021233981,geometry_derived_engineering_estimate
P2000772,P2000797,0.13706799451549698,0.05,0.008,geometry_derived_engineering_estimate
P2000772,P2000798,0.11168773565860604,0.05,0.008283741309630593,geometry_derived_engineering_estimate
P2000772,P2000803,0.11334026992002351,0.05,0.008,geometry_derived_engineering_estimate
P2000773,P2000792,0.09739314339464376,0.05,0.008,geometry_derived_engineering_estimate
P2000773,P2000793,0.06589267186111,0.05,0.008,geometry_derived_engineering_estimate
P2000773,P2000796,0.04632550780386898,0.05,0.008,geometry_derived_engineering_estimate
P2000773,P2000804,0.10397594601515027,0.05,0.008,geometry_derived_engineering_estimate
P2000774,P2000786,0.156695494799296,0.05,0.011680312844368672,geometry_derived_engineering_estimate
P2000774,P2000787,0.15078674793136515,0.05,0.011073584881662709,geometry_derived_engineering_estimate
P2000774,P2000788,0.10434732520543777,0.05,0.009836443944127643,geometry_derived_engineering_estimate
P2000774,P2000789,0.09642543052797803,0.05,0.010554189390852627,geometry_derived_engineering_estimate
P2000774,P2000795,0.1913690219269188,0.05,0.01044058021233981,geometry_derived_engineering_estimate
P2000775,P2000253,0.17496621862017633,0.05,0.008,geometry_derived_engineering_estimate
P2000775,P2000787,0.19777755942760483,0.05,0.008,geometry_derived_engineering_estimate
P2000775,P2000788,0.17455357384824843,0.05,0.008,geometry_derived_engineering_estimate
P2000775,P2000789,0.1751796516462161,0.05,0.008,geometry_derived_engineering_estimate
P2000776,P2000199,0.13200523094384392,0.05,0.012305817724350607,geometry_derived_engineering_estimate
P2000776,P2000777,0.10321767814852488,0.05,0.012305817724350607,geometry_derived_engineering_estimate
P2000778,P2000195,0.4071578044872727,0.05,0.008,geometry_derived_engineering_estimate
P2000778,P2000367,0.42382338418779575,0.05,0.018504314894347992,geometry_derived_engineering_estimate
P2000778,P2000369,0.2951404849376111,0.05,0.018504314894347992,geometry_derived_engineering_estimate
P2000778,P2000373,0.39144411190868017,0.05,0.008,geometry_derived_engineering_estimate
P2000778,P2000780,0.4298488065448168,0.05,0.018504314894347992,geometry_derived_engineering_estimate
P2000779,P2000309,0.27234071333805415,0.05,0.013844038393706681,geometry_derived_engineering_estimate
P2000780,P2000784,0.2696118874103143,0.05,0.012799974209359813,geometry_derived_engineering_estimate
P2000780,P2000794,0.08125851883699446,0.05,0.020269285270791908,geometry_derived_engineering_estimate
P2000780,P2000797,0.22555377754644673,0.05,0.008,geometry_derived_engineering_estimate
P2000780,P2000798,0.28799651260977766,0.05,0.008283741309630593,geometry_derived_engineering_estimate
P2000781,P2000310,0.2690595970259632,0.05,0.01161732415580156,geometry_derived_engineering_estimate
P2000781,P2001073,0.07825580769073492,0.05,0.008,geometry_derived_engineering_estimate
P2000782,P2000715,0.13479024668748565,0.05,0.008,geometry_derived_engineering_estimate
P2000782,P2000783,0.0509562971944412,0.05,0.008,geometry_derived_engineering_estimate
P2000782,P2000790,0.045586159258157705,0.05,0.008,geometry_derived_engineering_estimate
P2000782,P2000791,0.030147934040211925,0.05,0.008,geometry_derived_engineering_estimate
P2000782,P2001072,0.061941163529481265,0.05,0.008,geometry_derived_engineering_estimate
P2000783,P2000703,0.14529931536272978,0.05,0.011716680768131616,geometry_derived_engineering_estimate
P2000783,P2000790,0.05875252315880187,0.05,0.008,geometry_derived_engineering_estimate
P2000783,P2000791,0.06681059978558057,0.05,0.008,geometry_derived_engineering_estimate
P2000783,P2001072,0.06654696673868374,0.05,0.008,geometry_derived_engineering_estimate
P2000784,P2000785,0.1025012851428455,0.05,0.012799974209359813,geometry_derived_engineering_estimate
P2000784,P2000798,0.10244436773160041,0.05,0.008283741309630593,geometry_derived_engineering_estimate
P2000784,P2000803,0.09984685203685596,0.05,0.008,geometry_derived_engineering_estimate
P2000785,P2000795,0.113714217802076,0.05,0.01044058021233981,geometry_derived_engineering_estimate
P2000785,P2000798,0.08062985281696257,0.05,0.008283741309630593,geometry_derived_engineering_estimate
P2000785,P2000803,0.08018539514985148,0.05,0.008,geometry_derived_engineering_estimate
P2000786,P2000787,0.03,0.05,0.011073584881662709,geometry_derived_engineering_estimate
P2000786,P2000788,0.06627115423751817,0.05,0.009836443944127643,geometry_derived_engineering_estimate
P2000786,P2000789,0.07554534378608765,0.05,0.010554189390852627,geometry_derived_engineering_estimate
P2000787,P2000788,0.0597663112181105,0.05,0.009836443944127643,geometry_derived_engineering_estimate
P2000787,P2000789,0.06901055813336375,0.05,0.010554189390852627,geometry_derived_engineering_estimate
P2000788,P2000789,0.03,0.05,0.009836443944127643,geometry_derived_engineering_estimate
P2000790,P2000791,0.03583311837142902,0.050232859483287456,0.008,geometry_derived_engineering_estimate
P2000790,P2001072,0.03,0.05,0.008,geometry_derived_engineering_estimate
P2000791,P2001072,0.04829683712271746,0.05,0.008,geometry_derived_engineering_estimate
P2000792,P2000793,0.042663107600049426,0.05,0.008,geometry_derived_engineering_estimate
P2000792,P2000796,0.053819591307699255,0.05,0.008,geometry_derived_engineering_estimate
P2000792,P2000804,0.05084835206611296,0.05,0.008,geometry_derived_engineering_estimate
P2000792,P2001071,0.03,0.05,0.008,geometry_derived_engineering_estimate
P2000793,P2000796,0.03,0.05,0.008,geometry_derived_engineering_estimate
P2000793,P2000804,0.045765704482105894,0.05,0.008,geometry_derived_engineering_estimate
P2000793,P2001071,0.06725999404972924,0.05,0.008,geometry_derived_engineering_estimate
P2000794,P2000784,0.2526937949124018,0.05,0.012799974209359813,geometry_derived_engineering_estimate
P2000794,P2000785,0.27227220416383896,0.05,0.016145691347657906,geometry_derived_engineering_estimate
P2000794,P2000797,0.24825813056748466,0.05,0.008,geometry_derived_engineering_estimate
P2000795,P2000784,0.12749187332651443,0.05,0.01044058021233981,geometry_derived_engineering_estimate
P2000795,P2000798,0.10876665225328118,0.05,0.008283741309630593,geometry_derived_engineering_estimate
P2000795,P2000803,0.1034789490195998,0.05,0.008,geometry_derived_engineering_estimate
P2000796,P2000804,0.06172143299596272,0.05,0.008,geometry_derived_engineering_estimate
P2000797,P2000784,0.20024625856363337,0.05,0.008,geometry_derived_engineering_estimate
P2000797,P2000785,0.17568950780092185,0.05,0.008,geometry_derived_engineering_estimate
P2000797,P2000798,0.1301029238549235,0.05,0.008,geometry_derived_engineering_estimate
P2000797,P2000803,0.13560819909376462,0.05,0.008,geometry_derived_engineering_estimate
P2000798,P2000803,0.03,0.05,0.008,geometry_derived_engineering_estimate
P2000804,P2001071,0.06789495742396087,0.05,0.008,geometry_derived_engineering_estimate
P2000805,P2000340,0.2969557665558355,0.05,0.008961190834295063,geometry_derived_engineering_estimate
P2000805,P2000772,0.23103892096614342,0.05,0.008961190834295063,geometry_derived_engineering_estimate
P2000805,P2000775,0.22412013321880458,0.05,0.008,geometry_derived_engineering_estimate
P2000805,P2000788,0.3211942968472073,0.05,0.008961190834295063,geometry_derived_engineering_estimate
P2000805,P2000797,0.31835634121883577,0.05,0.008,geometry_derived_engineering_estimate
P2000806,P2000820,0.12733751898583312,0.05,0.01279997422332537,geometry_derived_engineering_estimate
P2000806,P2000821,0.07981883751536954,0.05,0.016145691309757272,geometry_derived_engineering_estimate
P2000806,P2000831,0.04290792308292357,0.05,0.010440580207772717,geometry_derived_engineering_estimate
P2000806,P2000834,0.09031086671728633,0.05,0.008283741287340598,geometry_derived_engineering_estimate
P2000806,P2000839,0.08623414927093577,0.05,0.008,geometry_derived_engineering_estimate
P2000807,P2000809,0.07429053521611446,0.05,0.009702320586373792,geometry_derived_engineering_estimate
P2000807,P2000828,0.07812464966674847,0.05,0.008,geometry_derived_engineering_estimate
P2000807,P2000829,0.0833239322963025,0.05,0.008,geometry_derived_engineering_estimate
P2000807,P2000832,0.06373255365605267,0.05,0.008,geometry_derived_engineering_estimate
P2000807,P2001074,0.09663065294072098,0.05,0.008,geometry_derived_engineering_estimate
P2000808,P2000806,0.1570454495890053,0.05,0.05999514081258422,geometry_derived_engineering_estimate
P2000808,P2000831,0.16939860059321463,0.05,0.010440580207772717,geometry_derived_engineering_estimate
P2000808,P2000833,0.13706430224653343,0.05,0.008,geometry_derived_engineering_estimate
P2000808,P2000834,0.11168165127648734,0.05,0.008283741287340598,geometry_derived_engineering_estimate
P2000808,P2000839,0.11333421348613448,0.05,0.008,geometry_derived_engineering_estimate
P2000809,P2000828,0.09739314339464147,0.05,0.008,geometry_derived_engineering_estimate
P2000809,P2000829,0.06586899828136719,0.05,0.008,geometry_derived_engineering_estimate
P2000809,P2000832,0.046325507803867,0.05,0.008,geometry_derived_engineering_estimate
P2000809,P2000840,0.10397594601514876,0.05,0.008,geometry_derived_engineering_estimate
P2000810,P2000822,0.156695445506588,0.05,0.011680312844368669,geometry_derived_engineering_estimate
P2000810,P2000823,0.15078669917442306,0.05,0.011073584881662709,geometry_derived_engineering_estimate
P2000810,P2000824,0.10434728737220668,0.05,0.009836443944127641,geometry_derived_engineering_estimate
P2000810,P2000825,0.09642539504010562,0.05,0.010554189390852625,geometry_derived_engineering_estimate
P2000810,P2000831,0.1913690220103284,0.05,0.010440580207772717,geometry_derived_engineering_estimate
P2000811,P2000280,0.1749755699539657,0.05,0.008,geometry_derived_engineering_estimate
P2000811,P2000823,0.19777755942760555,0.05,0.008,geometry_derived_engineering_estimate
P2000811,P2000824,0.17455357384824755,0.05,0.008,geometry_derived_engineering_estimate
P2000811,P2000825,0.17517965164621757,0.05,0.008,geometry_derived_engineering_estimate
P2000812,P2000209,0.13200637514552344,0.05,0.012305854867454176,geometry_derived_engineering_estimate
P2000812,P2000813,0.10321880039424522,0.05,0.012305854867454176,geometry_derived_engineering_estimate
P2000814,P2000205,0.40715773190702603,0.05,0.008,geometry_derived_engineering_estimate
P2000814,P2000370,0.4239127187659504,0.05,0.01850431743143443,geometry_derived_engineering_estimate
P2000814,P2000372,0.2955585859346777,0.05,0.01850431743143443,geometry_derived_engineering_estimate
P2000814,P2000374,0.3914433095058872,0.05,0.008,geometry_derived_engineering_estimate
P2000814,P2000816,0.4298488141942804,0.05,0.01850431743143443,geometry_derived_engineering_estimate
P2000815,P2000316,0.27315905063370105,0.05,0.013844038393706683,geometry_derived_engineering_estimate
P2000816,P2000820,0.2696118856304972,0.05,0.01279997422332537,geometry_derived_engineering_estimate
P2000816,P2000830,0.08125851055520639,0.05,0.020269285259932386,geometry_derived_engineering_estimate
P2000816,P2000833,0.22555378199684567,0.05,0.008,geometry_derived_engineering_estimate
P2000816,P2000834,0.2879965183401844,0.05,0.008283741287340598,geometry_derived_engineering_estimate
P2000818,P2000742,0.15412332476251217,0.05,0.008,geometry_derived_engineering_estimate
P2000818,P2000754,0.13479029852835125,0.05,0.008,geometry_derived_engineering_estimate
P2000818,P2000819,0.05095629719444195,0.05,0.008,geometry_derived_engineering_estimate
P2000818,P2000826,0.045585855375717764,0.05,0.008,geometry_derived_engineering_estimate
P2000818,P2000827,0.03014793404021011,0.05,0.008,geometry_derived_engineering_estimate
P2000819,P2000742,0.1452994737167079,0.05,0.011716680768131617,geometry_derived_engineering_estimate
P2000819,P2000826,0.058753492268865205,0.05,0.008,geometry_derived_engineering_estimate
P2000819,P2000827,0.06681059978557999,0.05,0.008,geometry_derived_engineering_estimate
P2000819,P2001066,0.15299737624165366,0.05,0.008,geometry_derived_engineering_estimate
P2000820,P2000821,0.10250128640920922,0.05,0.01279997422332537,geometry_derived_engineering_estimate
P2000820,P2000834,0.10244437186581926,0.05,0.008283741287340598,geometry_derived_engineering_estimate
P2000820,P2000839,0.09984685559590777,0.05,0.008,geometry_derived_engineering_estimate
P2000821,P2000831,0.11371421771882688,0.05,0.010440580207772717,geometry_derived_engineering_estimate
P2000821,P2000834,0.08062981364881061,0.05,0.008283741287340598,geometry_derived_engineering_estimate
P2000821,P2000839,0.08018535489575677,0.05,0.008,geometry_derived_engineering_estimate
P2000822,P2000823,0.03,0.05,0.011073584881662709,geometry_derived_engineering_estimate
P2000822,P2000824,0.06627115423751904,0.05,0.009836443944127641,geometry_derived_engineering_estimate
P2000822,P2000825,0.07554534378608786,0.05,0.010554189390852625,geometry_derived_engineering_estimate
P2000823,P2000824,0.05976631121811088,0.05,0.009836443944127641,geometry_derived_engineering_estimate
P2000823,P2000825,0.06901055813336333,0.05,0.010554189390852625,geometry_derived_engineering_estimate
P2000824,P2000825,0.03,0.05,0.009836443944127641,geometry_derived_engineering_estimate
P2000826,P2000827,0.03583292173670926,0.0502331351382932,0.008,geometry_derived_engineering_estimate
P2000828,P2000829,0.04262797028541324,0.05,0.008,geometry_derived_engineering_estimate
P2000828,P2000832,0.05381959130769919,0.05,0.008,geometry_derived_engineering_estimate
P2000828,P2000840,0.050848352066112865,0.05,0.008,geometry_derived_engineering_estimate
P2000828,P2001074,0.03,0.05,0.008,geometry_derived_engineering_estimate
P2000829,P2000832,0.03,0.05,0.008,geometry_derived_engineering_estimate
P2000829,P2000840,0.04580037522348059,0.05,0.008,geometry_derived_engineering_estimate
P2000829,P2001074,0.0672335857683584,0.05,0.008,geometry_derived_engineering_estimate
P2000830,P2000820,0.25269379547385323,0.05,0.01279997422332537,geometry_derived_engineering_estimate
P2000830,P2000821,0.27227220386330625,0.05,0.016145691309757272,geometry_derived_engineering_estimate
P2000830,P2000833,0.2482581239757595,0.05,0.008,geometry_derived_engineering_estimate
P2000831,P2000820,0.12749187360816064,0.05,0.010440580207772717,geometry_derived_engineering_estimate
P2000831,P2000834,0.10876664275702,0.05,0.008283741287340598,geometry_derived_engineering_estimate
P2000831,P2000839,0.10347893795389565,0.05,0.008,geometry_derived_engineering_estimate
P2000832,P2000840,0.06172143299596263,0.05,0.008,geometry_derived_engineering_estimate
P2000833,P2000820,0.20024625529252285,0.05,0.008,geometry_derived_engineering_estimate
P2000833,P2000821,0.17568948334418927,0.05,0.008,geometry_derived_engineering_estimate
P2000833,P2000834,0.13010292299529905,0.05,0.008,geometry_derived_engineering_estimate
P2000833,P2000839,0.13560819909376423,0.05,0.008,geometry_derived_engineering_estimate
P2000834,P2000839,0.03,0.05,0.008,geometry_derived_engineering_estimate
P2000840,P2001074,0.06789495742396198,0.05,0.008,geometry_derived_engineering_estimate
P2000841,P2000351,0.3000722916865494,0.05,0.008961203754798584,geometry_derived_engineering_estimate
P2000841,P2000808,0.23104451629689474,0.05,0.008961203754798584,geometry_derived_engineering_estimate
P2000841,P2000811,0.22412187159595146,0.05,0.008,geometry_derived_engineering_estimate
P2000841,P2000824,0.32119543827531566,0.05,0.008961203754798584,geometry_derived_engineering_estimate
P2000841,P2000833,0.3183551258239376,0.05,0.008,geometry_derived_engineering_estimate
P2000997,P2000283,0.4789868908121983,0.05,0.008,geometry_derived_engineering_estimate
P2000997,P2000284,0.5628659642447119,0.05,0.008,geometry_derived_engineering_estimate
P2001022,P2000455,0.22228335111706332,0.05,0.008,geometry_derived_engineering_estimate
P2001022,P2000456,0.1874633169963551,0.05,0.008,geometry_derived_engineering_estimate
P2001022,P2000460,0.1748232022819295,0.05,0.008,geometry_derived_engineering_estimate
P2001022,P2001123,0.03,0.05,0.008,geometry_derived_engineering_estimate
P2001024,P2000455,0.22238330907935464,0.05,0.008,geometry_derived_engineering_estimate
P2001024,P2000457,0.1460720565733571,0.05,0.008,geometry_derived_engineering_estimate
P2001024,P2000460,0.1732869962644091,0.05,0.008,geometry_derived_engineering_estimate
P2001024,P2001125,0.03,0.05,0.008,geometry_derived_engineering_estimate
P2001036,P2000496,0.1521723291760619,0.05,0.008,geometry_derived_engineering_estimate
P2001036,P2001050,0.10370526424098855,0.05,0.008,geometry_derived_engineering_estimate
P2001041,P2000499,0.15232759426296397,0.05,0.008,geometry_derived_engineering_estimate
P2001041,P2001052,0.10360337612975966,0.05,0.008,geometry_derived_engineering_estimate
P2001045,P2000660,0.13975743391989565,0.05,0.008,geometry_derived_engineering_estimate
P2001045,P2001058,0.14581849865671787,0.05,0.008,geometry_derived_engineering_estimate
P2001049,P2000051,0.31908939407432163,0.05,0.008,geometry_derived_engineering_estimate
P2001049,P2000052,0.36680254120210326,0.05,0.008,geometry_derived_engineering_estimate
P2001049,P2000053,0.27822392039263827,0.05,0.008,geometry_derived_engineering_estimate
P2001049,P2000109,0.35400645858541435,0.05,0.008,geometry_derived_engineering_estimate
P2001051,P2000054,0.320398268753051,0.05,0.008,geometry_derived_engineering_estimate
P2001051,P2000055,0.3677495422082693,0.05,0.008,geometry_derived_engineering_estimate
P2001051,P2000056,0.2792088935844996,0.05,0.008,geometry_derived_engineering_estimate
P2001051,P2000117,0.35668685376344295,0.05,0.008,geometry_derived_engineering_estimate
P2001054,P2000657,0.11489729496264603,0.05,0.008,geometry_derived_engineering_estimate
P2001054,P2001055,0.11423877616920283,0.05,0.008,geometry_derived_engineering_estimate
P2001055,P2000107,0.08568820878575462,0.05,0.008,geometry_derived_engineering_estimate
P2001055,P2000656,0.11382545580446868,0.05,0.008,geometry_derived_engineering_estimate
P2001055,P2001053,0.11528880337282683,0.05,0.008,geometry_derived_engineering_estimate
P2001057,P2001056,0.11430798932212718,0.05,0.008,geometry_derived_engineering_estimate
P2001057,P2001058,0.11420219096107972,0.05,0.008,geometry_derived_engineering_estimate
P2001058,P2000115,0.08587120939496758,0.05,0.008,geometry_derived_engineering_estimate
P2001058,P2000659,0.11418682095213385,0.05,0.008,geometry_derived_engineering_estimate
P2001059,P2000671,0.060862825834675414,0.05,0.008,geometry_derived_engineering_estimate
P2001059,P2000678,0.07804482025380109,0.05,0.008,geometry_derived_engineering_estimate
P2001060,P2000671,0.045894725723104324,0.05,0.008,geometry_derived_engineering_estimate
P2001060,P2000675,0.04969039157668397,0.05,0.008,geometry_derived_engineering_estimate
P2001061,P2001060,0.05075236868914931,0.05,0.008,geometry_derived_engineering_estimate
P2001062,P2000669,0.059947594240579063,0.05,0.008,geometry_derived_engineering_estimate
P2001062,P2000681,0.07718799361469919,0.05,0.008,geometry_derived_engineering_estimate
P2001063,P2000669,0.0458460659107058,0.05,0.008,geometry_derived_engineering_estimate
P2001063,P2000674,0.04969039804072364,0.05,0.008,geometry_derived_engineering_estimate
P2001064,P2001063,0.05075235920842376,0.05,0.008,geometry_derived_engineering_estimate
P2001065,P2001072,0.142461892667045,0.05,0.008,geometry_derived_engineering_estimate
P2001067,P2000696,0.08863410275353115,0.05,0.008,geometry_derived_engineering_estimate
P2001067,P2000709,0.07586129361235779,0.05,0.008,geometry_derived_engineering_estimate
P2001068,P2000704,0.07257400601221588,0.05,0.008,geometry_derived_engineering_estimate
P2001069,P2000735,0.08863403330599327,0.05,0.008,geometry_derived_engineering_estimate
P2001069,P2000748,0.07586123149992523,0.05,0.008,geometry_derived_engineering_estimate
P2001070,P2000743,0.07257395680135646,0.05,0.008,geometry_derived_engineering_estimate
P2001071,P2000796,0.08167263385081085,0.05,0.008,geometry_derived_engineering_estimate
P2001074,P2000832,0.0816726338508137,0.05,0.008,geometry_derived_engineering_estimate
P2001123,P2000460,0.1744047696634161,0.05,0.008,geometry_derived_engineering_estimate
P2001125,P2000455,0.2221118752590723,0.05,0.008,geometry_derived_engineering_estimate
P2001125,P2000457,0.14533476386722655,0.05,0.008,geometry_derived_engineering_estimate
